rank,city_id,native_key,name_fa,province_id,province_name_fa,have_region,census_rank_1395,population_1395,stockN,sampleSize,pricePsmMedian,trust,area_id
1,272905,272905,تهران,242305,تهران,True,1,8693706,4264326,420217,210000000,DIRECT,7a41f5f3-ce2e-ba00-d769-c35cfa000b6b
2,272895,272895,مشهد,242302,خراسان رضوی,True,2,3001184,6737,163116,97315436.24,DIRECT,e3e34856-2bd6-f03c-e964-529fe28b59b0
3,272903,272903,اصفهان,242293,اصفهان,True,3,1961260,1147429,59101,94370860.93,DIRECT,04a8411c-5b22-d1b9-b96c-2fb33499b37c
4,273014,273014,کرج,242307,البرز,True,4,1592492,453833,82795,95531914.89,DIRECT,0f2fbda8-4bd3-4335-eb9e-38e22a6dc0e6
5,272896,272896,شیراز,242297,فارس,True,5,1565572,872326,71832,116959742.35,DIRECT,a33be6e4-40fa-0727-156e-b06ca80064a3
6,242459,242459,تبریز,242308,آذربایجان شرقی,True,6,1558693,965322,54177,101980198.02,DIRECT,cccd6838-7604-187b-6561-9f27fdf860e2
7,242483,242483,قم,242306,قم,True,7,1201955,32901,132,81556372.55,DIRECT,baa44f3d-aa8e-0102-a0a4-965748ea5239
8,242398,242398,اهواز,242311,خوزستان,True,8,1184788,341499,342,80000000,DIRECT,d3ffe182-7c2b-581a-c600-946b47adc286
9,242666,242666,کرمانشاه,242287,کرمانشاه,True,9,946651,,,,SUPPRESSED,6990c493-f029-c4b6-7f53-34f64e58c839
10,242382,242382,ارومیه,242296,آذربایجان غربی,False,10,736224,,,,SUPPRESSED,6e0bc745-38e7-a396-2ac0-c47e0c862685
11,242556,242556,رشت,242290,گیلان,True,11,679995,412186,37771,74666666.67,DIRECT,ff6545c1-f01f-f721-2072-aafd24b8cdf9
12,242574,242574,زاهدان,242304,سیستان و بلوچستان,True,12,587730,,,,SUPPRESSED,4bcdbd80-0237-1d6a-5318-767de5915907
13,242740,242740,همدان,242288,همدان,True,13,554406,39091,215,100000000,DIRECT,9760d938-eef6-f688-604a-1ead9e599fc1
14,242665,242665,کرمان,242282,کرمان,False,14,537718,11302,265,78260869.57,DIRECT,b705ed9e-8648-97d2-40fc-eb18b3303ab4
15,242746,242746,یزد,242309,یزد,True,15,529673,3734,212,70532212.89,DIRECT,ce38b0b6-d44a-56e0-ab13-2319c9a44d09
16,242361,242361,اردبیل,242299,اردبیل,False,16,529374,,,,SUPPRESSED,1a914d65-66d0-6ef3-ab04-5250b1728c49
17,272999,272999,بندرعباس,,,,17,526648,,,,SUPPRESSED,4afa0807-cd11-8fde-9b6b-a5d3d6942481
18,242360,242360,اراک,242285,مرکزی,True,18,520944,24270,42,60811930.41,DIRECT,e080d852-e7ad-817c-51f1-eef586dee30a
19,242368,242368,اسلامشهر,242305,تهران,True,19,448129,,,,SUPPRESSED,d1b76ef8-1d51-6337-149c-dbc790369c1a
20,242566,242566,زنجان,242291,زنجان,True,20,430871,,,,SUPPRESSED,46a81576-42c8-2dc2-f5ea-2afb403a9a74
21,242477,242477,قزوین,242289,قزوین,True,,,45262,305,106666666.67,DIRECT,9afdf8de-de8f-28ec-84bb-8cae5002a73f
22,242580,242580,ساری,242300,مازندران‎,True,,,23834,1656,68480189.24,DIRECT,09497ec5-edbf-5336-5008-a6e09abb9513
23,242374,242374,آمل,242300,مازندران‎,True,,,15887,2495,67142857.14,DIRECT,35b87166-6cd5-6058-2f79-2a98c16ebc86
24,242404,242404,بابلسر,242300,مازندران‎,True,,,4928,1299,77894736.84,DIRECT,002ad10b-70a5-e709-a341-8ef9996a790b
25,242727,242727,نور,242300,مازندران‎,True,,,3719,530,35773809.52,DIRECT,ccd049a9-bcc4-2944-eb64-9149a515e7ae
26,272932,272932,پردیس,242305,تهران,True,,,2544,791,73333333.33,DIRECT,27ad5f99-1cf7-dd62-f34f-6e7b860ca682
27,242542,242542,رامسر,242300,مازندران‎,True,,,2235,331,108433734.94,DIRECT,562943f4-64e9-d4f4-18c3-559bb4e6a28e
28,272956,272956,چمستان,242300,مازندران‎,True,,,126,944,29019138.76,DIRECT,9e734d17-dd94-0263-e286-327263ce5cf5
29,242646,242646,فردیس,242307,البرز,True,,,,,,SUPPRESSED,63327528-d25b-a590-0813-ccb213843561
30,242713,242713,پاکدشت,242305,تهران,True,,,,,,SUPPRESSED,d1954e4a-3c38-1265-4a60-c91b782c0830
31,272947,272947,اندیشه,242305,تهران,True,,,,,,SUPPRESSED,ea9a06f6-f592-5fbd-d5a8-15717051f497
32,242767,242767,گرگان,242301,گلستان,False,,,,,,SUPPRESSED,894f7bd5-5b37-8f4c-acf4-dd24e68f6ca3
33,242609,242609,شهریار,242305,تهران,True,,,,,,SUPPRESSED,c061af98-baa6-ca11-950c-e55fcf255226
34,242403,242403,بابل,242300,مازندران‎,True,,,,,,SUPPRESSED,74fb03b8-ad59-6d72-c1c1-94e78ba31728
35,242509,242509,لاهیجان,242290,گیلان,True,,,,,,SUPPRESSED,96243e9b-9966-0ebd-c2c5-58471c9b0ad1
36,242469,242469,قائم شهر,242300,مازندران‎,True,,,,,,SUPPRESSED,6e1b57be-9c71-52e6-e7da-5cd2f72baba0
37,242695,242695,ملارد,242305,تهران,True,,,,,,SUPPRESSED,7eac1aec-bc00-0393-8e51-c380b0672e6b
38,242437,242437,بندر انزلی,242290,گیلان,True,,,,,,SUPPRESSED,ebdf2850-4064-d68b-b39d-eac62bbf6f1a
39,242600,242600,سمنان,242292,سمنان,True,,,,,,SUPPRESSED,7951069c-7486-8185-4b55-e2b6d7b39cdd
40,242448,242448,بوشهر,242298,بوشهر,True,,,,,,SUPPRESSED,5c987c40-1f39-392e-f517-c5e40132c262
41,242354,242354,آبادان,242311,خوزستان,False,,,,,,SUPPRESSED,2145f2fe-31c7-cc1a-7ca1-2eafe5f4832c
42,242603,242603,سنندج,242295,کردستان,False,,,,,,SUPPRESSED,5146b14d-661f-4753-60ba-2495368f1e7f
43,242696,242696,ملایر,242288,همدان,False,,,,,,SUPPRESSED,01cbda00-4ab7-062d-f1ca-b452e0643f9e
44,242550,242550,رباط کریم,242305,تهران,True,,,,,,SUPPRESSED,1b7b5a5a-4ac9-992b-83b4-7d5e8609f010
45,242689,242689,لنگرود,242290,گیلان,True,,,,,,SUPPRESSED,68ef9fc8-8e21-3d17-c1c1-f3f120467f85
46,242418,242418,بجنورد,242281,خراسان شمالی,False,,,,,,SUPPRESSED,d2cc6a24-9362-10a2-865e-fdf39011d81a
47,242584,242584,ساوه,242285,مرکزی,True,,,,,,SUPPRESSED,91b55a64-5965-7969-abae-e2812d00bed0
48,242772,242772,گنبد کاووس,242301,گلستان,False,,,,,,SUPPRESSED,2af82df5-6821-644a-c183-0110f46d84fb
49,242447,242447,تنکابن,242300,مازندران‎,True,,,,,,SUPPRESSED,15957f22-f92a-9f92-8db0-9d9ec45b83c8
50,242387,242387,اسکو,242308,آذربایجان شرقی,False,,,,,,SUPPRESSED,9b1963f4-ed70-447d-e0d3-edbec609b86c
51,242441,242441,بهشهر,242300,مازندران‎,False,,,,,,SUPPRESSED,d7dcac28-cf84-e0c5-b4e4-9af498112c3b
52,242694,242694,مراغه,242308,آذربایجان شرقی,False,,,,,,SUPPRESSED,ce6ab62c-0528-84ac-9fd9-084768f8c803
53,242472,242472,قدس,242305,تهران,True,,,,,,SUPPRESSED,bf084393-d532-0d3f-f3c5-222713890f66
54,242402,242402,ایلام,242283,ایلام,False,,,,,,SUPPRESSED,7394b16b-c40b-726e-c4a8-a1bf3e5e7684
55,242573,242573,ری,242305,تهران,False,,,,,,SUPPRESSED,466584da-403e-9f20-a178-0656fc409be4
56,242633,242633,صومعه سرا,,,,,,,,,SUPPRESSED,66ed7e25-fcf0-1192-5a9e-0f85928694aa
57,242356,242356,آبیک,242289,قزوین,False,,,,,,SUPPRESSED,2e4d2407-4720-6e33-33e9-27dffe7f043a
58,242352,242352,سقز,242295,کردستان,False,,,,,,SUPPRESSED,801f2fbe-17d4-5dec-8009-d91855b7e129
59,242369,242369,آستارا,242290,گیلان,True,,,,,,SUPPRESSED,312be5f2-cdf7-bcf1-bcc4-ce84bb7c8d73
60,242744,242744,ورامین,242305,تهران,True,,,,,,SUPPRESSED,3f1e2e06-cac2-7049-430f-378df5d21f58
61,242520,242520,دزفول,242311,خوزستان,False,,,,,,SUPPRESSED,819bef99-0e4a-594a-2ebf-b7a648984e36
62,242732,242732,نیشابور,242302,خراسان رضوی,False,,,,,,SUPPRESSED,3e21fc08-87a5-c697-cdb5-a68e673af26d
63,242728,242728,نوشهر,242300,مازندران‎,True,,,,,,SUPPRESSED,1f404a14-7b72-0a1e-2ed4-1eacfc00d6e4
64,242562,242562,رودسر,242290,گیلان,True,,,,,,SUPPRESSED,5b76a404-0f6d-fe5c-a9bd-5b8dc560ed14
65,242628,242628,شهرکرد,242286,چهارمحال و بختیاری,False,,,,,,SUPPRESSED,a6e3b3e1-a815-ccbf-d46b-7fe4717d65c9
66,242517,242517,دامغان,242292,سمنان,False,,,,,,SUPPRESSED,5e7ed2c2-12a8-1c56-c00b-87bf17d5e0ee
67,242380,242380,ابهر,242291,زنجان,False,,,,,,SUPPRESSED,33bdcdd7-1313-348f-80e3-7d01f28db310
68,242751,242751,چالوس,242300,مازندران‎,True,,,,,,SUPPRESSED,c52fb0f6-9386-b118-6753-8a27a4cb1872
69,242453,242453,بیرجند,242303,خراسان جنوبی,False,,,,,,SUPPRESSED,36552aed-3fb6-8c1b-806a-ca465ddc5fc9
70,242370,242370,آستانه اشرفیه,,,,,,,,,SUPPRESSED,43e2142b-3166-829e-3cfb-e57f0df70d9f
71,242664,242664,کردکوی,242301,گلستان,False,,,,,,SUPPRESSED,23ceac36-7c07-beba-41d7-6c942e2c15a0
72,273006,273006,بومهن,242305,تهران,True,,,,,,SUPPRESSED,0fa99337-d065-2385-3526-4d207f044d8b
73,242764,242764,گرمسار,242292,سمنان,False,,,,,,SUPPRESSED,d939a2aa-3f37-155b-2ff1-4fe16fbfa79f
74,242661,242661,کازرون,242297,فارس,False,,,,,,SUPPRESSED,f5e7c517-d190-3d2d-57eb-4c130edb5e6c
75,272898,272898,رودهن,242305,تهران,True,,,,,,SUPPRESSED,983203e6-6808-0d04-0639-8469801d5d2e
76,242492,242492,خرم آباد,242284,لرستان‎,False,,,,,,SUPPRESSED,efe0707a-3790-b631-c550-2eddf5021479
77,242719,242719,نکا,242300,مازندران‎,False,,,,,,SUPPRESSED,5ad61cd0-7fbd-1cd9-6f68-9325ecc1cfa8
78,242618,242618,شاهرود,242292,سمنان,False,,,,,,SUPPRESSED,b366733d-a334-bca2-4593-bc2553de8a58
79,242653,242653,فومن,242290,گیلان,True,,,,,,SUPPRESSED,55cf2da7-17d3-ecae-305e-9af5ecd86cd0
80,242514,242514,خوی,242296,آذربایجان غربی,False,,,,,,SUPPRESSED,8c738765-c2e2-791a-3048-00db04275c34
81,242527,242527,دماوند,242305,تهران,True,,,,,,SUPPRESSED,8dd40ec8-3765-50a3-a675-16a1200ed42c
82,242488,242488,جم,242298,بوشهر,False,,,,,,SUPPRESSED,3a6967d1-49ee-7c77-7b99-abc7920c89f0
83,242769,242769,گلپایگان,242293,اصفهان,False,,,,,,SUPPRESSED,cefb92e0-ede9-98e3-cf8d-db2d86902bb7
84,242625,242625,شمیرانات,242305,تهران,True,,,,,,SUPPRESSED,f509dcae-a8c5-efd2-fd30-c5424439f2cf
85,242476,242476,قرچک,242305,تهران,False,,,,,,SUPPRESSED,24dab9e8-565b-92c2-5db6-ea6c767790f9
86,242471,242471,تویسرکان,242288,همدان,False,,,,,,SUPPRESSED,de37ca4b-07f4-49fd-a6ed-cbb07e8289b2
87,242712,242712,میانه,242308,آذربایجان شرقی,False,,,,,,SUPPRESSED,cba716f6-b372-e838-862b-3513c9fb05b0
88,242725,242725,نهاوند,242288,همدان,False,,,,,,SUPPRESSED,ee655c05-a047-f9bf-051d-6b7c71325e99
89,242606,242606,سیاهکل,242290,گیلان,True,,,,,,SUPPRESSED,6c4f1a0a-dba3-d8fe-b852-9c23e715abd9
90,242502,242502,خمینی شهر,,,,,,,,,SUPPRESSED,46dc7a9f-7642-f955-1dff-29803583dd7d
91,242634,242634,علی آباد,242301,گلستان,True,,,,,,SUPPRESSED,e256d122-9705-2fe7-b7cf-c74281e691c4
92,242662,242662,کاشان,242293,اصفهان,False,,,,,,SUPPRESSED,587975e8-6080-f581-c909-607951250adc
93,242530,242530,ماسال,242290,گیلان,True,,,,,,SUPPRESSED,b50b4f6d-8baa-5a35-5fed-434fe7d209db
94,242705,242705,مهدی شهر,242292,سمنان,False,,,,,,SUPPRESSED,b762cdce-5b72-3ef4-3689-8c980b36110c
95,242621,242621,شبستر,242308,آذربایجان شرقی,False,,,,,,SUPPRESSED,96fedd65-2152-4fa7-265d-566b4d020152
96,242710,242710,میاندوآب,242308,آذربایجان شرقی,False,,,,,,SUPPRESSED,164cdd57-d12b-c939-3922-d151f6910f2f
97,242343,242343,شیروان,242281,خراسان شمالی,False,,,,,,SUPPRESSED,f998264d-a8b1-dc19-a0ad-3a2797630bb1
98,242730,242730,پیشوا,242305,تهران,True,,,,,,SUPPRESSED,8870c453-40b0-e1b1-8e79-366ce3a0ff80
99,242355,242355,آباده,242297,فارس,False,,,,,,SUPPRESSED,ce71d2b0-8327-66b3-0a34-4a50d5fa602e
100,242679,242679,مرودشت,242297,فارس,False,,,,,,SUPPRESSED,9228b9c2-1650-d72c-1215-15492a53351f
101,242443,242443,بوئین زهرا,,,,,,,,,SUPPRESSED,6d0ad131-6bec-f6fa-03bc-fae09b299df2
102,242433,242433,تفرش,242285,مرکزی,False,,,,,,SUPPRESSED,b58448f2-e3b9-f86a-3023-4ea9df2a527d
103,242383,242383,اشتهارد,242307,البرز,False,,,,,,SUPPRESSED,482af2bf-ad8b-c3a4-4604-1c1c3f54034d
104,242390,242390,الیگودرز,242284,لرستان‎,False,,,,,,SUPPRESSED,6e50b8db-9964-8ff0-b7d9-ab9117f609a9
105,242658,242658,فیروزکوه,242305,تهران,True,,,,,,SUPPRESSED,37bd7a35-1bcb-8485-48d6-624ac5c2992e
106,242389,242389,البرز,242289,قزوین,False,,,,,,SUPPRESSED,74519fa6-077b-67d5-792d-b22033940dd1
107,242692,242692,محلات,242285,مرکزی,False,,,,,,SUPPRESSED,4b34592b-17e5-2bf7-3058-673561553361
108,242678,242678,مرند,242308,آذربایجان شرقی,False,,,,,,SUPPRESSED,4caa3689-ad7f-cb09-a007-9f62109c3b80
109,242704,242704,مهاباد,242296,آذربایجان غربی,False,,,,,,SUPPRESSED,febe7681-41d5-8118-cff9-abd6b8c27c80
110,242367,242367,آزادشهر,242301,گلستان,False,,,,,,SUPPRESSED,a308f774-aee0-bb21-5b01-7bc25122a80d
111,242353,242353,بانه,242295,کردستان,False,,,,,,SUPPRESSED,c395ebf3-4ebf-afbe-757c-7731e0b25cd9
112,242558,242558,رضوانشهر,242290,گیلان,True,,,,,,SUPPRESSED,cd61224d-79df-5ffa-64e7-51b1de06874e
113,242501,242501,خمین,242285,مرکزی,True,,,,,,SUPPRESSED,39701c2f-acc1-ef2c-dced-966d8abe8101
114,242747,242747,پارس آباد,242299,اردبیل,False,,,,,,SUPPRESSED,581cee6e-05c6-76c2-347e-e9c0c573be6e
115,242426,242426,بروجن,242286,چهارمحال و بختیاری,False,,,,,,SUPPRESSED,9c5afbdc-b1cf-544d-e2cb-1caa62fa74e1
116,242649,242649,فریدونکنار,242300,مازندران‎,True,,,,,,SUPPRESSED,82f915d8-75e4-5593-9ebc-d1047466b0eb
117,242731,242731,نیر,242299,اردبیل,False,,,,,,SUPPRESSED,f12450fd-1440-91a0-5e05-35274441658d
118,242423,242423,بهبهان,242311,خوزستان,False,,,,,,SUPPRESSED,1dc059bc-1dda-5a1d-e457-7b2a85d0e90e
119,242498,242498,خرمشهر,242311,خوزستان,False,,,,,,SUPPRESSED,3f130eb1-e3d7-5526-1713-f0a4b8fa5d5b
120,242435,242435,بناب,242308,آذربایجان شرقی,False,,,,,,SUPPRESSED,befb53d4-3cee-4ee4-042b-cf39ca5b5ddc
121,242608,242608,سیرجان,242282,کرمان,False,,,,,,SUPPRESSED,626b759a-b9cf-ef1c-b0e4-0b78894cb54f
122,242449,242449,بوکان,242296,آذربایجان غربی,False,,,,,,SUPPRESSED,c368577b-6774-9016-7bce-10fb3c910817
123,242525,242525,دلیجان,242285,مرکزی,False,,,,,,SUPPRESSED,9314388e-9f51-7942-0f7a-ae64786b6830
124,242599,242599,سلماس,242296,آذربایجان غربی,False,,,,,,SUPPRESSED,b08790df-d535-5c43-9e6b-1f8f74ecb5f1
125,242397,242397,اهر,242308,آذربایجان شرقی,False,,,,,,SUPPRESSED,de6230dc-16e4-cc48-193b-6874cfaa6989
126,242629,242629,شهمیرزاد,242292,سمنان,False,,,,,,SUPPRESSED,6a740429-63fb-8dfd-0f21-fb21d57f96b2
127,242687,242687,لامرد,242297,فارس,False,,,,,,SUPPRESSED,b7f6b641-bb25-8be1-5b84-34e8a52c50dc
128,242379,242379,اندیمشک,242311,خوزستان,False,,,,,,SUPPRESSED,6ac904a6-bd39-7e7a-7982-edca95a524a1
129,242591,242591,سرعین,242299,اردبیل,False,,,,,,SUPPRESSED,0cede60e-d444-e63e-a482-d9c6872ee2b6
130,242451,242451,بیجار,242295,کردستان,False,,,,,,SUPPRESSED,09692050-acbe-94d0-e6ec-77a5e145f692
131,242638,242638,عجب شیر,,,,,,,,,SUPPRESSED,51449b35-c349-2191-64a0-3c800efd1dfc
132,242473,242473,قروه,242295,کردستان,False,,,,,,SUPPRESSED,326f0f32-a8a7-402a-110f-b80d79b7e5c0
133,242440,242440,بهار,242288,همدان,False,,,,,,SUPPRESSED,9f3f7352-c2bf-aecd-a431-9e1c7e324293
134,242452,242452,جویبار,242300,مازندران‎,True,,,,,,SUPPRESSED,ab559329-0a4b-7892-e396-5f669395d27c
135,242457,242457,تاکستان,242289,قزوین,True,,,,,,SUPPRESSED,d38aaf04-5a82-cc02-1273-6dd4cf4e1358
136,242768,242768,گلوگاه,242300,مازندران‎,False,,,,,,SUPPRESSED,b318f9fe-090e-ad0a-1212-8595bb22b702
137,242499,242499,خلخال,242299,اردبیل,False,,,,,,SUPPRESSED,9241b7c1-56e7-6d24-bf1a-399b9b87eaec
138,242384,242384,ازنا,242284,لرستان‎,False,,,,,,SUPPRESSED,de236328-a052-b9db-31e0-790e972a29fc
139,242752,242752,چابهار,242304,سیستان و بلوچستان,False,,,,,,SUPPRESSED,745ad0a1-2b33-78a8-9853-282bbbc43676
140,242395,242395,امیدیه,242311,خوزستان,False,,,,,,SUPPRESSED,8d8b81fa-6f6b-7efd-ae30-3e5f248f7a23
141,242545,242545,دورود,242284,لرستان‎,False,,,,,,SUPPRESSED,21b6307a-bafc-ef78-882d-0e9640dc289e
142,242508,242508,خوانسار,242293,اصفهان,False,,,,,,SUPPRESSED,5e11ec2c-69e0-7c8f-5d02-26a4cdee17f4
143,242497,242497,خرمدره,242291,زنجان,False,,,,,,SUPPRESSED,5df9c22b-ef07-c1e4-157a-935f4c12dab1
144,242589,242589,سرخه,242292,سمنان,False,,,,,,SUPPRESSED,047c3d66-96af-e888-e96c-738fe371c18f
145,242757,242757,زرقان,242297,فارس,False,,,,,,SUPPRESSED,38a20d77-208b-4f42-c75c-a89a5f0d5ba0
146,242613,242613,نقده,242296,آذربایجان غربی,False,,,,,,SUPPRESSED,1ecf28d7-f62d-d5d7-ec62-f93a8a6208d6
147,242729,242729,نی ریز,242297,فارس,False,,,,,,SUPPRESSED,68d9c212-05da-abe4-ed5f-aa97f12d63f6
148,242358,242358,آذرشهر,242308,آذربایجان شرقی,False,,,,,,SUPPRESSED,ff05b071-af59-e3b4-ed40-c54c62c21d0e
149,242344,242344,اسفراین,242281,خراسان شمالی,False,,,,,,SUPPRESSED,690a2523-9f8a-e795-adaa-6c3839370700
150,242669,242669,کلاله,242301,گلستان,False,,,,,,SUPPRESSED,92087333-b7ed-8765-230a-4d292b66126c
151,242478,242478,قشم,242310,هرمزگان,False,,,,,,SUPPRESSED,6b35a0cf-e55f-e85d-bba8-4533680366bc
152,242554,242554,مینودشت,242301,گلستان,False,,,,,,SUPPRESSED,07af405d-59d8-5ae8-5a2b-1504fa9ff4ba
153,242586,242586,سراب,242308,آذربایجان شرقی,False,,,,,,SUPPRESSED,8c2b9f3a-892c-c62e-5660-4353e2a7dc77
154,242388,242388,اسلام آباد غرب,,,,,,,,,SUPPRESSED,5e03ca92-0aa5-13ea-b189-499f02c3135c
155,242720,242720,نمین,242299,اردبیل,False,,,,,,SUPPRESSED,5172d88d-388a-5aec-dd64-0bacb89ee57a
156,242540,242540,مشگین شهر,242299,اردبیل,False,,,,,,SUPPRESSED,4681e0ab-e805-4673-1afb-a30bbaed6940
157,242487,242487,جلفا,242308,آذربایجان شرقی,False,,,,,,SUPPRESSED,d2692f76-b681-00d9-7812-65142c555fc2
158,242458,242458,جیرفت,242282,کرمان,False,,,,,,SUPPRESSED,f54b8800-dcac-6460-b337-0c1d4c812851
159,242637,242637,عباس آباد,242300,مازندران‎,True,,,,,,SUPPRESSED,b3391a81-6608-603b-679b-23d6ba730982
160,242394,242394,املش,242290,گیلان,False,,,,,,SUPPRESSED,7adc84b8-2168-1435-8188-145e55887a79
161,242381,242381,ارسنجان,242297,فارس,False,,,,,,SUPPRESSED,8de4fc0d-245d-21a5-f51c-1de78e63b559
162,242581,242581,نطنز,242293,اصفهان,False,,,,,,SUPPRESSED,3436cc29-d64e-79c0-001e-e1bdad4d87ba
163,242363,242363,اردکان,242309,یزد,False,,,,,,SUPPRESSED,ffa78d21-8fc4-cf90-73c5-18706f6496a3
164,242373,242373,آق قلا,242301,گلستان,False,,,,,,SUPPRESSED,63fb5edf-dcc0-a7ce-b506-89cec64036cb
165,242787,242787,زابل,242304,سیستان و بلوچستان,False,,,,,,SUPPRESSED,3840394e-338c-f1b8-fd92-c8e44d4408ac
166,242627,242627,شهرضا,242293,اصفهان,False,,,,,,SUPPRESSED,c985824e-2a9c-70b3-7ed8-83e2b4290ebd
167,242766,242766,گرمی,242299,اردبیل,False,,,,,,SUPPRESSED,e6c46d35-04f9-9e7a-dece-02bbcbc7200b
168,242643,242643,فراشبند,242297,فارس,False,,,,,,SUPPRESSED,1b39b062-f73e-3fc0-82f0-79b2b712c5b0
169,242544,242544,رامهرمز,242311,خوزستان,False,,,,,,SUPPRESSED,203a0d3a-b9f1-0c7f-9b05-a068703e950a
170,242420,242420,برخوار,242293,اصفهان,False,,,,,,SUPPRESSED,5b67b986-df15-24f6-a930-2aafa5a8a69b
171,242555,242555,نائین,242293,اصفهان,False,,,,,,SUPPRESSED,ae143992-06eb-9717-66dd-e62a72b6f0f7
172,242547,242547,رامیان,242301,گلستان,False,,,,,,SUPPRESSED,b6b64a12-1c73-2750-6ec1-299ec91f64ff
173,242531,242531,ماکو,242296,آذربایجان غربی,False,,,,,,SUPPRESSED,77c3c0f4-3369-92d0-7d9e-07bd7e7e1208
174,242717,242717,میناب,242310,هرمزگان,False,,,,,,SUPPRESSED,38bdec12-9bd7-9c8b-19b4-2bf1db1fff93
175,242652,242652,فلاورجان,242293,اصفهان,False,,,,,,SUPPRESSED,d4f9f748-4dd6-4ec8-74aa-1a4d08331bdd
176,273002,273002,پرند,242305,تهران,True,,,,,,SUPPRESSED,002393ea-ae2b-0ea8-578f-190fac318f3f
177,242559,242559,رفسنجان,242282,کرمان,False,,,,,,SUPPRESSED,c3b35444-3e17-1f84-34c4-b77ca1c7bbc5
178,242401,242401,ایرانشهر,242304,سیستان و بلوچستان,False,,,,,,SUPPRESSED,b7d4e14f-fe81-5307-c81e-cd58ca071af6
179,242651,242651,فسا,242297,فارس,False,,,,,,SUPPRESSED,989ee2dc-0f31-1af3-5ef7-116ba5a5ff15
180,242400,242400,ایذه,242311,خوزستان,False,,,,,,SUPPRESSED,85d57b91-7134-9417-ff43-3c9cacbef1ca
181,242622,242622,شفت,242290,گیلان,False,,,,,,SUPPRESSED,6c6fcb9c-6c79-b980-6924-5bc3968ea54b
182,242414,242414,بستان آباد,242308,آذربایجان شرقی,False,,,,,,SUPPRESSED,1e34967d-d9f0-2bb2-d667-6a149b966c74
183,242691,242691,مبارکه,242293,اصفهان,False,,,,,,SUPPRESSED,79052a9c-5276-3a56-fe15-b0a33a9f5bc4
184,242758,242758,صالح آباد,,,,,,,,,SUPPRESSED,9a79c562-262b-cadf-e0c7-3c89c9df42b1
185,242617,242617,شازند,242285,مرکزی,False,,,,,,SUPPRESSED,f1c6d6e0-0986-c908-82b2-2e2e0a66e1fe
186,242699,242699,پارسیان,242310,هرمزگان,False,,,,,,SUPPRESSED,f4eab641-7fae-4af0-e6a4-ce516dd5e45f
187,242741,242741,هندیجان,242311,خوزستان,False,,,,,,SUPPRESSED,b447bd5f-73ea-ede6-063b-afb0cf9608a1
188,242445,242445,تکاب,242296,آذربایجان غربی,False,,,,,,SUPPRESSED,697c53a6-3870-0f53-6b5c-3207ebfc0e6c
189,242470,242470,قائن,242303,خراسان جنوبی,False,,,,,,SUPPRESSED,460ba7c5-c6e7-4470-a000-7e71e0d18767
190,242538,242538,مسجد سلیمان,242311,خوزستان,False,,,,,,SUPPRESSED,a568c3c6-5e35-66d7-26f6-eeecaef95c38
191,242515,242515,داراب,242297,فارس,False,,,,,,SUPPRESSED,b02d3bb7-9822-f33e-62b6-68767c1b3dbd
192,242630,242630,شوش,242311,خوزستان,False,,,,,,SUPPRESSED,da9879a6-fdff-3756-7cf1-9c484b745151
193,242461,242461,حاجی آباد,242310,هرمزگان,False,,,,,,SUPPRESSED,065515f2-9683-49af-1172-717cc161e1ac
194,242537,242537,مریوان,242295,کردستان,False,,,,,,SUPPRESSED,a9406960-a1ee-d48d-570d-54f82e9ee3be
195,242396,242396,اقلید,242297,فارس,False,,,,,,SUPPRESSED,c0388b87-a642-fab1-883b-9d7bb41a2bf0
196,242715,242715,میبد,242309,یزد,False,,,,,,SUPPRESSED,b973103c-b1f9-add4-9320-b920479f35ca
197,242724,242724,پیرانشهر,242296,آذربایجان غربی,False,,,,,,SUPPRESSED,1a11dd1b-ec4a-c504-dba9-e582b8e903bf
198,242602,242602,سنقر,242287,کرمانشاه,False,,,,,,SUPPRESSED,dc161866-70b0-6b68-5de6-58a977f2caa4
199,242673,242673,کنگاور,242287,کرمانشاه,False,,,,,,SUPPRESSED,70c67d24-20ad-0dfc-0d4b-c287044635ab
200,242760,242760,گالیکش,242301,گلستان,False,,,,,,SUPPRESSED,1755684a-9edb-8161-c763-326f5e6560f5
201,242371,242371,آشتیان,242285,مرکزی,False,,,,,,SUPPRESSED,53e88584-6f19-22b1-bb66-bc3071859c8f
202,242641,242641,فارسان,242286,چهارمحال و بختیاری,False,,,,,,SUPPRESSED,d36647b6-7339-00ac-c91a-17ae86b6eb64
203,242585,242585,سبزوار,242302,خراسان رضوی,False,,,,,,SUPPRESSED,ed20aaff-e17f-512d-9d86-9504ca8a10e7
204,242676,242676,کوار,242297,فارس,False,,,,,,SUPPRESSED,e71fbdec-14a9-197c-533a-edbc4feee514
205,242631,242631,شوشتر,242311,خوزستان,False,,,,,,SUPPRESSED,685b03aa-7283-6c11-7fb4-8284713cc539
206,242736,242736,هرسین,242287,کرمانشاه,False,,,,,,SUPPRESSED,b1d4d321-3343-da29-f2be-533639903739
207,242668,242668,کلاردشت,242300,مازندران‎,True,,,,,,SUPPRESSED,c7090ab8-febb-c775-4d46-8c58473a4f26
208,242534,242534,دیواندره,242295,کردستان,False,,,,,,SUPPRESSED,236c5a9d-02cd-7db4-1cb6-4b86dc11d31a
209,242385,242385,استهبان,242297,فارس,False,,,,,,SUPPRESSED,1ea7ea75-ac8e-39fd-33fa-8b8dc2f83960
210,242623,242623,طالقان,242307,البرز,False,,,,,,SUPPRESSED,d6e7f548-764a-8d82-54f8-7d96eb3d8709
211,242357,242357,آرادان,242292,سمنان,False,,,,,,SUPPRESSED,daeaf6f2-8bf5-6258-d139-c9b78adf802e
212,242775,242775,اوز,242297,فارس,False,,,,,,SUPPRESSED,1c6b54c1-1f1d-9f37-35ee-39c8d6a6c846
213,242596,242596,سرپل ذهاب,242287,کرمانشاه,False,,,,,,SUPPRESSED,900f2e9c-9dd4-e409-4322-a919665e4f79
214,242620,242620,شاهین دژ,,,,,,,,,SUPPRESSED,5bef9873-57f1-785d-62e4-32ed91b43f7d
215,242706,242706,مهر,242297,فارس,False,,,,,,SUPPRESSED,70c1c825-3cf4-8db1-210c-ea265c00e3e1
216,272937,272937,کیش,242310,هرمزگان,True,,,,,,SUPPRESSED,d2212f08-641f-1f69-7c6a-93766af56075
217,242430,242430,بم,242282,کرمان,False,,,,,,SUPPRESSED,c8eaa2b3-07fc-d62e-d42f-aaa4d8a74b21
218,242616,242616,شادگان,242311,خوزستان,False,,,,,,SUPPRESSED,907ce5d2-f708-a6ec-45dc-b404d9d0ae06
219,242493,242493,کامیاران,242295,کردستان,False,,,,,,SUPPRESSED,7c56b9af-91a0-22b3-2b5a-aecc93758ee2
220,242595,242595,سروستان,242297,فارس,False,,,,,,SUPPRESSED,e91da261-ee30-5f09-f8e4-e7a53300ec08
221,242570,242570,سراوان,242304,سیستان و بلوچستان,False,,,,,,SUPPRESSED,45c80c1c-57f1-0b62-379b-58611cb0eab8
222,242714,242714,پاوه,242287,کرمانشاه,False,,,,,,SUPPRESSED,b86229e6-7715-261d-b203-56d48807c75f
223,242590,242590,سردشت,242296,آذربایجان غربی,False,,,,,,SUPPRESSED,7e134eca-2a6d-e701-8be5-9a109f1c3318
224,242682,242682,کوهدشت,242284,لرستان‎,False,,,,,,SUPPRESSED,67e6fc10-a608-56b6-0d88-71aaaa46b356
225,242454,242454,بیله سوار,242299,اردبیل,False,,,,,,SUPPRESSED,0238f5b7-4323-3afc-294a-d2fa090c3f5a
226,242464,242464,خاش,242304,سیستان و بلوچستان,False,,,,,,SUPPRESSED,1913f849-0d48-0c36-c1f9-690b569bfdf0
227,242762,242762,گراش,242297,فارس,False,,,,,,SUPPRESSED,f85500c6-26f5-3342-224c-e61f249d6f76
228,242582,242582,سامان,242286,چهارمحال و بختیاری,False,,,,,,SUPPRESSED,7a65a63b-588d-233f-d0c6-2f8ca41495c8
229,242726,242726,نهبندان,242303,خراسان جنوبی,False,,,,,,SUPPRESSED,1d9a75dc-efcb-0635-77e6-a770d4d72552
230,242407,242407,فامنین,242288,همدان,False,,,,,,SUPPRESSED,f16416f0-3beb-a7ff-6f6e-ec3fce266bd4
231,242409,242409,باغ ملک,242311,خوزستان,False,,,,,,SUPPRESSED,062dacd4-b28f-f539-a16e-ac55ae298fd7
232,242577,242577,زرند,242282,کرمان,False,,,,,,SUPPRESSED,cae973a0-f027-947f-c8c9-2c9ed4144ac9
233,242410,242410,بافت,242282,کرمان,False,,,,,,SUPPRESSED,0eb4e76b-37d9-ccbc-6584-69cbe02fef80
234,242773,242773,گیلانغرب,242287,کرمانشاه,False,,,,,,SUPPRESSED,70f711eb-75dc-fdbc-1b33-21d9e159b1b1
235,242718,242718,نجف آباد,242293,اصفهان,False,,,,,,SUPPRESSED,f2480d54-7adb-7347-7f31-30c490572669
236,242532,242532,دهاقان,242293,اصفهان,False,,,,,,SUPPRESSED,b28b145c-e133-bc5f-f6dc-36d4942089f9
237,242563,242563,رودبار,242290,گیلان,False,,,,,,SUPPRESSED,fcbd74ee-d330-f9f7-b8f3-03e2ae34e946
238,242612,242612,صحنه,242287,کرمانشاه,False,,,,,,SUPPRESSED,5b0184fe-b315-ad49-7429-dcb56612a0b8
239,242738,242738,هشترود,242308,آذربایجان شرقی,False,,,,,,SUPPRESSED,e8c823e2-d25e-e945-5522-ba18cb3905b5
240,242484,242484,قوچان,242302,خراسان رضوی,False,,,,,,SUPPRESSED,ecbb8bd8-16b8-3fe9-6b71-4f7ef861aef9
241,242733,242733,نیک شهر,242304,سیستان و بلوچستان,False,,,,,,SUPPRESSED,8263ff4d-9630-f7c7-e41b-3f149712f81b
242,242378,242378,ابرکوه,242309,یزد,False,,,,,,SUPPRESSED,54b8478b-974b-e790-5bef-614fe5ab0f43
243,242571,242571,سرایان,242303,خراسان جنوبی,False,,,,,,SUPPRESSED,dfce29dd-32c2-08d1-4848-53bd44582ba4
244,242479,242479,قصر شیرین,242287,کرمانشاه,False,,,,,,SUPPRESSED,ca656b9d-a784-07c0-e76b-1812a73d019d
245,242490,242490,جوانرود,242287,کرمانشاه,False,,,,,,SUPPRESSED,9ae25a38-2a30-3604-bec9-a24da5f0c82a
246,242551,242551,رزن,242288,همدان,False,,,,,,SUPPRESSED,08f92e51-7356-d9cd-e442-9793d79807dd
247,242511,242511,لردگان,242286,چهارمحال و بختیاری,False,,,,,,SUPPRESSED,16aa7f8c-f524-5922-7435-915094561b08
248,242642,242642,فاروج,242281,خراسان شمالی,False,,,,,,SUPPRESSED,37065318-dd18-9031-dc01-0ad1ead717f6
249,242645,242645,فردوس,242303,خراسان جنوبی,True,,,,,,SUPPRESSED,7f88fcca-1254-a30e-7fd1-eef8d056b9f1
250,242446,242446,بوانات,242297,فارس,False,,,,,,SUPPRESSED,e12fc10a-6c8b-ee46-2fa3-dd9340f70883
251,242491,242491,خرامه,242297,فارس,False,,,,,,SUPPRESSED,5b8669a4-8d2c-7c38-8be8-b3b3c54738ee
252,242536,242536,دهگلان,242295,کردستان,False,,,,,,SUPPRESSED,802a9ea3-1366-071d-381c-0753c13a01a6
253,242624,242624,طبس,242303,خراسان جنوبی,False,,,,,,SUPPRESSED,fb5001b3-ce62-0f19-4088-6cc943255443
254,242415,242415,بستک,242310,هرمزگان,False,,,,,,SUPPRESSED,f9e6eacd-c572-9661-4e63-9433ec488094
255,242781,242781,اصلاندوز,242299,اردبیل,False,,,,,,SUPPRESSED,f3bf5878-9819-678c-8b72-060afdcb6d92
256,242505,242505,خنج,242297,فارس,False,,,,,,SUPPRESSED,42c03fed-9b64-c6c2-6c8e-0974abdda5d9
257,242560,242560,روانسر,242287,کرمانشاه,False,,,,,,SUPPRESSED,b55983ce-e5bf-1bec-81e2-ceb91716d21b
258,242671,242671,کمیجان,242285,مرکزی,False,,,,,,SUPPRESSED,0b20ea06-21f2-2a4c-d435-2f9ca5dcc887
259,242674,242674,کهنوج,242282,کرمان,False,,,,,,SUPPRESSED,bbaea226-8ab5-c07e-bacb-2d291561bfc5
260,242392,242392,اشنویه,242296,آذربایجان غربی,False,,,,,,SUPPRESSED,2d5a9b9b-a35d-fabe-14bb-6da70957a92b
261,242722,242722,پلدختر,242284,لرستان‎,False,,,,,,SUPPRESSED,07e5279b-f231-3b3b-6fe1-fb023460d780
262,242598,242598,سلطانیه,242291,زنجان,False,,,,,,SUPPRESSED,d56bb7c9-73d8-b44a-036b-e8ec4bdbff05
263,242489,242489,کاشمر,242302,خراسان رضوی,False,,,,,,SUPPRESSED,9cbc0b41-2791-db41-5a11-9ca095b2774a
264,242708,242708,مهریز,242309,یزد,False,,,,,,SUPPRESSED,42c531cd-ae00-b024-8fd9-f159dba592c3
265,242754,242754,بیضا,242297,فارس,False,,,,,,SUPPRESSED,4017cc6f-d01c-55f5-6be3-23bc59961535
266,242660,242660,کارون,242311,خوزستان,False,,,,,,SUPPRESSED,ae96e681-fe42-bfa1-3171-866994bba957
267,242462,242462,حمیدیه,242311,خوزستان,False,,,,,,SUPPRESSED,f06719a2-4263-78dc-6c6a-a04fd151f958
268,242429,242429,بشرویه,242303,خراسان جنوبی,False,,,,,,SUPPRESSED,41ca4b03-c12d-73fb-2661-775ec8be7967
269,242723,242723,پلدشت,242296,آذربایجان غربی,False,,,,,,SUPPRESSED,8f956d2f-7a49-d893-c39b-fdd02776a6a3
270,242698,242698,ملکان,242308,آذربایجان شرقی,False,,,,,,SUPPRESSED,6f3ce046-f9f5-90b9-76da-92c08a48db15
271,242412,242412,بافق,242309,یزد,False,,,,,,SUPPRESSED,3b652741-c315-96b3-2f05-4127f927dcff
272,242755,242755,چرام,242294,کهگیلویه و بویر احمد,False,,,,,,SUPPRESSED,dac3505d-3725-b88b-697d-9ad9c2fef951
273,242506,242506,خنداب,242285,مرکزی,False,,,,,,SUPPRESSED,f6a9b9e7-5bdf-7bf4-5fdb-bec2a0f19e60
274,242519,242519,درگز,242302,خراسان رضوی,False,,,,,,SUPPRESSED,091de22a-26b9-902b-f564-a6172bac614b
275,242632,242632,شوط,242296,آذربایجان غربی,False,,,,,,SUPPRESSED,5cae8973-640c-81ca-cd35-95d05b4a9765
276,242543,242543,رامشیر,242311,خوزستان,False,,,,,,SUPPRESSED,2eaf10b3-c8d1-e057-9f77-39517fd747ef
277,242670,242670,کلیبر,242308,آذربایجان شرقی,False,,,,,,SUPPRESSED,c0f1d591-d8d0-78fc-4bd4-3861a0f7bc79
278,242672,242672,کنارک,242304,سیستان و بلوچستان,False,,,,,,SUPPRESSED,8824845e-2fbd-40d3-9d19-126aeaba7828
279,242759,242759,چناران,242302,خراسان رضوی,False,,,,,,SUPPRESSED,f879c371-fb62-d8d4-6ea0-3ade970d9a52
280,242587,242587,سربیشه,242303,خراسان جنوبی,False,,,,,,SUPPRESSED,a5b9a7c4-6c76-9bba-6330-7ec9a3238fb1
281,242422,242422,بردسیر,242282,کرمان,False,,,,,,SUPPRESSED,31a73e55-1206-0cda-9ed5-51abb892f286
282,242677,242677,مراوه تپه,,,,,,,,,SUPPRESSED,24a4167c-71bb-964a-b8f9-1e64eb204cdd
283,242739,242739,هفتکل,242311,خوزستان,False,,,,,,SUPPRESSED,0465fe29-0c46-9ba8-393a-badbea442665
284,242753,242753,چایپاره,242296,آذربایجان غربی,False,,,,,,SUPPRESSED,48e2049f-bcf1-563d-e982-21cbded21333
285,242748,242748,پاسارگاد,242297,فارس,False,,,,,,SUPPRESSED,ae6e4cee-0987-ceeb-c766-73365a3cb81e
286,242688,242688,لنده,242294,کهگیلویه و بویر احمد,False,,,,,,SUPPRESSED,5b8af235-b9b0-835c-1939-5ec5512ad4dc
287,242460,242460,تربت حیدریه,242302,خراسان رضوی,False,,,,,,SUPPRESSED,b48e6fc1-acff-c066-bf49-41dfd30966ae
288,242375,242375,آوج,242289,قزوین,False,,,,,,SUPPRESSED,55d0eb0b-4780-240e-4672-4412be5614c7
289,242364,242364,اردل,242286,چهارمحال و بختیاری,False,,,,,,SUPPRESSED,c7e28f09-a382-6ac7-ce77-2ed7fbf4991d
290,242345,242345,ایوان,242283,ایلام,False,,,,,,SUPPRESSED,4212b4af-5d62-b1d2-169d-210d512e5c41
291,242346,242346,آبدانان,242283,ایلام,False,,,,,,SUPPRESSED,7eec2934-1216-9894-c6ab-8c16f783c1ee
292,242362,242362,اردستان,242293,اصفهان,False,,,,,,SUPPRESSED,e6fd8289-40c0-39df-262c-0312ee67a770
293,242347,242347,دهلران,242283,ایلام,False,,,,,,SUPPRESSED,52f78556-813a-ba87-b226-44d3ad5ddb64
294,242548,242548,راور,242282,کرمان,False,,,,,,SUPPRESSED,87d21c47-6432-b626-5731-cdeb060ff573
295,242644,242644,فراهان,242285,مرکزی,False,,,,,,SUPPRESSED,f88fd52e-59ec-c04d-481c-b2e54f317767
296,242774,242774,گچساران,242294,کهگیلویه و بویر احمد,False,,,,,,SUPPRESSED,58d06742-d5dc-5cd1-9ecc-d1b540177b3d
297,242349,242349,مهران,242283,ایلام,False,,,,,,SUPPRESSED,46ee21c7-718e-094f-f9ab-159f879f4d96
298,242709,242709,میامی,242292,سمنان,False,,,,,,SUPPRESSED,b4068409-b41c-395f-328b-a8d6135b94ed
299,242372,242372,آغاجاری,242311,خوزستان,False,,,,,,SUPPRESSED,9109dd0a-9f7d-d754-53a8-2e966d8827ac
300,242366,242366,ارزوئیه,242282,کرمان,False,,,,,,SUPPRESSED,76b59a66-e314-4b2c-15ec-7c695f667234
301,242391,242391,اشکذر,242309,یزد,False,,,,,,SUPPRESSED,84e68416-7006-0376-5c54-2982a48f3810
302,242376,242376,انار,242282,کرمان,False,,,,,,SUPPRESSED,54b21c2e-e5cf-fd1b-e87d-46c7e06b92f7
303,242421,242421,بردسکن,242302,خراسان رضوی,False,,,,,,SUPPRESSED,23c15ae7-2269-bb87-e9a9-540e038a5839
304,242442,242442,بهمئی,242294,کهگیلویه و بویر احمد,False,,,,,,SUPPRESSED,c343c352-3be7-9095-eb42-4c993506c855
305,242444,242444,بوئین و میاندشت,,,,,,,,,SUPPRESSED,804cec68-e0dd-cf71-c596-f55052c70ada
306,242455,242455,بینالود,242302,خراسان رضوی,True,,,,,,SUPPRESSED,e841189a-17e3-3150-8f7c-2163031ebf6d
307,242425,242425,تایباد,242302,خراسان رضوی,False,,,,,,SUPPRESSED,41108e49-ed1d-aba5-eb96-f8738857bd6b
308,242432,242432,تفت,242309,یزد,False,,,,,,SUPPRESSED,576e680b-e62c-7d74-f45f-a86e116c0744
309,242486,242486,جغتای,242302,خراسان رضوی,False,,,,,,SUPPRESSED,e8922248-0d1b-5ccf-a7f0-8852501a234f
310,242749,242749,چادگان,242293,اصفهان,False,,,,,,SUPPRESSED,f316689e-80dc-7848-d045-c15af8b069f9
311,242507,242507,خواف,242302,خراسان رضوی,False,,,,,,SUPPRESSED,984dfb50-1314-c02f-af95-c01c0f2dc4b5
312,242512,242512,خوسف,242303,خراسان جنوبی,False,,,,,,SUPPRESSED,0fb6962d-61e2-9b83-bd3a-2d859f142cc4
313,242348,242348,دره‌شهر,,,,,,,,,SUPPRESSED,0eab44e7-1d00-99f8-a44c-35542f7881d6
314,242549,242549,رابر,242282,کرمان,False,,,,,,SUPPRESSED,57369ba1-a4c9-eb8e-f5f7-7dd83e8187ae
315,242614,242614,سیریک,242310,هرمزگان,False,,,,,,SUPPRESSED,07773c5c-e5b1-5695-8ffc-2df5ac6bb682
316,242650,242650,فریمان,242302,خراسان رضوی,False,,,,,,SUPPRESSED,0faa300a-140a-85be-2aaf-32657c03eee0
317,242656,242656,فیروزه,242302,خراسان رضوی,False,,,,,,SUPPRESSED,b11edea4-c049-5431-8ab6-f8502528dac3
318,242681,242681,کوهبنان,242282,کرمان,False,,,,,,SUPPRESSED,623ffd75-d0e9-093a-92ea-517bba5da914
319,242716,242716,میرجاوه,242304,سیستان و بلوچستان,False,,,,,,SUPPRESSED,0861e42e-2a09-8436-f546-5203373ff7e5
320,242777,242777,هوراند,242308,آذربایجان شرقی,False,,,,,,SUPPRESSED,a1bd22f4-42c7-e2bf-e58f-d598c8bf48f5
321,242365,242365,آران و بیدگل,,,,,,,,,SUPPRESSED,c52c791f-7927-ee0c-d350-0572ee960163
322,242359,242359,ابوموسی,242310,هرمزگان,False,,,,,,SUPPRESSED,7b50fe9b-3cc9-588f-9c43-fef09686e4ca
323,242386,242386,اسدآباد,242288,همدان,False,,,,,,SUPPRESSED,23e2b02e-6f74-8409-4454-04d95c876da8
324,242377,242377,اندیکا,242311,خوزستان,False,,,,,,SUPPRESSED,347e1294-5b33-e495-42b1-2deaee1de8dc
325,242399,242399,ایجرود,242291,زنجان,False,,,,,,SUPPRESSED,a3548c40-81d5-7354-11fe-507f79ebe2a4
326,242405,242405,باخرز,242302,خراسان رضوی,False,,,,,,SUPPRESSED,c945b878-d75a-9756-475b-36c150c3243c
327,242408,242408,باشت,242294,کهگیلویه و بویر احمد,False,,,,,,SUPPRESSED,3da2e9e5-0d70-bfc4-2225-027ab116033b
328,242413,242413,باوی,242311,خوزستان,False,,,,,,SUPPRESSED,56a724f6-6bfa-6679-a0ff-50ac60607a76
329,242416,242416,بجستان,242302,خراسان رضوی,False,,,,,,SUPPRESSED,810158b5-0dbe-a77f-388d-0d5833015c73
330,242785,242785,بختگان,242297,فارس,False,,,,,,SUPPRESSED,79ed5ebe-fdff-492a-4186-ea7eac567e2a
331,242411,242411,بدره,242283,ایلام,False,,,,,,SUPPRESSED,8a12ca52-6d96-f1e3-0343-b1d77c4087c9
332,242424,242424,بروجرد,242284,لرستان‎,False,,,,,,SUPPRESSED,50632c98-9548-ff6a-8399-992cec139fea
333,242427,242427,بشاگرد,242310,هرمزگان,False,,,,,,SUPPRESSED,1470ea49-9e1b-a701-76c9-80021d60b08e
334,242434,242434,بن,242286,چهارمحال و بختیاری,False,,,,,,SUPPRESSED,2c8167d7-6bb3-a731-5930-eef7afe01fa2
335,242417,242417,بندرگز,242301,گلستان,False,,,,,,SUPPRESSED,3bfb18c3-78ff-d780-45e0-78a4916a88e8
336,242436,242436,بندر لنگه,,,,,,,,,SUPPRESSED,a58d2033-2033-792a-b7b8-19f84ed4f7b0
337,242438,242438,بندرماهشهر,242311,خوزستان,False,,,,,,SUPPRESSED,4265151f-7610-64d5-3fc6-c693173a7162
338,242439,242439,بهاباد,242309,یزد,False,,,,,,SUPPRESSED,1e5c9eaf-a875-eb2b-e494-1bfdacf3d16e
339,242419,242419,بهارستان,242305,تهران,False,,,,,,SUPPRESSED,10a3a94d-7b49-79c6-7b4a-a859771295af
340,242450,242450,بویراحمد,242294,کهگیلویه و بویر احمد,False,,,,,,SUPPRESSED,edd221ae-8bb9-7017-3bee-2b73589c1131
341,242428,242428,تربت جام,242302,خراسان رضوی,False,,,,,,SUPPRESSED,84c0d0dc-b8fd-28cb-54e4-9a44fcd136db
342,242431,242431,ترکمن,242301,گلستان,False,,,,,,SUPPRESSED,f7da8125-c843-9fb3-d113-52b6f0d6a9ed
343,242467,242467,تنگستان,242298,بوشهر,False,,,,,,SUPPRESSED,4e293baa-c76b-92af-94c5-200ff04e547f
344,242474,242474,تیران و کرون,,,,,,,,,SUPPRESSED,d618440e-5a1b-b84f-74bd-0465636d4885
345,242475,242475,ثلاث باباجانی,,,,,,,,,SUPPRESSED,56692933-4fa6-cd8e-bd12-954d5faa4f0a
346,242480,242480,جاجرم,242281,خراسان شمالی,False,,,,,,SUPPRESSED,2c736f62-4a24-5473-1cbd-8526bec72636
347,242485,242485,جاسک,242310,هرمزگان,False,,,,,,SUPPRESSED,dc211311-1158-d951-435f-33e9027b4191
348,242456,242456,جوین,242302,خراسان رضوی,False,,,,,,SUPPRESSED,da21c2f8-18fa-fea1-107d-9fa376edea5d
349,242750,242750,چاراویماق,242308,آذربایجان شرقی,False,,,,,,SUPPRESSED,7d1a5af0-9622-00d5-7838-ae2c2e9986ab
350,242351,242351,چالدران,242296,آذربایجان غربی,False,,,,,,SUPPRESSED,6c6050ae-9ec7-c327-4aab-abcf805085fe
351,242756,242756,چرداول,242283,ایلام,False,,,,,,SUPPRESSED,fcf86966-8463-ddf6-1a6b-a6bec9a0139c
352,242541,242541,چگینی,242284,لرستان‎,False,,,,,,SUPPRESSED,abc3bda1-4e02-5b92-e40c-0f20780b92ed
353,242463,242463,خاتم,242309,یزد,False,,,,,,SUPPRESSED,bb1a47cd-484c-3ea3-4317-e8688d30adb3
354,242780,242780,خانمیرزا,242286,چهارمحال و بختیاری,False,,,,,,SUPPRESSED,ac6457b9-7adb-951c-4c4c-8918ce0856ad
355,242465,242465,خداآفرین,,,,,,,,,SUPPRESSED,33a29b8c-f84d-07ec-5beb-e8a6cf74f51d
356,242466,242466,خدابنده,242291,زنجان,False,,,,,,SUPPRESSED,de8d2273-6d20-45df-f5ab-6e2425e143e1
357,242495,242495,خرم بید,242297,فارس,False,,,,,,SUPPRESSED,69298096-1624-feb6-c825-3aae65b32edd
358,242776,242776,خفر,242297,فارس,False,,,,,,SUPPRESSED,47a67271-4799-427e-226b-a0926e6a075d
359,242500,242500,خلیل آباد,242302,خراسان رضوی,False,,,,,,SUPPRESSED,d100bf54-3b13-99c1-645d-93fc2408f1e6
360,242503,242503,خمیر,242310,هرمزگان,False,,,,,,SUPPRESSED,711f2896-f5d0-96f2-3217-257d4c9fc7e0
361,242510,242510,خور و بیابانک,,,,,,,,,SUPPRESSED,08d95fb9-bc24-5b29-76bb-f4cdb1d15078
362,242513,242513,خوشاب,242302,خراسان رضوی,False,,,,,,SUPPRESSED,234ef19f-30c8-d2b9-95b8-eba2689c8b19
363,242516,242516,دالاهو,242287,کرمانشاه,False,,,,,,SUPPRESSED,6174832a-2a9e-0427-bed5-e7e7a642b62c
364,242504,242504,داورزن,242302,خراسان رضوی,False,,,,,,SUPPRESSED,beb7e524-28c7-3f3b-a696-eee641b25d19
365,242518,242518,درمیان,242303,خراسان جنوبی,False,,,,,,SUPPRESSED,f57d4f32-1e56-d135-2fd3-844c617a1e10
366,242521,242521,دشت آزادگان,242311,خوزستان,False,,,,,,SUPPRESSED,76825f53-aa01-ced7-e494-34f7430d0e7d
367,242522,242522,دشتستان,242298,بوشهر,False,,,,,,SUPPRESSED,833335f9-6794-465c-5870-a22ac00fedf8
368,242523,242523,دشتی,242298,بوشهر,False,,,,,,SUPPRESSED,9ad504b5-1beb-1ca0-f491-48f63e8336df
369,242524,242524,دلفان,242284,لرستان‎,False,,,,,,SUPPRESSED,e26d4f8d-1c4b-39e7-f316-7584b9b57fd1
370,242526,242526,دلگان,242304,سیستان و بلوچستان,False,,,,,,SUPPRESSED,83dd0bb7-85cf-b0be-9173-3ba4ae6102f8
371,242529,242529,دنا,242294,کهگیلویه و بویر احمد,False,,,,,,SUPPRESSED,ac370fb1-2369-87a4-5a1e-0383f6a2419a
372,242546,242546,دیر,242298,بوشهر,False,,,,,,SUPPRESSED,61a740e0-951a-ce88-d12e-20bb593043d9
373,242533,242533,دیلم,242298,بوشهر,False,,,,,,SUPPRESSED,3a644dff-9faa-0ba5-8d21-039e41e19898
374,242552,242552,راز و جرگلان,,,,,,,,,SUPPRESSED,444597fa-9e56-7c6b-e444-6a59f5d48027
375,242553,242553,رستم,242297,فارس,False,,,,,,SUPPRESSED,32974253-f4ac-c381-c145-0076e3ca2036
376,242557,242557,رشتخوار,242302,خراسان رضوی,False,,,,,,SUPPRESSED,bcce822a-b723-24d8-2b41-99e336998a67
377,242561,242561,رودان,242310,هرمزگان,False,,,,,,SUPPRESSED,f8e6ccf0-b2e7-91af-362e-39aa22dd2ac8
378,242565,242565,رودبار جنوب,,,,,,,,,SUPPRESSED,e036ca96-d021-01b2-7c47-0b0903cb0b2e
379,242567,242567,رومشکان,242284,لرستان‎,False,,,,,,SUPPRESSED,1944e3b4-0e6d-5620-3505-69d649054cdf
380,242569,242569,ریگان,242282,کرمان,False,,,,,,SUPPRESSED,c5bc3a85-2137-dd13-835a-ba7275704c41
381,242575,242575,زاوه,242302,خراسان رضوی,False,,,,,,SUPPRESSED,940ebbbf-d545-729e-1f0b-13b04e257065
382,242763,242763,زبرخان,242302,خراسان رضوی,False,,,,,,SUPPRESSED,6032da74-417f-3042-bf11-3e4e7406d387
383,242564,242564,زرندیه,242285,مرکزی,False,,,,,,SUPPRESSED,6dbbd5a0-7742-6c01-2ea4-be5e8144067b
384,242578,242578,زرین دشت,242297,فارس,False,,,,,,SUPPRESSED,3d3d6705-ed8e-6b64-2a5c-ce1347449a6f
385,242568,242568,زهک,242304,سیستان و بلوچستان,False,,,,,,SUPPRESSED,df004a7a-4ff2-ad9c-b740-35d16718f30e
386,242579,242579,زیرکوه,242303,خراسان جنوبی,False,,,,,,SUPPRESSED,5bddfe7c-22a5-2b6f-9417-08b2bce886a9
387,242583,242583,ساوجبلاغ,242307,البرز,True,,,,,,SUPPRESSED,a54823d8-f01c-7bbe-540f-31853a11facc
388,242615,242615,سپیدان,242297,فارس,False,,,,,,SUPPRESSED,504284ad-9037-8a4c-4f82-917fb0b56869
389,242572,242572,سرباز,242304,سیستان و بلوچستان,False,,,,,,SUPPRESSED,7bfc2de9-12ec-3bee-0247-0cf283aa57a4
390,242784,242784,سرچهان,,,,,,,,,SUPPRESSED,8e5f1e41-047e-fa72-e0c1-83e9e6cb35db
391,242588,242588,سرخس,242302,خراسان رضوی,False,,,,,,SUPPRESSED,fd8d75ae-6146-e98c-fe68-349c6a5fc915
392,242593,242593,سروآباد,242295,کردستان,False,,,,,,SUPPRESSED,7543d707-3a70-49a7-6f8b-876549660df4
393,242597,242597,سلسله,242284,لرستان‎,False,,,,,,SUPPRESSED,a1873031-3a2c-043c-44a2-09ea7339a4b0
394,242601,242601,سمیرم,242293,اصفهان,False,,,,,,SUPPRESSED,7fd0932d-dca7-9f4f-9371-f566d03870da
395,242604,242604,سوادکوه,242300,مازندران‎,False,,,,,,SUPPRESSED,164eed30-cce2-0d4c-9ebf-0234aa8a946a
396,242592,242592,سوادکوه شمالی,242300,مازندران‎,False,,,,,,SUPPRESSED,7ba142d8-1f2c-79c0-d4c7-c5a5c39037a5
397,242607,242607,سیب و سوران,,,,,,,,,SUPPRESSED,cacfe790-54fe-4035-b29a-344e5f74a246
398,242610,242610,سیروان,242283,ایلام,False,,,,,,SUPPRESSED,51fca56c-7301-45c9-ba2a-dda53e42e782
399,242594,242594,سیمرغ,242300,مازندران‎,False,,,,,,SUPPRESSED,fbd56e63-a6a9-72a8-c7ea-a28c0500ca79
400,242619,242619,شاهین شهر و میمه,,,,,,,,,SUPPRESSED,94b74a26-39ef-db75-d0b5-718164a2de73
401,242778,242778,ششتمد,242302,خراسان رضوی,False,,,,,,SUPPRESSED,b9e9d0e6-0bc3-e71c-8090-1da9a6feca9b
402,242626,242626,شهربابک,242282,کرمان,False,,,,,,SUPPRESSED,b3309d93-3172-3564-1c1f-1da999291390
403,242635,242635,طارم,242291,زنجان,False,,,,,,SUPPRESSED,ae7385a4-4329-c660-8484-67a44769ffd9
404,242636,242636,طوالش,242290,گیلان,True,,,,,,SUPPRESSED,99efd43c-a26a-0fd1-629d-c56b7a71fa1e
405,242639,242639,عسلویه,242298,بوشهر,False,,,,,,SUPPRESSED,0e545bce-3d3c-435f-4287-7624f90355a7
406,242640,242640,عنبرآباد,242282,کرمان,False,,,,,,SUPPRESSED,8dee66fc-0808-b0c2-bb21-c2b3f6296ec6
407,242406,242406,فاریاب,242282,کرمان,False,,,,,,SUPPRESSED,5f065f9d-8d52-ee04-6851-f305e44b6cc3
408,242647,242647,فریدن,242293,اصفهان,False,,,,,,SUPPRESSED,8418d3cf-6e8b-8182-b401-0cc251147094
409,242648,242648,فریدون شهر,242293,اصفهان,False,,,,,,SUPPRESSED,34bfcd97-814d-6e10-1a29-bc4f45e970c8
410,242654,242654,فنوج,242304,سیستان و بلوچستان,False,,,,,,SUPPRESSED,86fc1e84-bdaa-2366-7404-5112eb77863a
411,242655,242655,فهرج,242282,کرمان,False,,,,,,SUPPRESSED,8b88c4a0-2637-2b34-f645-a113d0ac0c37
412,242657,242657,فیروزآباد,242297,فارس,False,,,,,,SUPPRESSED,f4bf09f2-4404-110a-149b-573105c5d6a5
413,242481,242481,قصرقند,242304,سیستان و بلوچستان,False,,,,,,SUPPRESSED,391a0b6a-46d7-d11d-e353-3c53417e4a28
414,242482,242482,قلعه گنج,,,,,,,,,SUPPRESSED,764c0137-383d-a255-24b4-4084d4be2166
415,242659,242659,قیر و کارزین,,,,,,,,,SUPPRESSED,35a7ca1b-0718-5d05-202c-f9bd18235c11
416,242494,242494,کبودرآهنگ,242288,همدان,False,,,,,,SUPPRESSED,dd5842ce-a8d7-2f51-3164-6d1871358c28
417,242667,242667,کلات,242302,خراسان رضوی,False,,,,,,SUPPRESSED,4337d4fe-cd9f-a108-6712-3c88b7f29a33
418,242496,242496,کنگان,242298,بوشهر,False,,,,,,SUPPRESSED,ddc038fa-5907-eeda-5366-2a23456d463e
419,242675,242675,کهگیلویه,242294,کهگیلویه و بویر احمد,False,,,,,,SUPPRESSED,4b0df605-6815-dd9a-0f19-6074da3b79a5
420,242680,242680,کوثر,242299,اردبیل,False,,,,,,SUPPRESSED,c38c8261-2ad1-65c5-1556-ae49114fc39a
421,242783,242783,کوه‌چنار,,,,,,,,,SUPPRESSED,77b2671a-43cb-3479-c431-4dfa42ac20a9
422,242683,242683,کوهرنگ,242286,چهارمحال و بختیاری,False,,,,,,SUPPRESSED,5669b591-3aae-87dc-8128-2637f0fe9090
423,242779,242779,کوهسرخ,242302,خراسان رضوی,False,,,,,,SUPPRESSED,841959e7-224c-cf93-2587-724424695e3f
424,242684,242684,کیار,242286,چهارمحال و بختیاری,False,,,,,,SUPPRESSED,e97fbe89-ee6b-fb18-b09a-8feece3e41e9
425,242761,242761,گتوند,242311,خوزستان,False,,,,,,SUPPRESSED,40b488cd-05ca-0fb5-44ee-d7d04a4dfcc8
426,242765,242765,گرمه,242281,خراسان شمالی,False,,,,,,SUPPRESSED,880966da-6268-82bd-75ea-5937b0791635
427,242742,242742,گمیشان,242301,گلستان,False,,,,,,SUPPRESSED,a70ec22a-862e-60d3-c259-b377bfb54385
428,242770,242770,گناباد,242302,خراسان رضوی,False,,,,,,SUPPRESSED,4caf425d-92e9-c872-b87a-d804eb402f65
429,242771,242771,گناوه,242298,بوشهر,False,,,,,,SUPPRESSED,c3876543-8137-7bbf-c30e-b887d3928892
430,242685,242685,لارستان,242297,فارس,False,,,,,,SUPPRESSED,b885cc79-2fbf-ae10-bd40-9e562b163723
431,242686,242686,لالی,242311,خوزستان,False,,,,,,SUPPRESSED,15a40842-402b-941a-d519-4fd77c5c97ac
432,242528,242528,لنجان,242293,اصفهان,True,,,,,,SUPPRESSED,d5798bae-892d-b0b5-3afb-da41fda0aa53
433,242535,242535,مانه و سملقان,,,,,,,,,SUPPRESSED,da4236d4-18b7-c8af-a285-de3dc26b7ad5
434,242690,242690,ماه نشان,242291,زنجان,False,,,,,,SUPPRESSED,41e49664-bdc9-15a4-302b-f6ae66cc9172
435,242693,242693,محمودآباد,242300,مازندران‎,True,,,,,,SUPPRESSED,a86a47f6-258c-9edf-b71b-9af01254045d
436,242700,242700,ملکشاهی,242283,ایلام,False,,,,,,SUPPRESSED,4c9c5618-ac35-6f4c-6a53-b5c4d19b0043
437,242701,242701,ممسنی,242297,فارس,False,,,,,,SUPPRESSED,1e9ab1f3-4870-f9f7-54f5-77c516c3bbf5
438,242702,242702,منوجان,242282,کرمان,False,,,,,,SUPPRESSED,49888132-96fc-2dcf-70c4-bbe0f2683828
439,242707,242707,مهرستان,242304,سیستان و بلوچستان,False,,,,,,SUPPRESSED,59401371-d57f-11aa-1be0-3beebaae07ac
440,242703,242703,مه ولات,242302,خراسان رضوی,False,,,,,,SUPPRESSED,0df60f75-7f58-546b-aa16-b5c7d9cf4a8d
441,242711,242711,میاندورود,242300,مازندران‎,False,,,,,,SUPPRESSED,4e8a0338-4fcf-9ab6-5aef-a9749a51509e
442,242576,242576,نرماشیر,242282,کرمان,False,,,,,,SUPPRESSED,a0b925ed-1d15-d1e6-822d-f2a0a20de0d6
443,242605,242605,نظرآباد,242307,البرز,True,,,,,,SUPPRESSED,57737d26-5d46-4dca-25f7-1d16eed0fe7e
444,242734,242734,نیمروز,242304,سیستان و بلوچستان,False,,,,,,SUPPRESSED,754323fc-fd59-bbd2-c491-a71abd8aae3e
445,242735,242735,هامون,242304,سیستان و بلوچستان,False,,,,,,SUPPRESSED,b593a7b3-7d81-5620-f3ca-f997d9dad1a6
446,242737,242737,هریس,242308,آذربایجان شرقی,False,,,,,,SUPPRESSED,136f4c0d-1c02-23b2-6a74-698209e1c78f
447,242782,242782,هلیلان,242283,ایلام,False,,,,,,SUPPRESSED,62d325a9-9ad2-ebc7-3a75-f37f55156a80
448,242743,242743,هویزه,242311,خوزستان,False,,,,,,SUPPRESSED,e1011805-db21-d97c-e380-0b2e5d45a213
449,242697,242697,هیرمند,242304,سیستان و بلوچستان,False,,,,,,SUPPRESSED,ffb26619-3f56-2375-9dd9-b8e874c42c51
450,242745,242745,ورزقان,242308,آذربایجان شرقی,False,,,,,,SUPPRESSED,7fbe9b70-ad43-a229-1b75-72cbd671e751
