city_label,city_id,city_name_fa,district_number,area_name_fa,area_id,native_key,level,sale_history,sale_history_periods,sale_history_first_period,sale_history_last_period,sale_history_latest_sample_size,sale_history_latest_trust,rent_current,rent_current_period,rent_current_metrics,rent_current_sample_size,rent_history,rent_history_note,supply,supply_points,supply_latest_period,floor_area,floor_area_period,floor_area_listing_n,forecast,forecast_after_period,forecast_horizon_months,notes
tehran,272905,تهران,1,منطقه 1,38b6af3d-45f5-546e-0af0-d43282543dfb,272905:1,MUNICIPAL_AREA,yes,60,1400-06,1405-05,23700,DIRECT,no,,,,unknown,no rent-series endpoint is exposed by the public API (/area-series ignores metric=RENT); absence is not zero,yes,12,1405-05,yes,1405-05,23700,yes,1405-05,6,ASKING_RENT present but empty
tehran,272905,تهران,2,منطقه 2,5e92f55b-b28e-842d-0bff-ebedf489023f,272905:2,MUNICIPAL_AREA,yes,60,1400-06,1405-05,41182,DIRECT,no,,,,unknown,no rent-series endpoint is exposed by the public API (/area-series ignores metric=RENT); absence is not zero,yes,12,1405-05,yes,1405-05,41182,yes,1405-05,6,ASKING_RENT present but empty
tehran,272905,تهران,3,منطقه 3,ff50928d-cafd-7ddc-8a2a-687762b0254d,272905:3,MUNICIPAL_AREA,yes,60,1400-06,1405-05,19868,DIRECT,no,,,,unknown,no rent-series endpoint is exposed by the public API (/area-series ignores metric=RENT); absence is not zero,yes,12,1405-05,yes,1405-05,19868,yes,1405-05,6,ASKING_RENT present but empty
tehran,272905,تهران,4,منطقه 4,9e522432-7d71-31ab-b475-1f7a9c3befb5,272905:4,MUNICIPAL_AREA,yes,60,1400-06,1405-05,32225,DIRECT,no,,,,unknown,no rent-series endpoint is exposed by the public API (/area-series ignores metric=RENT); absence is not zero,yes,12,1405-05,yes,1405-05,32225,yes,1405-05,6,ASKING_RENT present but empty
tehran,272905,تهران,5,منطقه 5,c88afe7c-7484-7ae2-9fc4-810ac1a3ef44,272905:5,MUNICIPAL_AREA,yes,60,1400-06,1405-05,80805,DIRECT,no,,,,unknown,no rent-series endpoint is exposed by the public API (/area-series ignores metric=RENT); absence is not zero,yes,12,1405-05,yes,1405-05,80805,yes,1405-05,6,ASKING_RENT present but empty
tehran,272905,تهران,6,منطقه 6,ef14e327-e7dc-483a-69e3-31672bf61984,272905:6,MUNICIPAL_AREA,yes,60,1400-06,1405-05,12647,DIRECT,no,,,,unknown,no rent-series endpoint is exposed by the public API (/area-series ignores metric=RENT); absence is not zero,yes,12,1405-05,yes,1405-05,12647,yes,1405-05,6,ASKING_RENT present but empty
tehran,272905,تهران,7,منطقه 7,0fee0154-6dda-1109-17ab-7af2df64b692,272905:7,MUNICIPAL_AREA,yes,60,1400-06,1405-05,15338,DIRECT,no,,,,unknown,no rent-series endpoint is exposed by the public API (/area-series ignores metric=RENT); absence is not zero,yes,12,1405-05,yes,1405-05,15338,yes,1405-05,6,ASKING_RENT present but empty
tehran,272905,تهران,8,منطقه 8,04a45272-086f-638d-ff1a-433172fb6aa3,272905:8,MUNICIPAL_AREA,yes,60,1400-06,1405-05,19733,DIRECT,no,,,,unknown,no rent-series endpoint is exposed by the public API (/area-series ignores metric=RENT); absence is not zero,yes,12,1405-05,yes,1405-05,19733,yes,1405-05,6,ASKING_RENT present but empty
tehran,272905,تهران,9,منطقه 9,006dc5f4-0883-4a22-bfa9-857d98262079,272905:9,MUNICIPAL_AREA,yes,60,1400-06,1405-05,11474,DIRECT,no,,,,unknown,no rent-series endpoint is exposed by the public API (/area-series ignores metric=RENT); absence is not zero,yes,12,1405-05,yes,1405-05,11474,yes,1405-05,6,ASKING_RENT present but empty
tehran,272905,تهران,10,منطقه 10,3c94c0ff-94e1-3c73-70b1-3c2774333b48,272905:10,MUNICIPAL_AREA,yes,60,1400-06,1405-05,43873,DIRECT,no,,,,unknown,no rent-series endpoint is exposed by the public API (/area-series ignores metric=RENT); absence is not zero,yes,12,1405-05,yes,1405-05,43873,yes,1405-05,6,ASKING_RENT present but empty
tehran,272905,تهران,11,منطقه 11,7ec6174a-b77f-7483-2e27-661eaab9f4d7,272905:11,MUNICIPAL_AREA,yes,60,1400-06,1405-05,13874,DIRECT,no,,,,unknown,no rent-series endpoint is exposed by the public API (/area-series ignores metric=RENT); absence is not zero,yes,12,1405-05,yes,1405-05,13874,yes,1405-05,6,ASKING_RENT present but empty
tehran,272905,تهران,12,منطقه 12,cbde05c0-583f-78ee-2e47-152941edafa0,272905:12,MUNICIPAL_AREA,yes,60,1400-06,1405-05,3953,DIRECT,no,,,,unknown,no rent-series endpoint is exposed by the public API (/area-series ignores metric=RENT); absence is not zero,yes,12,1405-05,yes,1405-05,3953,yes,1405-05,6,ASKING_RENT present but empty
tehran,272905,تهران,13,منطقه 13,242b15af-a5fc-6303-cc74-5d9ab8437470,272905:13,MUNICIPAL_AREA,yes,60,1400-06,1405-05,9669,DIRECT,no,,,,unknown,no rent-series endpoint is exposed by the public API (/area-series ignores metric=RENT); absence is not zero,yes,12,1405-05,yes,1405-05,9669,yes,1405-05,6,ASKING_RENT present but empty
tehran,272905,تهران,14,منطقه 14,fa66bf31-710b-be2b-defd-7dae7e1e1371,272905:14,MUNICIPAL_AREA,yes,60,1400-06,1405-05,12153,DIRECT,no,,,,unknown,no rent-series endpoint is exposed by the public API (/area-series ignores metric=RENT); absence is not zero,yes,12,1405-05,yes,1405-05,12153,yes,1405-05,6,ASKING_RENT present but empty
tehran,272905,تهران,15,منطقه 15,3fa1da83-c366-bfd2-91cf-f7e44c86ed9c,272905:15,MUNICIPAL_AREA,yes,60,1400-06,1405-05,12675,DIRECT,no,,,,unknown,no rent-series endpoint is exposed by the public API (/area-series ignores metric=RENT); absence is not zero,yes,12,1405-05,yes,1405-05,12675,yes,1405-05,6,ASKING_RENT present but empty
tehran,272905,تهران,16,منطقه 16,85a94198-ee48-2a86-2c76-6db3ab0e6822,272905:16,MUNICIPAL_AREA,yes,60,1400-06,1405-05,4378,DIRECT,no,,,,unknown,no rent-series endpoint is exposed by the public API (/area-series ignores metric=RENT); absence is not zero,yes,12,1405-05,yes,1405-05,4378,yes,1405-05,6,ASKING_RENT present but empty
tehran,272905,تهران,17,منطقه 17,0f4e5ea7-940e-bf26-6074-ac7b3dd75317,272905:17,MUNICIPAL_AREA,yes,60,1400-06,1405-05,8478,DIRECT,no,,,,unknown,no rent-series endpoint is exposed by the public API (/area-series ignores metric=RENT); absence is not zero,yes,12,1405-05,yes,1405-05,8478,yes,1405-05,6,ASKING_RENT present but empty
tehran,272905,تهران,18,منطقه 18,d0b9d990-5b5e-5625-112b-1a5f5b446501,272905:18,MUNICIPAL_AREA,yes,60,1400-06,1405-05,7132,DIRECT,no,,,,unknown,no rent-series endpoint is exposed by the public API (/area-series ignores metric=RENT); absence is not zero,yes,12,1405-05,yes,1405-05,7132,yes,1405-05,6,ASKING_RENT present but empty
tehran,272905,تهران,19,منطقه 19,53b7a2a5-d503-16b5-4790-b5c2c786e5ff,272905:19,MUNICIPAL_AREA,yes,60,1400-06,1405-05,3527,DIRECT,no,,,,unknown,no rent-series endpoint is exposed by the public API (/area-series ignores metric=RENT); absence is not zero,yes,12,1405-05,yes,1405-05,3527,yes,1405-05,6,ASKING_RENT present but empty
tehran,272905,تهران,20,منطقه 20,11381946-4708-82c0-d9c5-1e51c4cdb31e,272905:20,MUNICIPAL_AREA,yes,60,1400-06,1405-05,4046,DIRECT,no,,,,unknown,no rent-series endpoint is exposed by the public API (/area-series ignores metric=RENT); absence is not zero,yes,10,1405-05,yes,1405-05,4046,yes,1405-05,6,ASKING_RENT present but empty
tehran,272905,تهران,21,منطقه 21,e860034a-c7ae-0d72-ae12-45d668f20874,272905:21,MUNICIPAL_AREA,yes,60,1400-06,1405-05,12723,DIRECT,no,,,,unknown,no rent-series endpoint is exposed by the public API (/area-series ignores metric=RENT); absence is not zero,yes,12,1405-05,yes,1405-05,12723,yes,1405-05,6,ASKING_RENT present but empty
tehran,272905,تهران,22,منطقه 22,2660254d-bc9f-c4eb-5ec4-f962a708cec2,272905:22,MUNICIPAL_AREA,yes,60,1400-06,1405-05,26176,DIRECT,no,,,,unknown,no rent-series endpoint is exposed by the public API (/area-series ignores metric=RENT); absence is not zero,yes,12,1405-05,yes,1405-05,26176,yes,1405-05,6,ASKING_RENT present but empty
mashhad,272895,مشهد,1,منطقه 1,de0ba416-7d2d-7b0d-ba34-4b1b4ba4f1d2,272895:1,MUNICIPAL_AREA,yes,53,1400-06,1405-05,7311,DIRECT,no,,,,unknown,no rent-series endpoint is exposed by the public API (/area-series ignores metric=RENT); absence is not zero,yes,12,1405-05,yes,1405-05,7311,yes,1405-05,6,ASKING_RENT present but empty
mashhad,272895,مشهد,2,منطقه 2,ea068aac-1108-c5e2-0af9-70041a711c96,272895:2,MUNICIPAL_AREA,yes,53,1400-06,1405-05,15977,DIRECT,no,,,,unknown,no rent-series endpoint is exposed by the public API (/area-series ignores metric=RENT); absence is not zero,yes,12,1405-05,yes,1405-05,15977,yes,1405-05,6,ASKING_RENT present but empty
mashhad,272895,مشهد,3,منطقه 3,445675b3-efeb-ea5f-419c-2163f867b44e,272895:3,MUNICIPAL_AREA,yes,50,1400-06,1405-05,4741,DIRECT,no,,,,unknown,no rent-series endpoint is exposed by the public API (/area-series ignores metric=RENT); absence is not zero,yes,12,1405-05,yes,1405-05,4741,yes,1405-05,6,ASKING_RENT present but empty
mashhad,272895,مشهد,4,منطقه 4,82ac794f-5ef1-844d-68b7-1da3bef9f99b,272895:4,MUNICIPAL_AREA,yes,51,1400-08,1405-05,3776,DIRECT,no,,,,unknown,no rent-series endpoint is exposed by the public API (/area-series ignores metric=RENT); absence is not zero,yes,12,1405-05,yes,1405-05,3776,yes,1405-05,6,ASKING_RENT present but empty
mashhad,272895,مشهد,5,منطقه 5,15e82ef6-157a-ecc9-9e81-f64bf056b907,272895:5,MUNICIPAL_AREA,yes,53,1400-06,1405-05,1951,DIRECT,no,,,,unknown,no rent-series endpoint is exposed by the public API (/area-series ignores metric=RENT); absence is not zero,yes,12,1405-05,yes,1405-05,1951,yes,1405-05,6,ASKING_RENT present but empty
mashhad,272895,مشهد,6,منطقه 6,f63168ea-9f0c-e853-e800-688831354dff,272895:6,MUNICIPAL_AREA,yes,53,1400-06,1405-05,4281,DIRECT,no,,,,unknown,no rent-series endpoint is exposed by the public API (/area-series ignores metric=RENT); absence is not zero,yes,12,1405-05,yes,1405-05,4281,yes,1405-05,6,ASKING_RENT present but empty
mashhad,272895,مشهد,7,منطقه 7,4f69b050-dcd4-20b6-0698-f620bd4fa2b7,272895:7,MUNICIPAL_AREA,yes,55,1400-11,1405-05,9104,DIRECT,no,,,,unknown,no rent-series endpoint is exposed by the public API (/area-series ignores metric=RENT); absence is not zero,yes,12,1405-05,yes,1405-05,9104,yes,1405-05,6,ASKING_RENT present but empty
mashhad,272895,مشهد,8,منطقه 8,cb3aa3ec-e3db-49d3-f122-1894b87433e7,272895:8,MUNICIPAL_AREA,yes,51,1400-06,1405-05,6543,DIRECT,no,,,,unknown,no rent-series endpoint is exposed by the public API (/area-series ignores metric=RENT); absence is not zero,yes,12,1405-05,yes,1405-05,6543,yes,1405-05,6,ASKING_RENT present but empty
mashhad,272895,مشهد,9,منطقه 9,3b1db13c-5375-2f43-d970-0655a2b5e18e,272895:9,MUNICIPAL_AREA,yes,59,1400-06,1405-05,18314,DIRECT,no,,,,unknown,no rent-series endpoint is exposed by the public API (/area-series ignores metric=RENT); absence is not zero,yes,12,1405-05,yes,1405-05,18314,yes,1405-05,6,ASKING_RENT present but empty
mashhad,272895,مشهد,10,منطقه 10,5ca4809c-79f0-ec4a-4993-1d01fde9600d,272895:10,MUNICIPAL_AREA,yes,53,1400-06,1405-05,12707,DIRECT,no,,,,unknown,no rent-series endpoint is exposed by the public API (/area-series ignores metric=RENT); absence is not zero,yes,12,1405-05,yes,1405-05,12707,yes,1405-05,6,ASKING_RENT present but empty
mashhad,272895,مشهد,11,منطقه 11,06c5bf0e-6ae9-d9bb-d2fe-0a13fb4e4cb7,272895:11,MUNICIPAL_AREA,yes,51,1400-06,1405-05,10592,DIRECT,no,,,,unknown,no rent-series endpoint is exposed by the public API (/area-series ignores metric=RENT); absence is not zero,yes,12,1405-05,yes,1405-05,10592,yes,1405-05,6,ASKING_RENT present but empty
mashhad,272895,مشهد,12,منطقه 12,3c325875-9c64-1dbd-55e5-e8c2ae159a63,272895:12,MUNICIPAL_AREA,yes,49,1400-07,1405-05,28607,DIRECT,no,,,,unknown,no rent-series endpoint is exposed by the public API (/area-series ignores metric=RENT); absence is not zero,yes,12,1405-05,yes,1405-05,28607,yes,1405-05,6,ASKING_RENT present but empty
mashhad,272895,مشهد,13,منطقه 13,09aef6ae-fe73-d123-0450-1047173a32dd,272895:13,MUNICIPAL_AREA,yes,47,1400-06,1405-05,1683,DIRECT,no,,,,unknown,no rent-series endpoint is exposed by the public API (/area-series ignores metric=RENT); absence is not zero,yes,12,1405-05,yes,1405-05,1683,yes,1405-05,6,ASKING_RENT present but empty
isfahan,272903,اصفهان,1,منطقه 1,e1dce90b-c860-17ed-d5a3-f537cc7bc1ce,272903:1,MUNICIPAL_AREA,yes,51,1400-06,1405-05,1642,DIRECT,no,,,,unknown,no rent-series endpoint is exposed by the public API (/area-series ignores metric=RENT); absence is not zero,yes,12,1405-05,yes,1405-05,1642,yes,1405-05,6,ASKING_RENT present but empty
isfahan,272903,اصفهان,2,منطقه 2,410657a3-ae51-c1fb-ec8b-19f7bc997aa1,272903:2,MUNICIPAL_AREA,yes,50,1400-07,1405-05,978,DIRECT,no,,,,unknown,no rent-series endpoint is exposed by the public API (/area-series ignores metric=RENT); absence is not zero,yes,12,1405-05,yes,1405-05,978,yes,1405-05,6,ASKING_RENT present but empty
isfahan,272903,اصفهان,3,منطقه 3,afdcb122-1f6d-aa97-14a7-08f471a9af72,272903:3,MUNICIPAL_AREA,yes,53,1400-06,1405-05,2280,DIRECT,no,,,,unknown,no rent-series endpoint is exposed by the public API (/area-series ignores metric=RENT); absence is not zero,yes,12,1405-05,yes,1405-05,2280,yes,1405-05,6,ASKING_RENT present but empty
isfahan,272903,اصفهان,4,منطقه 4,aec3f10b-5053-e6a9-f7d5-7e30577f4ca3,272903:4,MUNICIPAL_AREA,yes,53,1400-06,1405-05,3197,DIRECT,no,,,,unknown,no rent-series endpoint is exposed by the public API (/area-series ignores metric=RENT); absence is not zero,yes,12,1405-05,yes,1405-05,3197,yes,1405-05,6,ASKING_RENT present but empty
isfahan,272903,اصفهان,5,منطقه 5,161a0ad3-70be-d74e-5f66-83317bf881f0,272903:5,MUNICIPAL_AREA,yes,53,1400-06,1405-05,3415,DIRECT,no,,,,unknown,no rent-series endpoint is exposed by the public API (/area-series ignores metric=RENT); absence is not zero,yes,12,1405-05,yes,1405-05,3415,yes,1405-05,6,ASKING_RENT present but empty
isfahan,272903,اصفهان,6,منطقه 6,2b1f6ddd-fdb1-b3f0-870d-815af9ba66b2,272903:6,MUNICIPAL_AREA,yes,53,1400-06,1405-05,3201,DIRECT,no,,,,unknown,no rent-series endpoint is exposed by the public API (/area-series ignores metric=RENT); absence is not zero,yes,12,1405-05,yes,1405-05,3201,yes,1405-05,6,ASKING_RENT present but empty
isfahan,272903,اصفهان,7,منطقه 7,1ef0ae93-e7bb-f064-5e48-e0f61e55e841,272903:7,MUNICIPAL_AREA,yes,57,1400-06,1405-05,6232,DIRECT,no,,,,unknown,no rent-series endpoint is exposed by the public API (/area-series ignores metric=RENT); absence is not zero,yes,12,1405-05,yes,1405-05,6232,yes,1405-05,6,ASKING_RENT present but empty
isfahan,272903,اصفهان,8,منطقه 8,22e657d6-c8ce-4c4c-391c-6d9f729ab57f,272903:8,MUNICIPAL_AREA,yes,53,1400-06,1405-05,6727,DIRECT,no,,,,unknown,no rent-series endpoint is exposed by the public API (/area-series ignores metric=RENT); absence is not zero,yes,12,1405-05,yes,1405-05,6727,yes,1405-05,6,ASKING_RENT present but empty
isfahan,272903,اصفهان,9,منطقه 9,a6c208ce-1a7e-682f-fc3a-f81b8f800f17,272903:9,MUNICIPAL_AREA,yes,53,1400-06,1405-05,2266,DIRECT,no,,,,unknown,no rent-series endpoint is exposed by the public API (/area-series ignores metric=RENT); absence is not zero,yes,12,1405-05,yes,1405-05,2266,yes,1405-05,6,ASKING_RENT present but empty
isfahan,272903,اصفهان,10,منطقه 10,a28ec970-cfb3-c6db-c5db-3e2eaaba5083,272903:10,MUNICIPAL_AREA,yes,49,1400-06,1405-05,4587,DIRECT,no,,,,unknown,no rent-series endpoint is exposed by the public API (/area-series ignores metric=RENT); absence is not zero,yes,12,1405-05,yes,1405-05,4587,yes,1405-05,6,ASKING_RENT present but empty
isfahan,272903,اصفهان,11,منطقه 11,1509955c-e657-a3a0-0028-4a66e86441b5,272903:11,MUNICIPAL_AREA,yes,43,1401-09,1405-05,359,DIRECT,no,,,,unknown,no rent-series endpoint is exposed by the public API (/area-series ignores metric=RENT); absence is not zero,yes,12,1405-05,yes,1405-05,359,yes,1405-05,6,ASKING_RENT present but empty
isfahan,272903,اصفهان,12,منطقه 12,f4cd0d06-ed3d-d7ba-33b2-45faa2684b47,272903:12,MUNICIPAL_AREA,yes,53,1400-06,1405-05,3536,DIRECT,no,,,,unknown,no rent-series endpoint is exposed by the public API (/area-series ignores metric=RENT); absence is not zero,yes,12,1405-05,yes,1405-05,3536,yes,1405-05,6,ASKING_RENT present but empty
isfahan,272903,اصفهان,13,منطقه 13,19f40bbb-a7c2-78b0-0880-3cd52094356a,272903:13,MUNICIPAL_AREA,yes,51,1400-06,1405-05,2427,DIRECT,no,,,,unknown,no rent-series endpoint is exposed by the public API (/area-series ignores metric=RENT); absence is not zero,yes,12,1405-05,yes,1405-05,2427,yes,1405-05,6,ASKING_RENT present but empty
isfahan,272903,اصفهان,14,منطقه 14,95e3ecd4-5c93-71a0-3779-f946ba217117,272903:14,MUNICIPAL_AREA,yes,50,1400-06,1405-05,1375,DIRECT,no,,,,unknown,no rent-series endpoint is exposed by the public API (/area-series ignores metric=RENT); absence is not zero,yes,12,1405-05,yes,1405-05,1375,yes,1405-05,6,ASKING_RENT present but empty
isfahan,272903,اصفهان,15,منطقه 15,ea4bce18-bc5d-933c-55e3-da2df6ee6e43,272903:15,MUNICIPAL_AREA,yes,47,1400-06,1405-05,1264,DIRECT,no,,,,unknown,no rent-series endpoint is exposed by the public API (/area-series ignores metric=RENT); absence is not zero,yes,12,1405-05,yes,1405-05,1264,yes,1405-05,6,ASKING_RENT present but empty
karaj,273014,کرج,1,منطقه 1,12d3c362-a7df-8f1a-db63-50e148beda7c,273014:1,MUNICIPAL_AREA,yes,60,1400-06,1405-05,4778,DIRECT,no,,,,unknown,no rent-series endpoint is exposed by the public API (/area-series ignores metric=RENT); absence is not zero,yes,12,1405-05,yes,1405-05,4778,yes,1405-05,6,ASKING_RENT present but empty
karaj,273014,کرج,2,منطقه 2,1abe4d30-f375-ebf3-54a3-9f6778a7ea0e,273014:2,MUNICIPAL_AREA,yes,44,1401-09,1405-05,2656,DIRECT,no,,,,unknown,no rent-series endpoint is exposed by the public API (/area-series ignores metric=RENT); absence is not zero,yes,12,1405-05,yes,1405-05,2656,yes,1405-05,6,ASKING_RENT present but empty
karaj,273014,کرج,3,منطقه 3,4fe6f22d-a665-defe-e0d3-9fd1da6ca55a,273014:3,MUNICIPAL_AREA,yes,45,1401-09,1405-05,4,MODELED,no,,,,unknown,no rent-series endpoint is exposed by the public API (/area-series ignores metric=RENT); absence is not zero,yes,11,1405-03,yes,1405-05,4,yes,1405-05,6,ASKING_RENT present but empty
karaj,273014,کرج,4,منطقه 4,db67b348-0027-bdfd-4e6f-d02d8595a785,273014:4,MUNICIPAL_AREA,yes,44,1401-09,1405-05,5402,DIRECT,no,,,,unknown,no rent-series endpoint is exposed by the public API (/area-series ignores metric=RENT); absence is not zero,yes,12,1405-05,yes,1405-05,5402,yes,1405-05,6,ASKING_RENT present but empty
karaj,273014,کرج,5,منطقه 5,05d7c556-45b0-6f2b-4eec-9a5c688806cc,273014:5,MUNICIPAL_AREA,yes,60,1400-06,1405-05,7240,DIRECT,no,,,,unknown,no rent-series endpoint is exposed by the public API (/area-series ignores metric=RENT); absence is not zero,yes,12,1405-05,yes,1405-05,7240,yes,1405-05,6,ASKING_RENT present but empty
karaj,273014,کرج,6,منطقه 6,ba0a5036-8d85-26b9-9eee-bdf508317195,273014:6,MUNICIPAL_AREA,yes,59,1400-06,1405-05,8424,DIRECT,no,,,,unknown,no rent-series endpoint is exposed by the public API (/area-series ignores metric=RENT); absence is not zero,yes,12,1405-05,yes,1405-05,8424,yes,1405-05,6,ASKING_RENT present but empty
karaj,273014,کرج,7,منطقه 7,03bfe41b-74e7-6d45-3451-ae3620f5a96f,273014:7,MUNICIPAL_AREA,yes,59,1400-06,1405-05,12275,DIRECT,no,,,,unknown,no rent-series endpoint is exposed by the public API (/area-series ignores metric=RENT); absence is not zero,yes,12,1405-05,yes,1405-05,12275,yes,1405-05,6,ASKING_RENT present but empty
karaj,273014,کرج,8,منطقه 8,aec89fe6-3419-725b-bdd4-cfb164e0fde7,273014:8,MUNICIPAL_AREA,yes,59,1400-06,1405-05,3455,DIRECT,no,,,,unknown,no rent-series endpoint is exposed by the public API (/area-series ignores metric=RENT); absence is not zero,yes,12,1405-05,yes,1405-05,3455,yes,1405-05,6,ASKING_RENT present but empty
karaj,273014,کرج,9,منطقه 9,06260d0d-25a3-bd66-7430-3ce76cff05a5,273014:9,MUNICIPAL_AREA,yes,44,1401-09,1405-05,2980,DIRECT,no,,,,unknown,no rent-series endpoint is exposed by the public API (/area-series ignores metric=RENT); absence is not zero,yes,12,1405-05,yes,1405-05,2980,yes,1405-05,6,ASKING_RENT present but empty
karaj,273014,کرج,10,منطقه 10,9e5426b1-520b-2eed-ff42-41be702b4c36,273014:10,MUNICIPAL_AREA,yes,47,1401-05,1405-04,5,MODELED,no,,,,unknown,no rent-series endpoint is exposed by the public API (/area-series ignores metric=RENT); absence is not zero,yes,12,1405-02,yes,1405-04,5,yes,1405-05,6,ASKING_RENT present but empty
karaj,273014,کرج,11,منطقه 11,b807b3d3-49ab-5f09-cf9a-3baf86a1af55,273014:11,MUNICIPAL_AREA,yes,44,1401-09,1405-05,706,DIRECT,no,,,,unknown,no rent-series endpoint is exposed by the public API (/area-series ignores metric=RENT); absence is not zero,yes,12,1405-05,yes,1405-05,706,yes,1405-05,6,ASKING_RENT present but empty
karaj,273014,کرج,12,منطقه 12,f5065322-d58a-5d9f-22ee-8781ba0b22a8,273014:12,MUNICIPAL_AREA,yes,47,1400-06,1405-05,8684,DIRECT,no,,,,unknown,no rent-series endpoint is exposed by the public API (/area-series ignores metric=RENT); absence is not zero,yes,12,1405-05,yes,1405-05,8684,yes,1405-05,6,ASKING_RENT present but empty
shiraz,272896,شیراز,1,منطقه 1,78a46ed6-4109-5285-6362-6dff361af0c0,272896:1,MUNICIPAL_AREA,yes,60,1400-06,1405-05,9157,DIRECT,no,,,,unknown,no rent-series endpoint is exposed by the public API (/area-series ignores metric=RENT); absence is not zero,yes,12,1405-05,yes,1405-05,9157,yes,1405-05,6,ASKING_RENT present but empty
shiraz,272896,شیراز,2,منطقه 2,0905c12c-19e5-25a1-f4ef-b7bdf6ae5361,272896:2,MUNICIPAL_AREA,yes,56,1400-06,1405-05,4442,DIRECT,no,,,,unknown,no rent-series endpoint is exposed by the public API (/area-series ignores metric=RENT); absence is not zero,yes,12,1405-05,yes,1405-05,4442,yes,1405-05,6,ASKING_RENT present but empty
shiraz,272896,شیراز,3,منطقه 3,fab15df3-1406-a20b-55a6-2a2366095034,272896:3,MUNICIPAL_AREA,yes,51,1401-01,1405-05,1996,DIRECT,no,,,,unknown,no rent-series endpoint is exposed by the public API (/area-series ignores metric=RENT); absence is not zero,yes,12,1405-05,yes,1405-05,1996,yes,1405-05,6,ASKING_RENT present but empty
shiraz,272896,شیراز,4,منطقه 4,a8f96ea2-d343-77b6-d068-576fc8e6a562,272896:4,MUNICIPAL_AREA,yes,58,1400-06,1405-05,8355,DIRECT,no,,,,unknown,no rent-series endpoint is exposed by the public API (/area-series ignores metric=RENT); absence is not zero,yes,12,1405-05,yes,1405-05,8355,yes,1405-05,6,ASKING_RENT present but empty
shiraz,272896,شیراز,5,منطقه 5,aedd8b8b-d0a4-8ff9-07c9-2668d51c112e,272896:5,MUNICIPAL_AREA,yes,52,1400-07,1405-05,2453,DIRECT,no,,,,unknown,no rent-series endpoint is exposed by the public API (/area-series ignores metric=RENT); absence is not zero,yes,12,1405-05,yes,1405-05,2453,yes,1405-05,6,ASKING_RENT present but empty
shiraz,272896,شیراز,6,منطقه 6,78b8f708-ef29-8205-f77a-1e76243fc72c,272896:6,MUNICIPAL_AREA,yes,57,1400-06,1405-05,10296,DIRECT,no,,,,unknown,no rent-series endpoint is exposed by the public API (/area-series ignores metric=RENT); absence is not zero,yes,12,1405-05,yes,1405-05,10296,yes,1405-05,6,ASKING_RENT present but empty
shiraz,272896,شیراز,7,منطقه 7,e23f4698-e027-681f-989c-0526ac32a968,272896:7,MUNICIPAL_AREA,yes,57,1400-06,1405-05,2373,DIRECT,no,,,,unknown,no rent-series endpoint is exposed by the public API (/area-series ignores metric=RENT); absence is not zero,yes,12,1405-05,yes,1405-05,2373,yes,1405-05,6,ASKING_RENT present but empty
shiraz,272896,شیراز,8,منطقه 8,12d36366-a798-320f-299b-b05b285b3cd5,272896:8,MUNICIPAL_AREA,yes,53,1400-06,1405-05,309,DIRECT,no,,,,unknown,no rent-series endpoint is exposed by the public API (/area-series ignores metric=RENT); absence is not zero,yes,12,1405-05,yes,1405-05,309,yes,1405-05,6,ASKING_RENT present but empty
shiraz,272896,شیراز,9,منطقه 9,a939a0ee-0fc0-5598-8873-7b6e9d105317,272896:9,MUNICIPAL_AREA,yes,56,1400-06,1405-05,5383,DIRECT,no,,,,unknown,no rent-series endpoint is exposed by the public API (/area-series ignores metric=RENT); absence is not zero,yes,12,1405-05,yes,1405-05,5383,yes,1405-05,6,ASKING_RENT present but empty
shiraz,272896,شیراز,10,منطقه 10,deb2ba03-c9df-18e4-a3b2-17afcacb4dea,272896:10,MUNICIPAL_AREA,yes,53,1400-06,1405-05,9611,DIRECT,no,,,,unknown,no rent-series endpoint is exposed by the public API (/area-series ignores metric=RENT); absence is not zero,yes,12,1405-05,yes,1405-05,9611,yes,1405-05,6,ASKING_RENT present but empty
shiraz,272896,شیراز,11,منطقه 11,c9550dc4-fa84-aa1e-d974-b906a425603e,272896:11,MUNICIPAL_AREA,yes,57,1400-06,1405-05,2822,DIRECT,no,,,,unknown,no rent-series endpoint is exposed by the public API (/area-series ignores metric=RENT); absence is not zero,yes,12,1405-05,yes,1405-05,2822,yes,1405-05,6,ASKING_RENT present but empty
tabriz,242459,تبریز,1,منطقه 1,be3fbc54-8cd3-f58d-be15-6e14c29542f5,242459:1,MUNICIPAL_AREA,yes,41,1400-06,1405-05,4154,DIRECT,no,,,,unknown,no rent-series endpoint is exposed by the public API (/area-series ignores metric=RENT); absence is not zero,yes,12,1405-05,yes,1405-05,4154,yes,1405-05,6,ASKING_RENT present but empty
tabriz,242459,تبریز,2,منطقه 2,257a0bec-e1f0-b00c-c92b-6c4690b926fe,242459:2,MUNICIPAL_AREA,yes,37,1400-06,1405-05,4998,DIRECT,no,,,,unknown,no rent-series endpoint is exposed by the public API (/area-series ignores metric=RENT); absence is not zero,yes,12,1405-05,yes,1405-05,4998,yes,1405-05,6,ASKING_RENT present but empty
tabriz,242459,تبریز,3,منطقه 3,1c73b386-7f13-bb5f-81cd-0a9e7b67c4ff,242459:3,MUNICIPAL_AREA,yes,27,1400-06,1405-05,3828,DIRECT,no,,,,unknown,no rent-series endpoint is exposed by the public API (/area-series ignores metric=RENT); absence is not zero,yes,12,1405-05,yes,1405-05,3828,yes,1405-05,6,ASKING_RENT present but empty
tabriz,242459,تبریز,4,منطقه 4,03d083af-55eb-1ae8-9ce5-a704933232c0,242459:4,MUNICIPAL_AREA,yes,48,1400-06,1405-05,4271,DIRECT,no,,,,unknown,no rent-series endpoint is exposed by the public API (/area-series ignores metric=RENT); absence is not zero,yes,12,1405-05,yes,1405-05,4271,yes,1405-05,6,ASKING_RENT present but empty
tabriz,242459,تبریز,5,منطقه 5,214cfbd7-44a4-f77d-74b5-55fb8bfa1b0b,242459:5,MUNICIPAL_AREA,yes,29,1400-06,1405-05,4849,DIRECT,no,,,,unknown,no rent-series endpoint is exposed by the public API (/area-series ignores metric=RENT); absence is not zero,yes,12,1405-05,yes,1405-05,4849,yes,1405-05,6,ASKING_RENT present but empty
tabriz,242459,تبریز,6,منطقه 6,e8dd59bb-ba2b-a7d0-7cb8-dcc5d1e5384b,242459:6,MUNICIPAL_AREA,yes,27,1400-06,1405-05,2216,DIRECT,no,,,,unknown,no rent-series endpoint is exposed by the public API (/area-series ignores metric=RENT); absence is not zero,yes,12,1405-05,yes,1405-05,2216,yes,1405-05,6,ASKING_RENT present but empty
tabriz,242459,تبریز,7,منطقه 7,1e850eee-4864-afd8-14dc-0c9773624237,242459:7,MUNICIPAL_AREA,yes,24,1400-06,1405-05,4796,DIRECT,no,,,,unknown,no rent-series endpoint is exposed by the public API (/area-series ignores metric=RENT); absence is not zero,yes,12,1405-05,yes,1405-05,4796,yes,1405-05,6,ASKING_RENT present but empty
tabriz,242459,تبریز,8,منطقه 8,c4c5c315-c198-042e-77ae-03d71bea1b87,242459:8,MUNICIPAL_AREA,yes,31,1402-08,1405-05,1391,DIRECT,no,,,,unknown,no rent-series endpoint is exposed by the public API (/area-series ignores metric=RENT); absence is not zero,yes,12,1405-05,yes,1405-05,1391,yes,1405-05,6,ASKING_RENT present but empty
tabriz,242459,تبریز,9,منطقه 9,9ecd9bf9-d489-1d21-a63c-82a771c85152,242459:9,MUNICIPAL_AREA,yes,20,1403-10,1405-05,1479,DIRECT,no,,,,unknown,no rent-series endpoint is exposed by the public API (/area-series ignores metric=RENT); absence is not zero,yes,12,1405-05,yes,1405-05,1479,yes,1405-05,6,ASKING_RENT present but empty
tabriz,242459,تبریز,10,منطقه 10,2f86aa8b-cdb8-3dc3-2be2-dbf9d384aa6d,242459:10,MUNICIPAL_AREA,yes,33,1400-06,1405-05,1877,DIRECT,no,,,,unknown,no rent-series endpoint is exposed by the public API (/area-series ignores metric=RENT); absence is not zero,yes,12,1405-05,yes,1405-05,1877,yes,1405-05,6,ASKING_RENT present but empty
qom,242483,قم,1,منطقه 1,56c0c3e6-791f-8658-c563-699e6b91e806,242483:1,MUNICIPAL_AREA,yes,17,1401-10,1404-08,1102,DIRECT,no,,,,unknown,no rent-series endpoint is exposed by the public API (/area-series ignores metric=RENT); absence is not zero,yes,9,1404-06,yes,1404-08,1102,yes,1405-05,6,ASKING_RENT present but empty
qom,242483,قم,2,منطقه 2,9dfd62b8-8116-1d58-dad3-18f2d8e9beee,242483:2,MUNICIPAL_AREA,yes,7,1404-02,1404-08,271,DIRECT,no,,,,unknown,no rent-series endpoint is exposed by the public API (/area-series ignores metric=RENT); absence is not zero,yes,5,1404-06,yes,1404-08,271,yes,1405-05,6,ASKING_RENT present but empty
qom,242483,قم,3,منطقه 3,bce95e67-9511-8c0a-901d-1c84ca4cd212,242483:3,MUNICIPAL_AREA,yes,10,1403-06,1404-08,334,DIRECT,no,,,,unknown,no rent-series endpoint is exposed by the public API (/area-series ignores metric=RENT); absence is not zero,yes,5,1404-06,yes,1404-08,334,yes,1405-05,6,ASKING_RENT present but empty
qom,242483,قم,4,منطقه 4,c5d27b2e-a003-cc97-cc1b-4f66afe591b7,242483:4,MUNICIPAL_AREA,yes,35,1401-10,1405-04,2,MODELED,no,,,,unknown,no rent-series endpoint is exposed by the public API (/area-series ignores metric=RENT); absence is not zero,yes,7,1405-02,yes,1405-04,2,yes,1405-05,6,ASKING_RENT present but empty
qom,242483,قم,5,منطقه 5,a18abb94-46a8-0c70-b0bc-9242de0751e5,242483:5,MUNICIPAL_AREA,yes,15,1401-09,1404-08,190,DIRECT,no,,,,unknown,no rent-series endpoint is exposed by the public API (/area-series ignores metric=RENT); absence is not zero,yes,5,1404-06,yes,1404-08,190,yes,1405-05,6,ASKING_RENT present but empty
qom,242483,قم,6,منطقه 6,19d9c9f6-bb6b-7880-3fa8-c3cba93e6eda,242483:6,MUNICIPAL_AREA,yes,18,1401-10,1404-08,751,DIRECT,no,,,,unknown,no rent-series endpoint is exposed by the public API (/area-series ignores metric=RENT); absence is not zero,yes,9,1404-06,yes,1404-08,751,yes,1405-05,6,ASKING_RENT present but empty
qom,242483,قم,7,منطقه 7,3f940033-dbb1-d4b3-6758-dacba211daab,242483:7,MUNICIPAL_AREA,yes,22,1402-02,1404-11,1,MODELED,no,,,,unknown,no rent-series endpoint is exposed by the public API (/area-series ignores metric=RENT); absence is not zero,yes,11,1404-09,yes,1404-11,1,yes,1405-05,6,ASKING_RENT present but empty
qom,242483,قم,8,منطقه 8,c15c1aef-ec77-629f-4079-5187d751a191,242483:8,MUNICIPAL_AREA,yes,7,1404-02,1404-08,1566,DIRECT,no,,,,unknown,no rent-series endpoint is exposed by the public API (/area-series ignores metric=RENT); absence is not zero,yes,5,1404-06,yes,1404-08,1566,yes,1405-05,6,ASKING_RENT present but empty
ahvaz,242398,اهواز,1,منطقه 1,7a82010f-1b7d-cc68-9c4d-dbebce362695,242398:1,MUNICIPAL_AREA,yes,30,1399-12,1404-08,578,DIRECT,no,,,,unknown,no rent-series endpoint is exposed by the public API (/area-series ignores metric=RENT); absence is not zero,yes,9,1404-06,yes,1404-08,578,yes,1405-05,6,ASKING_RENT present but empty
ahvaz,242398,اهواز,2,منطقه 2,3197b4c6-d54d-4543-0596-d281cd0be735,242398:2,MUNICIPAL_AREA,yes,24,1400-07,1404-08,2010,DIRECT,no,,,,unknown,no rent-series endpoint is exposed by the public API (/area-series ignores metric=RENT); absence is not zero,yes,9,1404-06,yes,1404-08,2010,yes,1405-05,6,ASKING_RENT present but empty
ahvaz,242398,اهواز,3,منطقه 3,17830323-a333-7bf3-c5f5-1fd648b5f1ca,242398:3,MUNICIPAL_AREA,yes,30,1400-01,1404-08,1407,DIRECT,no,,,,unknown,no rent-series endpoint is exposed by the public API (/area-series ignores metric=RENT); absence is not zero,yes,9,1404-06,yes,1404-08,1407,yes,1405-05,6,ASKING_RENT present but empty
ahvaz,242398,اهواز,4,منطقه 4,5cbecc74-f488-1d40-057b-02c7eaa4f13b,242398:4,MUNICIPAL_AREA,yes,27,1400-06,1405-05,2,MODELED,no,,,,unknown,no rent-series endpoint is exposed by the public API (/area-series ignores metric=RENT); absence is not zero,yes,4,1405-05,yes,1405-05,2,yes,1405-05,6,ASKING_RENT present but empty
ahvaz,242398,اهواز,5,منطقه 5,25d9ee8b-3ad5-677a-26da-cf50eb2210e0,242398:5,MUNICIPAL_AREA,yes,14,1402-02,1404-08,601,DIRECT,no,,,,unknown,no rent-series endpoint is exposed by the public API (/area-series ignores metric=RENT); absence is not zero,yes,9,1404-06,yes,1404-08,601,yes,1405-05,6,ASKING_RENT present but empty
ahvaz,242398,اهواز,6,منطقه 6,c27d3b6b-c5d6-a507-8ee5-fafaf6c983ad,242398:6,MUNICIPAL_AREA,yes,14,1402-02,1404-08,426,DIRECT,no,,,,unknown,no rent-series endpoint is exposed by the public API (/area-series ignores metric=RENT); absence is not zero,yes,9,1404-06,yes,1404-08,426,yes,1405-05,6,ASKING_RENT present but empty
ahvaz,242398,اهواز,7,منطقه 7,a0c60635-9bf9-a8a0-13dd-2dee183bb708,242398:7,MUNICIPAL_AREA,yes,20,1400-08,1404-08,412,DIRECT,no,,,,unknown,no rent-series endpoint is exposed by the public API (/area-series ignores metric=RENT); absence is not zero,yes,9,1404-06,yes,1404-08,412,yes,1405-05,6,ASKING_RENT present but empty
ahvaz,242398,اهواز,8,منطقه 8,284ed248-cb36-29e7-8ed9-4bbde71734f8,242398:8,MUNICIPAL_AREA,yes,23,1400-06,1405-05,1,MODELED,no,,,,unknown,no rent-series endpoint is exposed by the public API (/area-series ignores metric=RENT); absence is not zero,yes,4,1405-03,yes,1405-05,1,yes,1405-05,6,ASKING_RENT present but empty
urumia,242382,ارومیه,1,منطقه 1,fb55f9d4-9edc-e75c-d6ed-cadc6a053d14,242382:1,MUNICIPAL_AREA,yes,11,1401-09,1404-04,368,DIRECT,no,,,,unknown,no rent-series endpoint is exposed by the public API (/area-series ignores metric=RENT); absence is not zero,yes,5,1404-02,yes,1404-04,368,yes,1405-05,6,ASKING_RENT present but empty
urumia,242382,ارومیه,2,منطقه 2,dedfdbde-6b7f-337f-7c10-b7c0e7e4475a,242382:2,MUNICIPAL_AREA,yes,11,1401-09,1404-04,368,DIRECT,no,,,,unknown,no rent-series endpoint is exposed by the public API (/area-series ignores metric=RENT); absence is not zero,yes,5,1404-02,yes,1404-04,368,yes,1405-05,6,ASKING_RENT present but empty
urumia,242382,ارومیه,3,منطقه 3,ad153c3b-636d-7f58-1c3e-fa81dd6d3558,242382:3,MUNICIPAL_AREA,yes,11,1401-09,1404-04,368,DIRECT,no,,,,unknown,no rent-series endpoint is exposed by the public API (/area-series ignores metric=RENT); absence is not zero,yes,5,1404-02,yes,1404-04,368,yes,1405-05,6,ASKING_RENT present but empty
urumia,242382,ارومیه,4,منطقه 4,07823aec-c395-924b-c345-b1a7a84c5cfe,242382:4,MUNICIPAL_AREA,yes,11,1401-09,1404-04,368,DIRECT,no,,,,unknown,no rent-series endpoint is exposed by the public API (/area-series ignores metric=RENT); absence is not zero,yes,5,1404-02,yes,1404-04,368,yes,1405-05,6,ASKING_RENT present but empty
urumia,242382,ارومیه,5,منطقه 5,ed6372eb-d151-9d20-46ca-81bf656e0243,242382:5,MUNICIPAL_AREA,yes,11,1401-09,1404-04,368,DIRECT,no,,,,unknown,no rent-series endpoint is exposed by the public API (/area-series ignores metric=RENT); absence is not zero,yes,5,1404-02,yes,1404-04,368,yes,1405-05,6,ASKING_RENT present but empty
urumia,242382,ارومیه,6,منطقه 6,b4a93332-afa0-a11d-faf9-8305ce5386dd,242382:6,MUNICIPAL_AREA,yes,11,1401-09,1404-04,368,DIRECT,no,,,,unknown,no rent-series endpoint is exposed by the public API (/area-series ignores metric=RENT); absence is not zero,yes,5,1404-02,yes,1404-04,368,yes,1405-05,6,ASKING_RENT present but empty
urumia,242382,ارومیه,7,منطقه 7,53b6d904-fee5-a91d-fb14-7ea61031bf22,242382:7,MUNICIPAL_AREA,yes,11,1401-09,1404-04,368,DIRECT,no,,,,unknown,no rent-series endpoint is exposed by the public API (/area-series ignores metric=RENT); absence is not zero,yes,5,1404-02,yes,1404-04,368,yes,1405-05,6,ASKING_RENT present but empty
urumia,242382,ارومیه,10,منطقه 10,c4ca7fba-9a25-5f58-84e8-0965aeaa2e21,242382:10,MUNICIPAL_AREA,yes,11,1401-09,1404-04,368,DIRECT,no,,,,unknown,no rent-series endpoint is exposed by the public API (/area-series ignores metric=RENT); absence is not zero,yes,5,1404-02,yes,1404-04,368,yes,1405-05,6,ASKING_RENT present but empty
urumia,242382,ارومیه,11,منطقه 11,cf9ad17c-6ed9-a7a6-e1c8-653769ae2ed5,242382:11,MUNICIPAL_AREA,yes,11,1401-09,1404-04,368,DIRECT,no,,,,unknown,no rent-series endpoint is exposed by the public API (/area-series ignores metric=RENT); absence is not zero,yes,5,1404-02,yes,1404-04,368,yes,1405-05,6,ASKING_RENT present but empty
urumia,242382,ارومیه,12,منطقه 12,eec5f644-8938-919e-e251-37bfc1fdf780,242382:12,MUNICIPAL_AREA,yes,11,1401-09,1404-04,368,DIRECT,no,,,,unknown,no rent-series endpoint is exposed by the public API (/area-series ignores metric=RENT); absence is not zero,yes,5,1404-02,yes,1404-04,368,yes,1405-05,6,ASKING_RENT present but empty
urumia,242382,ارومیه,14,منطقه 14,9955e549-37fa-cac0-2332-4fcd29b00b2f,242382:14,MUNICIPAL_AREA,yes,11,1401-09,1404-04,368,DIRECT,no,,,,unknown,no rent-series endpoint is exposed by the public API (/area-series ignores metric=RENT); absence is not zero,yes,5,1404-02,yes,1404-04,368,yes,1405-05,6,ASKING_RENT present but empty
urumia,242382,ارومیه,21,منطقه 21,1fb3e8b8-0d98-1ac4-32f9-997ab3e1fdfe,242382:21,MUNICIPAL_AREA,yes,11,1401-09,1404-04,368,DIRECT,no,,,,unknown,no rent-series endpoint is exposed by the public API (/area-series ignores metric=RENT); absence is not zero,yes,5,1404-02,yes,1404-04,368,yes,1405-05,6,ASKING_RENT present but empty
urumia,242382,ارومیه,22,منطقه 22,7d4d33fb-e1bb-afa1-336b-3cd93f858975,242382:22,MUNICIPAL_AREA,yes,11,1401-09,1404-04,368,DIRECT,no,,,,unknown,no rent-series endpoint is exposed by the public API (/area-series ignores metric=RENT); absence is not zero,yes,5,1404-02,yes,1404-04,368,yes,1405-05,6,ASKING_RENT present but empty
rasht,242556,رشت,1,منطقه 1,1893408d-ca96-979b-c24c-2915e158283a,242556:1,MUNICIPAL_AREA,yes,54,1400-06,1405-05,9252,DIRECT,no,,,,unknown,no rent-series endpoint is exposed by the public API (/area-series ignores metric=RENT); absence is not zero,yes,12,1405-05,yes,1405-05,9252,yes,1405-05,6,ASKING_RENT present but empty
rasht,242556,رشت,2,منطقه 2,8b4e344f-d9de-2d81-1292-78ceef313c4a,242556:2,MUNICIPAL_AREA,yes,32,1400-06,1405-05,2669,DIRECT,no,,,,unknown,no rent-series endpoint is exposed by the public API (/area-series ignores metric=RENT); absence is not zero,yes,12,1405-05,yes,1405-05,2669,yes,1405-05,6,ASKING_RENT present but empty
rasht,242556,رشت,3,منطقه 3,c36bce22-5446-9cfb-fdc1-70dfaf56d510,242556:3,MUNICIPAL_AREA,yes,41,1400-06,1405-05,3880,DIRECT,no,,,,unknown,no rent-series endpoint is exposed by the public API (/area-series ignores metric=RENT); absence is not zero,yes,12,1405-05,yes,1405-05,3880,yes,1405-05,6,ASKING_RENT present but empty
rasht,242556,رشت,4,منطقه 4,424ad42e-a515-1f5e-03f5-9c982ea89c67,242556:4,MUNICIPAL_AREA,yes,40,1400-06,1405-05,5801,DIRECT,no,,,,unknown,no rent-series endpoint is exposed by the public API (/area-series ignores metric=RENT); absence is not zero,yes,12,1405-05,yes,1405-05,5801,yes,1405-05,6,ASKING_RENT present but empty
rasht,242556,رشت,5,منطقه 5,079c15c8-a6ef-734f-c4fd-181466ee1048,242556:5,MUNICIPAL_AREA,yes,30,1400-06,1405-05,2651,DIRECT,no,,,,unknown,no rent-series endpoint is exposed by the public API (/area-series ignores metric=RENT); absence is not zero,yes,12,1405-05,yes,1405-05,2651,yes,1405-05,6,ASKING_RENT present but empty
