dataset_id,dataset_title,sub_table,source_kind,source_label,evidence_tier,verification,date_jalali_raw,date_jalali_ym,date_status,geography_level,district_number,district_raw,area_name,floor_area_sqm,building_age_years,building_age_text,deposit_toman,deposit_toman_min,deposit_toman_max,deposit_raw,rent_toman,rent_toman_min,rent_toman_max,rent_raw,rent_is_free,amenities,flag_amount_ambiguous,notes,source_row
2,"Rental Prices in Districts 8, 13, 14 (Medium Size, 10-25 Years Old)",,image_transcription,User Image (Turn 3),C,unverified_transcription,,,missing,neighbourhood,8,8,درشت,90,20,20,500000000.0,,,500,30000000.0,,,30,False,,False,,39
2,"Rental Prices in Districts 8, 13, 14 (Medium Size, 10-25 Years Old)",,image_transcription,User Image (Turn 3),C,unverified_transcription,,,missing,neighbourhood,8,8,درشت,75,25,25,200000000.0,,,200,22000000.0,,,22,False,,False,,40
2,"Rental Prices in Districts 8, 13, 14 (Medium Size, 10-25 Years Old)",,image_transcription,User Image (Turn 3),C,unverified_transcription,,,missing,neighbourhood,8,8,هفت حوض,83,15,15,1500000000.0,,,1500,24000000.0,,,24,False,,False,,41
2,"Rental Prices in Districts 8, 13, 14 (Medium Size, 10-25 Years Old)",,image_transcription,User Image (Turn 3),C,unverified_transcription,,,missing,neighbourhood,8,8,هفت حوض,70,17,17,1200000000.0,,,1200,,,,-,False,,False,,42
2,"Rental Prices in Districts 8, 13, 14 (Medium Size, 10-25 Years Old)",,image_transcription,User Image (Turn 3),C,unverified_transcription,,,missing,neighbourhood,8,8,نارمک,71,20,20,1000000000.0,,,1000,9000000.0,,,9,False,,False,,43
2,"Rental Prices in Districts 8, 13, 14 (Medium Size, 10-25 Years Old)",,image_transcription,User Image (Turn 3),C,unverified_transcription,,,missing,neighbourhood,8,8,نارمک,85,17,17,1000000000.0,,,1000,15000000.0,,,15,False,,False,,44
2,"Rental Prices in Districts 8, 13, 14 (Medium Size, 10-25 Years Old)",,image_transcription,User Image (Turn 3),C,unverified_transcription,,,missing,neighbourhood,8,8,نارمک,90,11,11,1500000000.0,,,1500,27000000.0,,,27,False,,False,,45
2,"Rental Prices in Districts 8, 13, 14 (Medium Size, 10-25 Years Old)",,image_transcription,User Image (Turn 3),C,unverified_transcription,,,missing,neighbourhood,8,8,مجیدیه,83,90,90,700000000.0,,,700,25000000.0,,,25,False,,False,implausible_building_age:90,46
2,"Rental Prices in Districts 8, 13, 14 (Medium Size, 10-25 Years Old)",,image_transcription,User Image (Turn 3),C,unverified_transcription,,,missing,neighbourhood,8,8,مجیدیه,72,22,22,850000000.0,,,850,12000000.0,,,12,False,,False,,47
2,"Rental Prices in Districts 8, 13, 14 (Medium Size, 10-25 Years Old)",,image_transcription,User Image (Turn 3),C,unverified_transcription,,,missing,neighbourhood,8,8,مدائن,100,15,15,1000000000.0,,,1000,55000000.0,,,55,False,,False,,48
2,"Rental Prices in Districts 8, 13, 14 (Medium Size, 10-25 Years Old)",,image_transcription,User Image (Turn 3),C,unverified_transcription,,,missing,neighbourhood,8,8,مدائن,82,19,19,1500000000.0,,,1500,15000000.0,,,15,False,,False,,49
2,"Rental Prices in Districts 8, 13, 14 (Medium Size, 10-25 Years Old)",,image_transcription,User Image (Turn 3),C,unverified_transcription,,,missing,neighbourhood,8,8,فدک,86,25,25,1350000000.0,,,1350,,,,-,False,,False,,50
2,"Rental Prices in Districts 8, 13, 14 (Medium Size, 10-25 Years Old)",,image_transcription,User Image (Turn 3),C,unverified_transcription,,,missing,neighbourhood,8,8,کرمان,80,12,12,1000000000.0,,,1000,23000000.0,,,23,False,,False,,51
2,"Rental Prices in Districts 8, 13, 14 (Medium Size, 10-25 Years Old)",,image_transcription,User Image (Turn 3),C,unverified_transcription,,,missing,neighbourhood,8,8,لشکر,80,11,11,1000000000.0,,,1000,35000000.0,,,35,False,,False,,52
2,"Rental Prices in Districts 8, 13, 14 (Medium Size, 10-25 Years Old)",,image_transcription,User Image (Turn 3),C,unverified_transcription,,,missing,neighbourhood,8,8,سبلان,84,12,12,1000000000.0,,,1000,20000000.0,,,20,False,,False,,53
2,"Rental Prices in Districts 8, 13, 14 (Medium Size, 10-25 Years Old)",,image_transcription,User Image (Turn 3),C,unverified_transcription,,,missing,neighbourhood,8,8,تسلیحات,72,20,20,1000000000.0,,,1000,10000000.0,,,10,False,,False,,54
2,"Rental Prices in Districts 8, 13, 14 (Medium Size, 10-25 Years Old)",,image_transcription,User Image (Turn 3),C,unverified_transcription,,,missing,neighbourhood,8,8,تسلیحات,100,20,20,400000000.0,,,400,25000000.0,,,25,False,,False,,55
2,"Rental Prices in Districts 8, 13, 14 (Medium Size, 10-25 Years Old)",,image_transcription,User Image (Turn 3),C,unverified_transcription,,,missing,neighbourhood,8,8,وحیدیه,75,25,25,800000000.0,,,800,,,,-,False,,False,,56
2,"Rental Prices in Districts 8, 13, 14 (Medium Size, 10-25 Years Old)",,image_transcription,User Image (Turn 3),C,unverified_transcription,,,missing,neighbourhood,8,8,زرکش,75,17,17,350000000.0,,,350,23000000.0,,,23,False,,False,,57
2,"Rental Prices in Districts 8, 13, 14 (Medium Size, 10-25 Years Old)",,image_transcription,User Image (Turn 3),C,unverified_transcription,,,missing,neighbourhood,13,13,نیروی هوایی,86,14,14,400000000.0,,,400,25000000.0,,,25,False,,False,,58
2,"Rental Prices in Districts 8, 13, 14 (Medium Size, 10-25 Years Old)",,image_transcription,User Image (Turn 3),C,unverified_transcription,,,missing,neighbourhood,13,13,نیروی هوایی,90,15,15,500000000.0,,,500,23000000.0,,,23,False,,False,,59
2,"Rental Prices in Districts 8, 13, 14 (Medium Size, 10-25 Years Old)",,image_transcription,User Image (Turn 3),C,unverified_transcription,,,missing,neighbourhood,13,13,نیروی هوایی,76,13,13,1000000000.0,,,1000,,,,-,False,,False,,60
2,"Rental Prices in Districts 8, 13, 14 (Medium Size, 10-25 Years Old)",,image_transcription,User Image (Turn 3),C,unverified_transcription,,,missing,neighbourhood,13,13,پیروزی,70,22,22,800000000.0,,,800,15000000.0,,,15,False,,False,,61
2,"Rental Prices in Districts 8, 13, 14 (Medium Size, 10-25 Years Old)",,image_transcription,User Image (Turn 3),C,unverified_transcription,,,missing,neighbourhood,13,13,پیروزی,90,20,20,2000000000.0,,,2000,,,,-,False,,False,,62
2,"Rental Prices in Districts 8, 13, 14 (Medium Size, 10-25 Years Old)",,image_transcription,User Image (Turn 3),C,unverified_transcription,,,missing,neighbourhood,13,13,امامت,80,21,21,600000000.0,,,600,24000000.0,,,24,False,,False,,63
2,"Rental Prices in Districts 8, 13, 14 (Medium Size, 10-25 Years Old)",,image_transcription,User Image (Turn 3),C,unverified_transcription,,,missing,neighbourhood,13,13,امامت,70,18,18,600000000.0,,,600,15000000.0,,,15,False,,False,,64
2,"Rental Prices in Districts 8, 13, 14 (Medium Size, 10-25 Years Old)",,image_transcription,User Image (Turn 3),C,unverified_transcription,,,missing,neighbourhood,13,13,امامت,90,19,19,700000000.0,,,700,12000000.0,,,12,False,,False,,65
2,"Rental Prices in Districts 8, 13, 14 (Medium Size, 10-25 Years Old)",,image_transcription,User Image (Turn 3),C,unverified_transcription,,,missing,neighbourhood,13,13,اسدی,90,25,25,500000000.0,,,500,30000000.0,,,30,False,,False,,66
2,"Rental Prices in Districts 8, 13, 14 (Medium Size, 10-25 Years Old)",,image_transcription,User Image (Turn 3),C,unverified_transcription,,,missing,neighbourhood,13,13,اسدی,100,20,20,500000000.0,,,500,16000000.0,,,16,False,,False,,67
2,"Rental Prices in Districts 8, 13, 14 (Medium Size, 10-25 Years Old)",,image_transcription,User Image (Turn 3),C,unverified_transcription,,,missing,neighbourhood,13,13,تهران نو,90,15,15,500000000.0,,,500,39000000.0,,,39,False,,False,,68
2,"Rental Prices in Districts 8, 13, 14 (Medium Size, 10-25 Years Old)",,image_transcription,User Image (Turn 3),C,unverified_transcription,,,missing,neighbourhood,13,13,تهران نو,83,13,13,500000000.0,,,500,26000000.0,,,26,False,,False,,69
2,"Rental Prices in Districts 8, 13, 14 (Medium Size, 10-25 Years Old)",,image_transcription,User Image (Turn 3),C,unverified_transcription,,,missing,neighbourhood,13,13,تهران نو,100,20,20,700000000.0,,,700,30000000.0,,,30,False,,False,,70
2,"Rental Prices in Districts 8, 13, 14 (Medium Size, 10-25 Years Old)",,image_transcription,User Image (Turn 3),C,unverified_transcription,,,missing,neighbourhood,13,13,اشراقی,95,17,17,400000000.0,,,400,25000000.0,,,25,False,,False,,71
2,"Rental Prices in Districts 8, 13, 14 (Medium Size, 10-25 Years Old)",,image_transcription,User Image (Turn 3),C,unverified_transcription,,,missing,neighbourhood,13,13,اشراقی,85,16,16,800000000.0,,,800,23000000.0,,,23,False,,False,,72
2,"Rental Prices in Districts 8, 13, 14 (Medium Size, 10-25 Years Old)",,image_transcription,User Image (Turn 3),C,unverified_transcription,,,missing,neighbourhood,13,13,دهقان,70,20,20,700000000.0,,,700,15000000.0,,,15,False,,False,,73
2,"Rental Prices in Districts 8, 13, 14 (Medium Size, 10-25 Years Old)",,image_transcription,User Image (Turn 3),C,unverified_transcription,,,missing,neighbourhood,13,13,دهقان,80,17,17,900000000.0,,,900,10000000.0,,,10,False,,False,,74
2,"Rental Prices in Districts 8, 13, 14 (Medium Size, 10-25 Years Old)",,image_transcription,User Image (Turn 3),C,unverified_transcription,,,missing,neighbourhood,14,14,شکوفه,85,20,20,500000000.0,,,500,21000000.0,,,21,False,,False,,75
2,"Rental Prices in Districts 8, 13, 14 (Medium Size, 10-25 Years Old)",,image_transcription,User Image (Turn 3),C,unverified_transcription,,,missing,neighbourhood,14,14,شکوفه,92,20,20,1000000000.0,,,1000,18000000.0,,,18,False,,False,,76
2,"Rental Prices in Districts 8, 13, 14 (Medium Size, 10-25 Years Old)",,image_transcription,User Image (Turn 3),C,unverified_transcription,,,missing,neighbourhood,14,14,شکوفه,93,18,18,700000000.0,,,700,15000000.0,,,15,False,,False,,77
2,"Rental Prices in Districts 8, 13, 14 (Medium Size, 10-25 Years Old)",,image_transcription,User Image (Turn 3),C,unverified_transcription,,,missing,neighbourhood,14,14,چهارصد دستگاه,92,15,15,1600000000.0,,,1600,10000000.0,,,10,False,,False,,78
2,"Rental Prices in Districts 8, 13, 14 (Medium Size, 10-25 Years Old)",,image_transcription,User Image (Turn 3),C,unverified_transcription,,,missing,neighbourhood,14,14,چهارصد دستگاه,78,16,16,1000000000.0,,,1000,11000000.0,,,11,False,,False,,79
2,"Rental Prices in Districts 8, 13, 14 (Medium Size, 10-25 Years Old)",,image_transcription,User Image (Turn 3),C,unverified_transcription,,,missing,neighbourhood,14,14,چهارصد دستگاه,70,18,18,700000000.0,,,700,20000000.0,,,20,False,,False,,80
2,"Rental Prices in Districts 8, 13, 14 (Medium Size, 10-25 Years Old)",,image_transcription,User Image (Turn 3),C,unverified_transcription,,,missing,neighbourhood,14,14,پرستار,70,21,21,1500000000.0,,,1500,,,,-,False,,False,,81
2,"Rental Prices in Districts 8, 13, 14 (Medium Size, 10-25 Years Old)",,image_transcription,User Image (Turn 3),C,unverified_transcription,,,missing,neighbourhood,14,14,پرستار,90,12,12,500000000.0,,,500,45000000.0,,,45,False,,False,,82
2,"Rental Prices in Districts 8, 13, 14 (Medium Size, 10-25 Years Old)",,image_transcription,User Image (Turn 3),C,unverified_transcription,,,missing,neighbourhood,14,14,پرستار,88,11,11,800000000.0,,,800,30000000.0,,,30,False,,False,,83
2,"Rental Prices in Districts 8, 13, 14 (Medium Size, 10-25 Years Old)",,image_transcription,User Image (Turn 3),C,unverified_transcription,,,missing,neighbourhood,14,14,تاکسیرانی,95,18,18,500000000.0,,,500,30000000.0,,,30,False,,False,,84
2,"Rental Prices in Districts 8, 13, 14 (Medium Size, 10-25 Years Old)",,image_transcription,User Image (Turn 3),C,unverified_transcription,,,missing,neighbourhood,14,14,دولاب,100,17,17,1000000000.0,,,1000,17000000.0,,,17,False,,False,,85
2,"Rental Prices in Districts 8, 13, 14 (Medium Size, 10-25 Years Old)",,image_transcription,User Image (Turn 3),C,unverified_transcription,,,missing,neighbourhood,14,14,دولاب,73,23,23,1000000000.0,,,1000,5000000.0,,,5,False,,False,,86
2,"Rental Prices in Districts 8, 13, 14 (Medium Size, 10-25 Years Old)",,image_transcription,User Image (Turn 3),C,unverified_transcription,,,missing,neighbourhood,14,14,آهنگ,70,25,25,700000000.0,,,700,10000000.0,,,10,False,,False,,87
2,"Rental Prices in Districts 8, 13, 14 (Medium Size, 10-25 Years Old)",,image_transcription,User Image (Turn 3),C,unverified_transcription,,,missing,neighbourhood,14,14,آهنگ,90,20,20,1000000000.0,,,1000,20000000.0,,,20,False,,False,,88
2,"Rental Prices in Districts 8, 13, 14 (Medium Size, 10-25 Years Old)",,image_transcription,User Image (Turn 3),C,unverified_transcription,,,missing,neighbourhood,14,14,آهنگ,80,17,17,500000000.0,,,500,25000000.0,,,25,False,,False,,89
2,"Rental Prices in Districts 8, 13, 14 (Medium Size, 10-25 Years Old)",,image_transcription,User Image (Turn 3),C,unverified_transcription,,,missing,neighbourhood,14,14,مینا,85,16,16,1000000000.0,,,1000,15000000.0,,,15,False,,False,,90
2,"Rental Prices in Districts 8, 13, 14 (Medium Size, 10-25 Years Old)",,image_transcription,User Image (Turn 3),C,unverified_transcription,,,missing,neighbourhood,14,14,مینا,95,11,11,1000000000.0,,,1000,30000000.0,,,30,False,,False,,91
3,Aban 1404 Rental Prices (22 Districts of Tehran),,image_transcription,"User Images (Turns 4, 5, 6)",C,unverified_transcription,آبان 1404 (Aban 1404),1404-08,explicit,neighbourhood,1,1,تجریش، شریعتی,125,6,6,1000000000.0,,,1000,60000000.0,,,60,False,,False,,103
3,Aban 1404 Rental Prices (22 Districts of Tehran),,image_transcription,"User Images (Turns 4, 5, 6)",C,unverified_transcription,آبان 1404 (Aban 1404),1404-08,explicit,neighbourhood,1,1,زعفرانیه، اعجازی,125,7,7,1500000000.0,,,1500,45000000.0,,,45,False,,False,,104
3,Aban 1404 Rental Prices (22 Districts of Tehran),,image_transcription,"User Images (Turns 4, 5, 6)",C,unverified_transcription,آبان 1404 (Aban 1404),1404-08,explicit,neighbourhood,1,1,فرمانیه، نوبان,140,10,10,1000000000.0,,,1000,85000000.0,,,85,False,,False,,105
3,Aban 1404 Rental Prices (22 Districts of Tehran),,image_transcription,"User Images (Turns 4, 5, 6)",C,unverified_transcription,آبان 1404 (Aban 1404),1404-08,explicit,neighbourhood,1,1,ولنجک، ساسان,130,8,8,1000000000.0,,,1000,70000000.0,,,70,False,,False,,106
3,Aban 1404 Rental Prices (22 Districts of Tehran),,image_transcription,"User Images (Turns 4, 5, 6)",C,unverified_transcription,آبان 1404 (Aban 1404),1404-08,explicit,neighbourhood,1,1,ارگ، نوهار,130,6,6,1000000000.0,,,1000,60000000.0,,,60,False,,False,,107
3,Aban 1404 Rental Prices (22 Districts of Tehran),,image_transcription,"User Images (Turns 4, 5, 6)",C,unverified_transcription,آبان 1404 (Aban 1404),1404-08,explicit,neighbourhood,2,2,سعادت‌آباد، صرافها,100,6,6,1000000000.0,,,1000,40000000.0,,,40,False,,False,,108
3,Aban 1404 Rental Prices (22 Districts of Tehran),,image_transcription,"User Images (Turns 4, 5, 6)",C,unverified_transcription,آبان 1404 (Aban 1404),1404-08,explicit,neighbourhood,2,2,گیشا,90,9,9,800000000.0,,,800,30000000.0,,,30,False,,False,,109
3,Aban 1404 Rental Prices (22 Districts of Tehran),,image_transcription,"User Images (Turns 4, 5, 6)",C,unverified_transcription,آبان 1404 (Aban 1404),1404-08,explicit,neighbourhood,2,2,مرزداران شرقی، زاگرس,78,9,9,500000000.0,,,500,55000000.0,,,55,False,,False,,110
3,Aban 1404 Rental Prices (22 Districts of Tehran),,image_transcription,"User Images (Turns 4, 5, 6)",C,unverified_transcription,آبان 1404 (Aban 1404),1404-08,explicit,neighbourhood,2,2,شهرآرا، بیست و هفتم,75,9,9,550000000.0,,,550,26000000.0,,,26,False,,False,,111
3,Aban 1404 Rental Prices (22 Districts of Tehran),,image_transcription,"User Images (Turns 4, 5, 6)",C,unverified_transcription,آبان 1404 (Aban 1404),1404-08,explicit,neighbourhood,2,2,دریا نو، زنجان شمالی,85,8,8,500000000.0,,,500,31000000.0,,,31,False,,False,,112
3,Aban 1404 Rental Prices (22 Districts of Tehran),,image_transcription,"User Images (Turns 4, 5, 6)",C,unverified_transcription,آبان 1404 (Aban 1404),1404-08,explicit,neighbourhood,2,2,اختیاریه، فداییان,100,6,6,800000000.0,,,800,12000000.0,,,12,False,,False,,113
3,Aban 1404 Rental Prices (22 Districts of Tehran),,image_transcription,"User Images (Turns 4, 5, 6)",C,unverified_transcription,آبان 1404 (Aban 1404),1404-08,explicit,neighbourhood,3,3,دروس، شادلو,127,10,10,1000000000.0,,,1000,60000000.0,,,60,False,,False,,114
3,Aban 1404 Rental Prices (22 Districts of Tehran),,image_transcription,"User Images (Turns 4, 5, 6)",C,unverified_transcription,آبان 1404 (Aban 1404),1404-08,explicit,neighbourhood,3,3,جردن، یزدان پناه,115,6,6,1000000000.0,,,1000,58000000.0,,,58,False,,False,,115
3,Aban 1404 Rental Prices (22 Districts of Tehran),,image_transcription,"User Images (Turns 4, 5, 6)",C,unverified_transcription,آبان 1404 (Aban 1404),1404-08,explicit,neighbourhood,3,3,ونک، شیرازی,135,8,8,1000000000.0,,,1000,70000000.0,,,70,False,,False,,116
3,Aban 1404 Rental Prices (22 Districts of Tehran),,image_transcription,"User Images (Turns 4, 5, 6)",C,unverified_transcription,آبان 1404 (Aban 1404),1404-08,explicit,neighbourhood,3,3,میرداماد، معتمدزاد,112,9,9,1000000000.0,,,1000,42000000.0,,,42,False,,False,,117
3,Aban 1404 Rental Prices (22 Districts of Tehran),,image_transcription,"User Images (Turns 4, 5, 6)",C,unverified_transcription,آبان 1404 (Aban 1404),1404-08,explicit,neighbourhood,4,4,تهرانپارس غربی، گلشنی,75,6,6,800000000.0,,,800,15000000.0,,,15,False,,False,,118
3,Aban 1404 Rental Prices (22 Districts of Tehran),,image_transcription,"User Images (Turns 4, 5, 6)",C,unverified_transcription,آبان 1404 (Aban 1404),1404-08,explicit,neighbourhood,4,4,حکیمیه، شایین شمالی,75,8,8,700000000.0,,,700,16000000.0,,,16,False,,False,,119
3,Aban 1404 Rental Prices (22 Districts of Tehran),,image_transcription,"User Images (Turns 4, 5, 6)",C,unverified_transcription,آبان 1404 (Aban 1404),1404-08,explicit,neighbourhood,4,4,علم و صنعت، فرجام,90,5,5,300000000.0,,,300,23000000.0,,,23,False,,False,,120
3,Aban 1404 Rental Prices (22 Districts of Tehran),,image_transcription,"User Images (Turns 4, 5, 6)",C,unverified_transcription,آبان 1404 (Aban 1404),1404-08,explicit,neighbourhood,4,4,شمس‌آباد، محمدی,78,9,9,700000000.0,,,700,20000000.0,,,20,False,,False,,121
3,Aban 1404 Rental Prices (22 Districts of Tehran),,image_transcription,"User Images (Turns 4, 5, 6)",C,unverified_transcription,آبان 1404 (Aban 1404),1404-08,explicit,neighbourhood,5,5,هروی، بوستان هفتم,90,9,9,1000000000.0,,,1000,28000000.0,,,28,False,,False,,122
3,Aban 1404 Rental Prices (22 Districts of Tehran),,image_transcription,"User Images (Turns 4, 5, 6)",C,unverified_transcription,آبان 1404 (Aban 1404),1404-08,explicit,neighbourhood,5,5,پونک، گلزار یکم,90,10,10,800000000.0,,,800,21000000.0,,,21,False,,False,,123
3,Aban 1404 Rental Prices (22 Districts of Tehran),,image_transcription,"User Images (Turns 4, 5, 6)",C,unverified_transcription,آبان 1404 (Aban 1404),1404-08,explicit,neighbourhood,5,5,فردوس شرق,70,9,9,400000000.0,,,400,25000000.0,,,25,False,,False,,124
3,Aban 1404 Rental Prices (22 Districts of Tehran),,image_transcription,"User Images (Turns 4, 5, 6)",C,unverified_transcription,آبان 1404 (Aban 1404),1404-08,explicit,neighbourhood,5,5,جنت‌آباد مرکزی,88,6,6,500000000.0,,,500,30000000.0,,,30,False,,False,,125
3,Aban 1404 Rental Prices (22 Districts of Tehran),,image_transcription,"User Images (Turns 4, 5, 6)",C,unverified_transcription,آبان 1404 (Aban 1404),1404-08,explicit,neighbourhood,5,5,شهران جنوبی,90,9,9,800000000.0,,,800,15000000.0,,,15,False,,False,,126
3,Aban 1404 Rental Prices (22 Districts of Tehran),,image_transcription,"User Images (Turns 4, 5, 6)",C,unverified_transcription,آبان 1404 (Aban 1404),1404-08,explicit,neighbourhood,5,5,آپادانا، گل افشان,77,7,7,900000000.0,,,900,11000000.0,,,11,False,,False,,127
3,Aban 1404 Rental Prices (22 Districts of Tehran),,image_transcription,"User Images (Turns 4, 5, 6)",C,unverified_transcription,آبان 1404 (Aban 1404),1404-08,explicit,neighbourhood,5,5,یوسف‌آباد، اسدآبادی,85,8,8,500000000.0,,,500,45000000.0,,,45,False,,False,,128
3,Aban 1404 Rental Prices (22 Districts of Tehran),,image_transcription,"User Images (Turns 4, 5, 6)",C,unverified_transcription,آبان 1404 (Aban 1404),1404-08,explicit,neighbourhood,6,6,امیرآباد، بیست و سوم,96,6,6,1200000000.0,,,1200,23000000.0,,,23,False,,False,,129
3,Aban 1404 Rental Prices (22 Districts of Tehran),,image_transcription,"User Images (Turns 4, 5, 6)",C,unverified_transcription,آبان 1404 (Aban 1404),1404-08,explicit,neighbourhood,6,6,بلوارکشاورز، دائمی,85,6,6,500000000.0,,,500,35000000.0,,,35,False,,False,,130
3,Aban 1404 Rental Prices (22 Districts of Tehran),,image_transcription,"User Images (Turns 4, 5, 6)",C,unverified_transcription,آبان 1404 (Aban 1404),1404-08,explicit,neighbourhood,6,6,فاطمی، کاج جنوبی,83,9,9,700000000.0,,,700,22000000.0,,,22,False,,False,,131
3,Aban 1404 Rental Prices (22 Districts of Tehran),,image_transcription,"User Images (Turns 4, 5, 6)",C,unverified_transcription,آبان 1404 (Aban 1404),1404-08,explicit,neighbourhood,6,6,بهجت‌آباد، عبه,90,9,9,800000000.0,,,800,25000000.0,,,25,False,,False,,132
3,Aban 1404 Rental Prices (22 Districts of Tehran),,image_transcription,"User Images (Turns 4, 5, 6)",C,unverified_transcription,آبان 1404 (Aban 1404),1404-08,explicit,neighbourhood,6,6,شهرداری شمالی، قندی,90,9,9,800000000.0,,,800,30000000.0,,,30,False,,False,,133
3,Aban 1404 Rental Prices (22 Districts of Tehran),,image_transcription,"User Images (Turns 4, 5, 6)",C,unverified_transcription,آبان 1404 (Aban 1404),1404-08,explicit,neighbourhood,7,7,بهار، طباطبایی,85,10,10,300000000.0,,,300,35000000.0,,,35,False,,False,,134
3,Aban 1404 Rental Prices (22 Districts of Tehran),,image_transcription,"User Images (Turns 4, 5, 6)",C,unverified_transcription,آبان 1404 (Aban 1404),1404-08,explicit,neighbourhood,7,7,خواجه نظام الملک,76,6,6,500000000.0,,,500,30000000.0,,,30,False,,False,,135
3,Aban 1404 Rental Prices (22 Districts of Tehran),,image_transcription,"User Images (Turns 4, 5, 6)",C,unverified_transcription,آبان 1404 (Aban 1404),1404-08,explicit,neighbourhood,7,7,پلیس، کلیم کاشانی,86,6,6,400000000.0,,,400,23000000.0,,,23,False,,False,,136
3,Aban 1404 Rental Prices (22 Districts of Tehran),,image_transcription,"User Images (Turns 4, 5, 6)",C,unverified_transcription,آبان 1404 (Aban 1404),1404-08,explicit,neighbourhood,7,7,ارامنه,75,8,8,300000000.0,,,300,14000000.0,,,14,False,,False,,137
3,Aban 1404 Rental Prices (22 Districts of Tehran),,image_transcription,"User Images (Turns 4, 5, 6)",C,unverified_transcription,آبان 1404 (Aban 1404),1404-08,explicit,neighbourhood,8,8,هفت حوض، رضوان,83,8,8,1000000000.0,,,1000,15000000.0,,,15,False,,False,,138
3,Aban 1404 Rental Prices (22 Districts of Tehran),,image_transcription,"User Images (Turns 4, 5, 6)",C,unverified_transcription,آبان 1404 (Aban 1404),1404-08,explicit,neighbourhood,8,8,درشت، حمزه لویی,90,7,7,500000000.0,,,500,25000000.0,,,25,False,,False,,139
3,Aban 1404 Rental Prices (22 Districts of Tehran),,image_transcription,"User Images (Turns 4, 5, 6)",C,unverified_transcription,آبان 1404 (Aban 1404),1404-08,explicit,neighbourhood,8,8,سبلان، نوروزی فرد,70,10,10,400000000.0,,,400,15000000.0,,,15,False,,False,,140
3,Aban 1404 Rental Prices (22 Districts of Tehran),,image_transcription,"User Images (Turns 4, 5, 6)",C,unverified_transcription,آبان 1404 (Aban 1404),1404-08,explicit,neighbourhood,8,8,وحیدیه، مهر,70,7,7,500000000.0,,,500,13000000.0,,,13,False,,False,,141
3,Aban 1404 Rental Prices (22 Districts of Tehran),,image_transcription,"User Images (Turns 4, 5, 6)",C,unverified_transcription,آبان 1404 (Aban 1404),1404-08,explicit,neighbourhood,8,8,کرمان، عشقی,80,9,9,750000000.0,,,750,7000000.0,,,7,False,,False,,142
3,Aban 1404 Rental Prices (22 Districts of Tehran),,image_transcription,"User Images (Turns 4, 5, 6)",C,unverified_transcription,آبان 1404 (Aban 1404),1404-08,explicit,neighbourhood,9,9,استاد معین، نارنجستان,81,8,8,700000000.0,,,700,16000000.0,,,16,False,,False,,143
3,Aban 1404 Rental Prices (22 Districts of Tehran),,image_transcription,"User Images (Turns 4, 5, 6)",C,unverified_transcription,آبان 1404 (Aban 1404),1404-08,explicit,neighbourhood,9,9,دکترهوشیار، ۲۱ متری جی,70,10,10,500000000.0,,,500,,6000000.0,15500000.0,6 / 15.5,False,,True,two_values_in_one_cell,144
3,Aban 1404 Rental Prices (22 Districts of Tehran),,image_transcription,"User Images (Turns 4, 5, 6)",C,unverified_transcription,آبان 1404 (Aban 1404),1404-08,explicit,neighbourhood,9,9,مهرآباد جنوبی,83,8,8,300000000.0,,,300,15000000.0,,,15,False,,False,,145
3,Aban 1404 Rental Prices (22 Districts of Tehran),,image_transcription,"User Images (Turns 4, 5, 6)",C,unverified_transcription,آبان 1404 (Aban 1404),1404-08,explicit,neighbourhood,9,9,دستغیب، امیر,80,5,5,300000000.0,,,300,14000000.0,,,14,False,,False,,146
3,Aban 1404 Rental Prices (22 Districts of Tehran),,image_transcription,"User Images (Turns 4, 5, 6)",C,unverified_transcription,آبان 1404 (Aban 1404),1404-08,explicit,neighbourhood,9,9,امامزاده عبدالله، بختیاری,85,9,9,500000000.0,,,500,10000000.0,,,10,False,,False,,147
3,Aban 1404 Rental Prices (22 Districts of Tehran),,image_transcription,"User Images (Turns 4, 5, 6)",C,unverified_transcription,آبان 1404 (Aban 1404),1404-08,explicit,neighbourhood,10,10,بریانک، خورشیدی,75,8,8,500000000.0,,,500,,5000000.0,10500000.0,5 / 10.5,False,,True,two_values_in_one_cell,148
3,Aban 1404 Rental Prices (22 Districts of Tehran),,image_transcription,"User Images (Turns 4, 5, 6)",C,unverified_transcription,آبان 1404 (Aban 1404),1404-08,explicit,neighbourhood,10,10,جیحون، کارون,85,9,9,600000000.0,,,600,11000000.0,,,11,False,,False,,149
3,Aban 1404 Rental Prices (22 Districts of Tehran),,image_transcription,"User Images (Turns 4, 5, 6)",C,unverified_transcription,آبان 1404 (Aban 1404),1404-08,explicit,neighbourhood,10,10,زنجان جنوبی، اسدی,70,10,10,600000000.0,,,600,15000000.0,,,15,False,,False,,150
3,Aban 1404 Rental Prices (22 Districts of Tehran),,image_transcription,"User Images (Turns 4, 5, 6)",C,unverified_transcription,آبان 1404 (Aban 1404),1404-08,explicit,neighbourhood,10,10,سلسبیل شمالی,70,9,9,500000000.0,,,500,15000000.0,,,15,False,,False,,151
3,Aban 1404 Rental Prices (22 Districts of Tehran),,image_transcription,"User Images (Turns 4, 5, 6)",C,unverified_transcription,آبان 1404 (Aban 1404),1404-08,explicit,neighbourhood,10,10,سلیمانی، غفوری,80,8,8,400000000.0,,,400,,4000000.0,12500000.0,4 / 12.5,False,,True,two_values_in_one_cell,152
3,Aban 1404 Rental Prices (22 Districts of Tehran),,image_transcription,"User Images (Turns 4, 5, 6)",C,unverified_transcription,آبان 1404 (Aban 1404),1404-08,explicit,neighbourhood,11,11,منیریه، مطق,90,8,8,1300000000.0,,,1300,0.0,,,0,False,,True,zero_rent_as_written,153
3,Aban 1404 Rental Prices (22 Districts of Tehran),,image_transcription,"User Images (Turns 4, 5, 6)",C,unverified_transcription,آبان 1404 (Aban 1404),1404-08,explicit,neighbourhood,11,11,امیربهادر، برزگر,78,7,7,500000000.0,,,500,17000000.0,,,17,False,,False,,154
3,Aban 1404 Rental Prices (22 Districts of Tehran),,image_transcription,"User Images (Turns 4, 5, 6)",C,unverified_transcription,آبان 1404 (Aban 1404),1404-08,explicit,neighbourhood,11,11,گمرک,72,9,9,550000000.0,,,550,3000000.0,,,3,False,,False,,155
3,Aban 1404 Rental Prices (22 Districts of Tehran),,image_transcription,"User Images (Turns 4, 5, 6)",C,unverified_transcription,آبان 1404 (Aban 1404),1404-08,explicit,neighbourhood,11,11,امیریه، قزوین,73,8,8,800000000.0,,,800,,,,-,False,,False,,156
3,Aban 1404 Rental Prices (22 Districts of Tehran),,image_transcription,"User Images (Turns 4, 5, 6)",C,unverified_transcription,آبان 1404 (Aban 1404),1404-08,explicit,neighbourhood,11,11,جمالزاده، دیمان,75,5,5,600000000.0,,,600,17500000.0,,,17.5,False,,False,,157
3,Aban 1404 Rental Prices (22 Districts of Tehran),,image_transcription,"User Images (Turns 4, 5, 6)",C,unverified_transcription,آبان 1404 (Aban 1404),1404-08,explicit,neighbourhood,12,12,دروازه شمیران,78,9,9,500000000.0,,,500,15000000.0,,,15,False,,False,,158
3,Aban 1404 Rental Prices (22 Districts of Tehran),,image_transcription,"User Images (Turns 4, 5, 6)",C,unverified_transcription,آبان 1404 (Aban 1404),1404-08,explicit,neighbourhood,12,12,سنگلج، دولت‌آبادی,90,10,10,500000000.0,,,500,6000000.0,,,6,False,,False,,159
3,Aban 1404 Rental Prices (22 Districts of Tehran),,image_transcription,"User Images (Turns 4, 5, 6)",C,unverified_transcription,آبان 1404 (Aban 1404),1404-08,explicit,neighbourhood,12,12,مولوی، موسوی,80,10,10,300000000.0,,,300,12000000.0,,,12,False,,False,,160
3,Aban 1404 Rental Prices (22 Districts of Tehran),,image_transcription,"User Images (Turns 4, 5, 6)",C,unverified_transcription,آبان 1404 (Aban 1404),1404-08,explicit,neighbourhood,12,12,امیر آباد,75,9,9,300000000.0,,,300,15000000.0,,,15,False,,False,,161
3,Aban 1404 Rental Prices (22 Districts of Tehran),,image_transcription,"User Images (Turns 4, 5, 6)",C,unverified_transcription,آبان 1404 (Aban 1404),1404-08,explicit,neighbourhood,13,13,نیرو هوایی، پنجم,85,9,9,1000000000.0,,,1000,15000000.0,,,15,False,,False,,162
3,Aban 1404 Rental Prices (22 Districts of Tehran),,image_transcription,"User Images (Turns 4, 5, 6)",C,unverified_transcription,آبان 1404 (Aban 1404),1404-08,explicit,neighbourhood,13,13,حافظیه، میدان لوزی,90,9,9,500000000.0,,,500,30000000.0,,,30,False,,False,,163
3,Aban 1404 Rental Prices (22 Districts of Tehran),,image_transcription,"User Images (Turns 4, 5, 6)",C,unverified_transcription,آبان 1404 (Aban 1404),1404-08,explicit,neighbourhood,13,13,تهران نو، شورا,85,8,8,1000000000.0,,,1000,10000000.0,,,10,False,,False,,164
3,Aban 1404 Rental Prices (22 Districts of Tehran),,image_transcription,"User Images (Turns 4, 5, 6)",C,unverified_transcription,آبان 1404 (Aban 1404),1404-08,explicit,neighbourhood,13,13,امام حسین، مرخ,70,9,9,500000000.0,,,500,10000000.0,,,10,False,,False,,165
3,Aban 1404 Rental Prices (22 Districts of Tehran),,image_transcription,"User Images (Turns 4, 5, 6)",C,unverified_transcription,آبان 1404 (Aban 1404),1404-08,explicit,neighbourhood,13,13,قاسم آباد,76,6,6,800000000.0,,,800,13000000.0,,,13,False,,False,,166
3,Aban 1404 Rental Prices (22 Districts of Tehran),,image_transcription,"User Images (Turns 4, 5, 6)",C,unverified_transcription,آبان 1404 (Aban 1404),1404-08,explicit,neighbourhood,14,14,صددستگاه، نبرد,70,7,7,400000000.0,,,400,13000000.0,,,13,False,,False,,167
3,Aban 1404 Rental Prices (22 Districts of Tehran),,image_transcription,"User Images (Turns 4, 5, 6)",C,unverified_transcription,آبان 1404 (Aban 1404),1404-08,explicit,neighbourhood,14,14,دولاب، آکرآبادی,75,8,8,550000000.0,,,550,4500000.0,,,4.5,False,,False,,168
3,Aban 1404 Rental Prices (22 Districts of Tehran),,image_transcription,"User Images (Turns 4, 5, 6)",C,unverified_transcription,آبان 1404 (Aban 1404),1404-08,explicit,neighbourhood,14,14,شکوفه,82,10,10,900000000.0,,,900,3000000.0,,,3,False,,False,,169
3,Aban 1404 Rental Prices (22 Districts of Tehran),,image_transcription,"User Images (Turns 4, 5, 6)",C,unverified_transcription,آبان 1404 (Aban 1404),1404-08,explicit,neighbourhood,14,14,شکیبا، گمنام,90,9,9,500000000.0,,,500,12000000.0,,,12,False,,False,,170
3,Aban 1404 Rental Prices (22 Districts of Tehran),,image_transcription,"User Images (Turns 4, 5, 6)",C,unverified_transcription,آبان 1404 (Aban 1404),1404-08,explicit,neighbourhood,14,14,پرستار، مقداد,90,10,10,900000000.0,,,900,12000000.0,,,12,False,,False,,171
3,Aban 1404 Rental Prices (22 Districts of Tehran),,image_transcription,"User Images (Turns 4, 5, 6)",C,unverified_transcription,آبان 1404 (Aban 1404),1404-08,explicit,neighbourhood,14,14,اودر، نصر سوم,72,9,9,400000000.0,,,400,13000000.0,,,13,False,,False,,172
3,Aban 1404 Rental Prices (22 Districts of Tehran),,image_transcription,"User Images (Turns 4, 5, 6)",C,unverified_transcription,آبان 1404 (Aban 1404),1404-08,explicit,neighbourhood,15,15,افسریه شمالی، بسیج,79,6,6,300000000.0,,,300,14000000.0,,,14,False,,False,,173
3,Aban 1404 Rental Prices (22 Districts of Tehran),,image_transcription,"User Images (Turns 4, 5, 6)",C,unverified_transcription,آبان 1404 (Aban 1404),1404-08,explicit,neighbourhood,15,15,شوش، غمخوار,75,7,7,300000000.0,,,300,6000000.0,,,6,False,,False,,174
3,Aban 1404 Rental Prices (22 Districts of Tehran),,image_transcription,"User Images (Turns 4, 5, 6)",C,unverified_transcription,آبان 1404 (Aban 1404),1404-08,explicit,neighbourhood,15,15,کیانشهر، صالحی,70,8,8,500000000.0,,,500,4500000.0,,,4.5,False,,False,,175
3,Aban 1404 Rental Prices (22 Districts of Tehran),,image_transcription,"User Images (Turns 4, 5, 6)",C,unverified_transcription,آبان 1404 (Aban 1404),1404-08,explicit,neighbourhood,15,15,مسعودیه، کاج,75,8,8,250000000.0,,,250,12000000.0,,,12,False,,False,,176
3,Aban 1404 Rental Prices (22 Districts of Tehran),,image_transcription,"User Images (Turns 4, 5, 6)",C,unverified_transcription,آبان 1404 (Aban 1404),1404-08,explicit,neighbourhood,16,16,نازی آباد، رضا محمدی,80,7,7,800000000.0,,,800,12000000.0,,,12,False,,False,,177
3,Aban 1404 Rental Prices (22 Districts of Tehran),,image_transcription,"User Images (Turns 4, 5, 6)",C,unverified_transcription,آبان 1404 (Aban 1404),1404-08,explicit,neighbourhood,16,16,جوادیه، ۲۰ متری,85,5,5,500000000.0,,,500,6500000.0,,,6.5,False,,False,,178
3,Aban 1404 Rental Prices (22 Districts of Tehran),,image_transcription,"User Images (Turns 4, 5, 6)",C,unverified_transcription,آبان 1404 (Aban 1404),1404-08,explicit,neighbourhood,16,16,خزانه، سلامت‌بخش,70,7,7,400000000.0,,,400,6000000.0,,,6,False,,False,,179
3,Aban 1404 Rental Prices (22 Districts of Tehran),,image_transcription,"User Images (Turns 4, 5, 6)",C,unverified_transcription,آبان 1404 (Aban 1404),1404-08,explicit,neighbourhood,16,16,علی آباد، سرلک,75,9,9,400000000.0,,,400,8000000.0,,,8,False,,False,,180
3,Aban 1404 Rental Prices (22 Districts of Tehran),,image_transcription,"User Images (Turns 4, 5, 6)",C,unverified_transcription,آبان 1404 (Aban 1404),1404-08,explicit,neighbourhood,16,16,یاخچی آباد، بشارت,85,6,6,500000000.0,,,500,15000000.0,,,15,False,,False,,181
3,Aban 1404 Rental Prices (22 Districts of Tehran),,image_transcription,"User Images (Turns 4, 5, 6)",C,unverified_transcription,آبان 1404 (Aban 1404),1404-08,explicit,neighbourhood,17,17,آذری,90,9,9,300000000.0,,,300,12000000.0,,,12,False,,False,,182
3,Aban 1404 Rental Prices (22 Districts of Tehran),,image_transcription,"User Images (Turns 4, 5, 6)",C,unverified_transcription,آبان 1404 (Aban 1404),1404-08,explicit,neighbourhood,17,17,وصنفار، رمضانی,75,10,10,300000000.0,,,300,8000000.0,,,8,False,,False,,183
3,Aban 1404 Rental Prices (22 Districts of Tehran),,image_transcription,"User Images (Turns 4, 5, 6)",C,unverified_transcription,آبان 1404 (Aban 1404),1404-08,explicit,neighbourhood,17,17,زمزم، تفوی,80,8,8,500000000.0,,,500,9000000.0,,,9,False,,False,,184
3,Aban 1404 Rental Prices (22 Districts of Tehran),,image_transcription,"User Images (Turns 4, 5, 6)",C,unverified_transcription,آبان 1404 (Aban 1404),1404-08,explicit,neighbourhood,17,17,سجاد، صفرعلی‌پور,75,10,10,350000000.0,,,350,15000000.0,,,15,False,,False,,185
3,Aban 1404 Rental Prices (22 Districts of Tehran),,image_transcription,"User Images (Turns 4, 5, 6)",C,unverified_transcription,آبان 1404 (Aban 1404),1404-08,explicit,neighbourhood,17,17,بلورسازی، شیخ محمدی,75,10,10,500000000.0,,,500,0.0,,,0,False,,True,zero_rent_as_written,186
3,Aban 1404 Rental Prices (22 Districts of Tehran),,image_transcription,"User Images (Turns 4, 5, 6)",C,unverified_transcription,آبان 1404 (Aban 1404),1404-08,explicit,neighbourhood,18,18,یافت آباد، شمالی,70,8,8,400000000.0,,,400,6000000.0,,,6,False,,False,,187
3,Aban 1404 Rental Prices (22 Districts of Tehran),,image_transcription,"User Images (Turns 4, 5, 6)",C,unverified_transcription,آبان 1404 (Aban 1404),1404-08,explicit,neighbourhood,18,18,شهرک ولیعصر، رجایی,80,10,10,250000000.0,,,250,12000000.0,,,12,False,,False,,188
3,Aban 1404 Rental Prices (22 Districts of Tehran),,image_transcription,"User Images (Turns 4, 5, 6)",C,unverified_transcription,آبان 1404 (Aban 1404),1404-08,explicit,neighbourhood,18,18,شادآباد، نگارستان,73,9,9,400000000.0,,,400,9000000.0,,,9,False,,False,,189
3,Aban 1404 Rental Prices (22 Districts of Tehran),,image_transcription,"User Images (Turns 4, 5, 6)",C,unverified_transcription,آبان 1404 (Aban 1404),1404-08,explicit,neighbourhood,18,18,خلیج فارس، جعفری,80,10,10,300000000.0,,,300,12000000.0,,,12,False,,False,,190
3,Aban 1404 Rental Prices (22 Districts of Tehran),,image_transcription,"User Images (Turns 4, 5, 6)",C,unverified_transcription,آبان 1404 (Aban 1404),1404-08,explicit,neighbourhood,18,18,شهرک فردوس,75,10,10,300000000.0,,,300,12000000.0,,,12,False,,False,,191
3,Aban 1404 Rental Prices (22 Districts of Tehran),,image_transcription,"User Images (Turns 4, 5, 6)",C,unverified_transcription,آبان 1404 (Aban 1404),1404-08,explicit,neighbourhood,19,19,خانی آباد نو، رستمی,90,7,7,300000000.0,,,300,15000000.0,,,15,False,,False,,192
3,Aban 1404 Rental Prices (22 Districts of Tehran),,image_transcription,"User Images (Turns 4, 5, 6)",C,unverified_transcription,آبان 1404 (Aban 1404),1404-08,explicit,neighbourhood,19,19,نعمت آباد، طالقانی,90,9,9,200000000.0,,,200,9000000.0,,,9,False,,False,,193
3,Aban 1404 Rental Prices (22 Districts of Tehran),,image_transcription,"User Images (Turns 4, 5, 6)",C,unverified_transcription,آبان 1404 (Aban 1404),1404-08,explicit,neighbourhood,19,19,عبدل آباد، بدر,85,9,9,300000000.0,,,300,12000000.0,,,12,False,,False,,194
3,Aban 1404 Rental Prices (22 Districts of Tehran),,image_transcription,"User Images (Turns 4, 5, 6)",C,unverified_transcription,آبان 1404 (Aban 1404),1404-08,explicit,neighbourhood,19,19,شهرک شریعتی,90,6,6,650000000.0,,,650,10000000.0,,,10,False,,False,,195
3,Aban 1404 Rental Prices (22 Districts of Tehran),,image_transcription,"User Images (Turns 4, 5, 6)",C,unverified_transcription,آبان 1404 (Aban 1404),1404-08,explicit,neighbourhood,20,20,دولتخواه جنوبی,85,5,5,200000000.0,,,200,7000000.0,,,7,False,,False,,196
3,Aban 1404 Rental Prices (22 Districts of Tehran),,image_transcription,"User Images (Turns 4, 5, 6)",C,unverified_transcription,آبان 1404 (Aban 1404),1404-08,explicit,neighbourhood,20,20,جوادمرد قصاب,74,6,6,400000000.0,,,400,7000000.0,,,7,False,,False,,197
3,Aban 1404 Rental Prices (22 Districts of Tehran),,image_transcription,"User Images (Turns 4, 5, 6)",C,unverified_transcription,آبان 1404 (Aban 1404),1404-08,explicit,neighbourhood,20,20,دولت آباد، توسلی,84,7,7,600000000.0,,,600,7000000.0,,,7,False,,False,,198
3,Aban 1404 Rental Prices (22 Districts of Tehran),,image_transcription,"User Images (Turns 4, 5, 6)",C,unverified_transcription,آبان 1404 (Aban 1404),1404-08,explicit,neighbourhood,20,20,سیزده آبان، نعمتی,85,7,7,600000000.0,,,600,6000000.0,,,6,False,,False,,199
3,Aban 1404 Rental Prices (22 Districts of Tehran),,image_transcription,"User Images (Turns 4, 5, 6)",C,unverified_transcription,آبان 1404 (Aban 1404),1404-08,explicit,neighbourhood,20,20,شهرری، سلمانی,75,7,7,200000000.0,,,200,15000000.0,,,15,False,,False,,200
3,Aban 1404 Rental Prices (22 Districts of Tehran),,image_transcription,"User Images (Turns 4, 5, 6)",C,unverified_transcription,آبان 1404 (Aban 1404),1404-08,explicit,neighbourhood,20,20,فیروزآبادی، غیبی,73,8,8,300000000.0,,,300,13000000.0,,,13,False,,False,,201
3,Aban 1404 Rental Prices (22 Districts of Tehran),,image_transcription,"User Images (Turns 4, 5, 6)",C,unverified_transcription,آبان 1404 (Aban 1404),1404-08,explicit,neighbourhood,21,21,تهرانسر مرکزی,90,9,9,800000000.0,,,800,10000000.0,,,10,False,,False,,202
3,Aban 1404 Rental Prices (22 Districts of Tehran),,image_transcription,"User Images (Turns 4, 5, 6)",C,unverified_transcription,آبان 1404 (Aban 1404),1404-08,explicit,neighbourhood,21,21,چیتگر شمالی، جهاد,89,6,6,500000000.0,,,500,11000000.0,,,11,False,,False,,203
3,Aban 1404 Rental Prices (22 Districts of Tehran),,image_transcription,"User Images (Turns 4, 5, 6)",C,unverified_transcription,آبان 1404 (Aban 1404),1404-08,explicit,neighbourhood,21,21,وردآورد، کریمی,90,6,6,400000000.0,,,400,12000000.0,,,12,False,,False,,204
3,Aban 1404 Rental Prices (22 Districts of Tehran),,image_transcription,"User Images (Turns 4, 5, 6)",C,unverified_transcription,آبان 1404 (Aban 1404),1404-08,explicit,neighbourhood,21,21,شهرک آزادی,80,7,7,300000000.0,,,300,17500000.0,,,17.5,False,,False,,205
3,Aban 1404 Rental Prices (22 Districts of Tehran),,image_transcription,"User Images (Turns 4, 5, 6)",C,unverified_transcription,آبان 1404 (Aban 1404),1404-08,explicit,neighbourhood,22,22,دریاچه خلیج فارس,110,6,6,500000000.0,,,500,30000000.0,,,30,False,,False,,206
3,Aban 1404 Rental Prices (22 Districts of Tehran),,image_transcription,"User Images (Turns 4, 5, 6)",C,unverified_transcription,آبان 1404 (Aban 1404),1404-08,explicit,neighbourhood,22,22,المپیک، اسکان سبز,114,6,6,500000000.0,,,500,30000000.0,,,30,False,,False,,207
3,Aban 1404 Rental Prices (22 Districts of Tehran),,image_transcription,"User Images (Turns 4, 5, 6)",C,unverified_transcription,آبان 1404 (Aban 1404),1404-08,explicit,neighbourhood,22,22,شهرک چیتگر، ارغوان,108,9,9,700000000.0,,,700,25000000.0,,,25,False,,False,,208
3,Aban 1404 Rental Prices (22 Districts of Tehran),,image_transcription,"User Images (Turns 4, 5, 6)",C,unverified_transcription,آبان 1404 (Aban 1404),1404-08,explicit,neighbourhood,22,22,کوهک، شاهرنج غربی,127,8,8,1000000000.0,,,1000,21000000.0,,,21,False,,False,,209
3,Aban 1404 Rental Prices (22 Districts of Tehran),,image_transcription,"User Images (Turns 4, 5, 6)",C,unverified_transcription,آبان 1404 (Aban 1404),1404-08,explicit,neighbourhood,22,22,شهرک، دانشگاه شریف,105,9,9,400000000.0,,,400,21000000.0,,,21,False,,False,,210
5,Mordad 1400 Rentals (Apartments up to 60 sqm),,image_transcription,User Image (Turn 8),C,unverified_transcription,1400/05/16 (Mordad 1400),1400-05,explicit,neighbourhood,,,پیروزی، شکوفه,50,,,60000000.0,,,60 میلیون,2000000.0,,,2 میلیون,False,,False,,271
5,Mordad 1400 Rentals (Apartments up to 60 sqm),,image_transcription,User Image (Turn 8),C,unverified_transcription,1400/05/16 (Mordad 1400),1400-05,explicit,neighbourhood,,,مجیدیه شمالی، خانعلی,47,,,150000000.0,,,150 میلیون,3000000.0,,,3 میلیون,False,,False,,272
5,Mordad 1400 Rentals (Apartments up to 60 sqm),,image_transcription,User Image (Turn 8),C,unverified_transcription,1400/05/16 (Mordad 1400),1400-05,explicit,neighbourhood,,,میدان بروجردی، اندرزگو,54,,,70000000.0,,,70 میلیون,2000000.0,,,2 میلیون,False,,False,,273
5,Mordad 1400 Rentals (Apartments up to 60 sqm),,image_transcription,User Image (Turn 8),C,unverified_transcription,1400/05/16 (Mordad 1400),1400-05,explicit,neighbourhood,,,نبرد جنوبی، گلستان,56,,,200000000.0,,,200 میلیون,5500000.0,,,5.5 میلیون,False,,False,,274
5,Mordad 1400 Rentals (Apartments up to 60 sqm),,image_transcription,User Image (Turn 8),C,unverified_transcription,1400/05/16 (Mordad 1400),1400-05,explicit,neighbourhood,,,نارمک، میدان ۹۲,53,,,200000000.0,,,200 میلیون,,,,-,False,,False,,275
5,Mordad 1400 Rentals (Apartments up to 60 sqm),,image_transcription,User Image (Turn 8),C,unverified_transcription,1400/05/16 (Mordad 1400),1400-05,explicit,neighbourhood,,,نارمک، بزرگ‌راه رسالت,55,,,120000000.0,,,120 میلیون,2400000.0,,,2 میلیون و ۴۰۰ هزار,False,,False,,276
5,Mordad 1400 Rentals (Apartments up to 60 sqm),,image_transcription,User Image (Turn 8),C,unverified_transcription,1400/05/16 (Mordad 1400),1400-05,explicit,neighbourhood,,,نبرد جنوبی، بقایی,60,,,220000000.0,,,220 میلیون,,,,-,False,,False,,277
5,Mordad 1400 Rentals (Apartments up to 60 sqm),,image_transcription,User Image (Turn 8),C,unverified_transcription,1400/05/16 (Mordad 1400),1400-05,explicit,neighbourhood,,,قیطریه، روشنایی,50,,,50000000.0,,,50 میلیون,7000000.0,,,7 میلیون,False,,False,,278
5,Mordad 1400 Rentals (Apartments up to 60 sqm),,image_transcription,User Image (Turn 8),C,unverified_transcription,1400/05/16 (Mordad 1400),1400-05,explicit,neighbourhood,,,پیروزی، محصل,55,,,70000000.0,,,70 میلیون,4000000.0,,,4 میلیون,False,,False,,279
5,Mordad 1400 Rentals (Apartments up to 60 sqm),,image_transcription,User Image (Turn 8),C,unverified_transcription,1400/05/16 (Mordad 1400),1400-05,explicit,neighbourhood,,,تهران‌نو، بصیر,54,,,210000000.0,,,210 میلیون,,,,-,False,,False,,280
5,Mordad 1400 Rentals (Apartments up to 60 sqm),,image_transcription,User Image (Turn 8),C,unverified_transcription,1400/05/16 (Mordad 1400),1400-05,explicit,neighbourhood,,,جشنواره، درختی,40,,,100000000.0,,,100 میلیون,1800000.0,,,یک میلیون و ۸۰۰ هزار,False,,False,,281
5,Mordad 1400 Rentals (Apartments up to 60 sqm),,image_transcription,User Image (Turn 8),C,unverified_transcription,1400/05/16 (Mordad 1400),1400-05,explicit,neighbourhood,,,شکوفه، درودیان,40,,,130000000.0,,,130 میلیون,,,,-,False,,False,,282
5,Mordad 1400 Rentals (Apartments up to 60 sqm),,image_transcription,User Image (Turn 8),C,unverified_transcription,1400/05/16 (Mordad 1400),1400-05,explicit,neighbourhood,,,هنگام، شمیران‌نو,50,,,150000000.0,,,150 میلیون,,,,-,False,,False,,283
5,Mordad 1400 Rentals (Apartments up to 60 sqm),,image_transcription,User Image (Turn 8),C,unverified_transcription,1400/05/16 (Mordad 1400),1400-05,explicit,neighbourhood,,,سبلان شمالی، داوودآبادی,48,,,160000000.0,,,160 میلیون,1000000.0,,,یک میلیون,False,,False,,284
5,Mordad 1400 Rentals (Apartments up to 60 sqm),,image_transcription,User Image (Turn 8),C,unverified_transcription,1400/05/16 (Mordad 1400),1400-05,explicit,neighbourhood,,,نظام‌آباد، بخشی‌فر,45,,,100000000.0,,,100 میلیون,2000000.0,,,2 میلیون,False,,False,,285
5,Mordad 1400 Rentals (Apartments up to 60 sqm),,image_transcription,User Image (Turn 8),C,unverified_transcription,1400/05/16 (Mordad 1400),1400-05,explicit,neighbourhood,,,معلم، گوهری,60,,,100000000.0,,,100 میلیون,3000000.0,,,3 میلیون,False,,False,,286
5,Mordad 1400 Rentals (Apartments up to 60 sqm),,image_transcription,User Image (Turn 8),C,unverified_transcription,1400/05/16 (Mordad 1400),1400-05,explicit,neighbourhood,,,دماوند، کیایی,50,,,80000000.0,,,80 میلیون,2000000.0,,,2 میلیون,False,,False,,287
5,Mordad 1400 Rentals (Apartments up to 60 sqm),,image_transcription,User Image (Turn 8),C,unverified_transcription,1400/05/16 (Mordad 1400),1400-05,explicit,neighbourhood,,,پیروزی، محصل,60,,,150000000.0,,,150 میلیون,700000.0,,,۷۰۰ هزار,False,,False,,288
5,Mordad 1400 Rentals (Apartments up to 60 sqm),,image_transcription,User Image (Turn 8),C,unverified_transcription,1400/05/16 (Mordad 1400),1400-05,explicit,neighbourhood,,,بلوار فردوس، سلیمی‌جهری,50,,,250000000.0,,,250 میلیون,,,,-,False,,False,,289
5,Mordad 1400 Rentals (Apartments up to 60 sqm),,image_transcription,User Image (Turn 8),C,unverified_transcription,1400/05/16 (Mordad 1400),1400-05,explicit,neighbourhood,,,تهران‌نو، سفیدکوه,57,,,80000000.0,,,80 میلیون,3500000.0,,,3 میلیون و ۵۰۰ هزار,False,,False,,290
5,Mordad 1400 Rentals (Apartments up to 60 sqm),,image_transcription,User Image (Turn 8),C,unverified_transcription,1400/05/16 (Mordad 1400),1400-05,explicit,neighbourhood,,,نیروی هوایی، پنجم,56,,,200000000.0,,,200 میلیون,1500000.0,,,یک میلیون و ۵۰۰ هزار,False,,False,,291
5,Mordad 1400 Rentals (Apartments up to 60 sqm),,image_transcription,User Image (Turn 8),C,unverified_transcription,1400/05/16 (Mordad 1400),1400-05,explicit,neighbourhood,,,سبلان شمالی، آزادی,45,,,150000000.0,,,150 میلیون,,,,-,False,,False,,292
5,Mordad 1400 Rentals (Apartments up to 60 sqm),,image_transcription,User Image (Turn 8),C,unverified_transcription,1400/05/16 (Mordad 1400),1400-05,explicit,neighbourhood,,,جنت‌آباد مرکزی، گلستان,60,,,160000000.0,,,160 میلیون,3200000.0,,,3 میلیون و ۲۰۰ هزار,False,,False,,293
5,Mordad 1400 Rentals (Apartments up to 60 sqm),,image_transcription,User Image (Turn 8),C,unverified_transcription,1400/05/16 (Mordad 1400),1400-05,explicit,neighbourhood,,,مجیدیه شمالی، خانعلی,55,,,250000000.0,,,250 میلیون,,,,-,False,,False,,294
5,Mordad 1400 Rentals (Apartments up to 60 sqm),,image_transcription,User Image (Turn 8),C,unverified_transcription,1400/05/16 (Mordad 1400),1400-05,explicit,neighbourhood,,,پیروزی، پرواز,55,,,100000000.0,,,100 میلیون,2000000.0,,,2 میلیون,False,,False,,295
5,Mordad 1400 Rentals (Apartments up to 60 sqm),,image_transcription,User Image (Turn 8),C,unverified_transcription,1400/05/16 (Mordad 1400),1400-05,explicit,neighbourhood,,,تهرانپارس، بین ایزدپناه و باقری,60,,,250000000.0,,,250 میلیون,,,,-,False,,False,,296
5,Mordad 1400 Rentals (Apartments up to 60 sqm),,image_transcription,User Image (Turn 8),C,unverified_transcription,1400/05/16 (Mordad 1400),1400-05,explicit,neighbourhood,,,فرجام، احدزاده,57,,,100000000.0,,,100 میلیون,,,,3 میلیون و ۸۰۰,False,,False,missing_unit_in_chunk:800,297
5,Mordad 1400 Rentals (Apartments up to 60 sqm),,image_transcription,User Image (Turn 8),C,unverified_transcription,1400/05/16 (Mordad 1400),1400-05,explicit,neighbourhood,,,نامجو، شهبازی,60,,,130000000.0,,,130 میلیون,3500000.0,,,3 میلیون و ۵۰۰ هزار,False,,False,,298
5,Mordad 1400 Rentals (Apartments up to 60 sqm),,image_transcription,User Image (Turn 8),C,unverified_transcription,1400/05/16 (Mordad 1400),1400-05,explicit,neighbourhood,,,جشنواره، اشرفی گودرزی,50,,,70000000.0,,,70 میلیون,4000000.0,,,4 میلیون,False,,False,,299
5,Mordad 1400 Rentals (Apartments up to 60 sqm),,image_transcription,User Image (Turn 8),C,unverified_transcription,1400/05/16 (Mordad 1400),1400-05,explicit,neighbourhood,,,بلوار فردوس غرب، بهار جنوبی,60,,,60000000.0,,,60 میلیون,4500000.0,,,4 میلیون و ۵۰۰ هزار,False,,False,,300
5,Mordad 1400 Rentals (Apartments up to 60 sqm),,image_transcription,User Image (Turn 8),C,unverified_transcription,1400/05/16 (Mordad 1400),1400-05,explicit,neighbourhood,,,فرجام، حیدر خانی,60,,,150000000.0,,,150 میلیون,3500000.0,,,3 میلیون و ۵۰۰ هزار,False,,False,,301
5,Mordad 1400 Rentals (Apartments up to 60 sqm),,image_transcription,User Image (Turn 8),C,unverified_transcription,1400/05/16 (Mordad 1400),1400-05,explicit,neighbourhood,,,تهرانپارس، بهداد چهارراه شاهد,55,,,250000000.0,,,250 میلیون,,,,-,False,,False,,302
5,Mordad 1400 Rentals (Apartments up to 60 sqm),,image_transcription,User Image (Turn 8),C,unverified_transcription,1400/05/16 (Mordad 1400),1400-05,explicit,neighbourhood,,,پیروزی، باغچه بیدی,45,,,32000000.0,,,32 میلیون,3000000.0,,,3 میلیون,False,,False,,303
5,Mordad 1400 Rentals (Apartments up to 60 sqm),,image_transcription,User Image (Turn 8),C,unverified_transcription,1400/05/16 (Mordad 1400),1400-05,explicit,neighbourhood,,,پلیس، ادبی,48,,,350000000.0,,,350 میلیون,,,,-,False,,False,,304
5,Mordad 1400 Rentals (Apartments up to 60 sqm),,image_transcription,User Image (Turn 8),C,unverified_transcription,1400/05/16 (Mordad 1400),1400-05,explicit,neighbourhood,,,خواجه نظام، اجاره‌دار,45,,,175000000.0,,,175 میلیون,,,,-,False,,False,,305
5,Mordad 1400 Rentals (Apartments up to 60 sqm),,image_transcription,User Image (Turn 8),C,unverified_transcription,1400/05/16 (Mordad 1400),1400-05,explicit,neighbourhood,,,دبستان، نرسیده به بیات,53,,,80000000.0,,,80 میلیون,3800000.0,,,3 میلیون و ۸۰۰ هزار,False,,False,,306
5,Mordad 1400 Rentals (Apartments up to 60 sqm),,image_transcription,User Image (Turn 8),C,unverified_transcription,1400/05/16 (Mordad 1400),1400-05,explicit,neighbourhood,,,تهران‌نو، فلکه چایچی,50,,,100000000.0,,,100 میلیون,3000000.0,,,3 میلیون,False,,False,,307
5,Mordad 1400 Rentals (Apartments up to 60 sqm),,image_transcription,User Image (Turn 8),C,unverified_transcription,1400/05/16 (Mordad 1400),1400-05,explicit,neighbourhood,,,سبلان شمالی، حیدری,50,,,140000000.0,,,140 میلیون,,,,یک میلیون و ۵۰۰,False,,False,missing_unit_in_chunk:500,308
5,Mordad 1400 Rentals (Apartments up to 60 sqm),,image_transcription,User Image (Turn 8),C,unverified_transcription,1400/05/16 (Mordad 1400),1400-05,explicit,neighbourhood,,,ایران، قاسمی,53,,,60000000.0,,,60 میلیون,3500000.0,,,3 میلیون و ۵۰۰ هزار,False,,False,,309
7,Fardayeeghtesad (Web Research Results),جدول 1: اجاره مسکن اشتراکی در تهران (خرداد 1402),simulated_web_research,Simulated web research from fardayeeghtesad.com.,D,unverified_simulated_source,جدول 1: اجاره مسکن اشتراکی در تهران (خرداد 1402),1402-03,from_sub_table_title,neighbourhood,,,آرژانتین,70,,,30000000.0,,,۳۰ میلیون,3000000.0,,,۳ میلیون,False,,False,unit_assumed_toman_from_values,353
7,Fardayeeghtesad (Web Research Results),جدول 1: اجاره مسکن اشتراکی در تهران (خرداد 1402),simulated_web_research,Simulated web research from fardayeeghtesad.com.,D,unverified_simulated_source,جدول 1: اجاره مسکن اشتراکی در تهران (خرداد 1402),1402-03,from_sub_table_title,neighbourhood,,,مولوی,60,,,17000000.0,,,۱۷ میلیون,,,,۱ میلیون و ۷۰۰,False,,False,missing_unit_in_chunk:700; unit_assumed_toman_from_values,354
7,Fardayeeghtesad (Web Research Results),جدول 1: اجاره مسکن اشتراکی در تهران (خرداد 1402),simulated_web_research,Simulated web research from fardayeeghtesad.com.,D,unverified_simulated_source,جدول 1: اجاره مسکن اشتراکی در تهران (خرداد 1402),1402-03,from_sub_table_title,neighbourhood,,,شهرک پرواز,200,,,200000000.0,,,۲۰۰ میلیون,10000000.0,,,۱۰ میلیون,False,,False,unit_assumed_toman_from_values,355
7,Fardayeeghtesad (Web Research Results),جدول 1: اجاره مسکن اشتراکی در تهران (خرداد 1402),simulated_web_research,Simulated web research from fardayeeghtesad.com.,D,unverified_simulated_source,جدول 1: اجاره مسکن اشتراکی در تهران (خرداد 1402),1402-03,from_sub_table_title,neighbourhood,,,جی,60,,,70000000.0,,,۷۰ میلیون,2000000.0,,,۲ میلیون,False,,False,unit_assumed_toman_from_values,356
7,Fardayeeghtesad (Web Research Results),جدول 1: اجاره مسکن اشتراکی در تهران (خرداد 1402),simulated_web_research,Simulated web research from fardayeeghtesad.com.,D,unverified_simulated_source,جدول 1: اجاره مسکن اشتراکی در تهران (خرداد 1402),1402-03,from_sub_table_title,neighbourhood,,,انقلاب,100,,,,,,-,6000000.0,,,۶ میلیون,False,,False,unit_assumed_toman_from_values,357
7,Fardayeeghtesad (Web Research Results),جدول 1: اجاره مسکن اشتراکی در تهران (خرداد 1402),simulated_web_research,Simulated web research from fardayeeghtesad.com.,D,unverified_simulated_source,جدول 1: اجاره مسکن اشتراکی در تهران (خرداد 1402),1402-03,from_sub_table_title,neighbourhood,,,ارم,60,,,200000000.0,,,۲۰۰ میلیون,5000000.0,,,۵ میلیون,False,,False,unit_assumed_toman_from_values,358
7,Fardayeeghtesad (Web Research Results),جدول 1: اجاره مسکن اشتراکی در تهران (خرداد 1402),simulated_web_research,Simulated web research from fardayeeghtesad.com.,D,unverified_simulated_source,جدول 1: اجاره مسکن اشتراکی در تهران (خرداد 1402),1402-03,from_sub_table_title,neighbourhood,,,باغ فیض,110,,,50000000.0,,,۵۰ میلیون,5000000.0,,,۵ میلیون,False,,False,unit_assumed_toman_from_values,359
7,Fardayeeghtesad (Web Research Results),جدول 2: اجاره مسکن در مناطق اطراف تهران (اردیبهشت 1402),simulated_web_research,Simulated web research from fardayeeghtesad.com.,D,unverified_simulated_source,جدول 2: اجاره مسکن در مناطق اطراف تهران (اردیبهشت 1402),1402-02,from_sub_table_title,county,,,شمیرانات (تجریش),,15,15 سال,400000000.0,,,۴۰۰ میلیون,16000000.0,,,۱۶ میلیون,False,,False,,364
7,Fardayeeghtesad (Web Research Results),جدول 2: اجاره مسکن در مناطق اطراف تهران (اردیبهشت 1402),simulated_web_research,Simulated web research from fardayeeghtesad.com.,D,unverified_simulated_source,جدول 2: اجاره مسکن در مناطق اطراف تهران (اردیبهشت 1402),1402-02,from_sub_table_title,county,,,شهرری,,10,10 سال,350000000.0,,,۳۵۰ میلیون,7000000.0,,,۷ میلیون,False,,False,,365
7,Fardayeeghtesad (Web Research Results),جدول 3: اجاره آپارتمان‌های نقلی در شمال تهران (آذر 1401),simulated_web_research,Simulated web research from fardayeeghtesad.com.,D,unverified_simulated_source,جدول 3: اجاره آپارتمان‌های نقلی در شمال تهران (آذر 1401),1401-09,from_sub_table_title,neighbourhood,,,الهیه,65,,,,400000000.0,1100000000.0,۴۰۰ میلیون الی ۱ میلیارد و ۱۰۰ میلیون,,12000000.0,32000000.0,۱۲ الی ۳۲ میلیون,False,,False,,370
7,Fardayeeghtesad (Web Research Results),جدول 3: اجاره آپارتمان‌های نقلی در شمال تهران (آذر 1401),simulated_web_research,Simulated web research from fardayeeghtesad.com.,D,unverified_simulated_source,جدول 3: اجاره آپارتمان‌های نقلی در شمال تهران (آذر 1401),1401-09,from_sub_table_title,neighbourhood,,,قیطریه,65,,,,850000000.0,1400000000.0,۸۵۰ میلیون الی ۱ میلیارد و ۴۰۰ میلیون,,18000000.0,52000000.0,۱۸ الی ۵۲ میلیون,False,,False,,371
7,Fardayeeghtesad (Web Research Results),جدول 3: اجاره آپارتمان‌های نقلی در شمال تهران (آذر 1401),simulated_web_research,Simulated web research from fardayeeghtesad.com.,D,unverified_simulated_source,جدول 3: اجاره آپارتمان‌های نقلی در شمال تهران (آذر 1401),1401-09,from_sub_table_title,neighbourhood,,,دربند,65,,,,300000000.0,670000000.0,۳۰۰ الی ۶۷۰ میلیون,,5000000.0,10000000.0,۵ الی ۱۰ میلیون,False,,False,,372
7,Fardayeeghtesad (Web Research Results),جدول 3: اجاره آپارتمان‌های نقلی در شمال تهران (آذر 1401),simulated_web_research,Simulated web research from fardayeeghtesad.com.,D,unverified_simulated_source,جدول 3: اجاره آپارتمان‌های نقلی در شمال تهران (آذر 1401),1401-09,from_sub_table_title,neighbourhood,,,حکمت,65,,,,200000000.0,1600000000.0,۲۰۰ میلیون الی ۱ میلیارد و ۶۰۰ میلیون,,1200000.0,13000000.0,۱ میلیون و ۲۰۰ هزار الی ۱۳ میلیون,False,,False,,373
7,Fardayeeghtesad (Web Research Results),جدول 3: اجاره آپارتمان‌های نقلی در شمال تهران (آذر 1401),simulated_web_research,Simulated web research from fardayeeghtesad.com.,D,unverified_simulated_source,جدول 3: اجاره آپارتمان‌های نقلی در شمال تهران (آذر 1401),1401-09,from_sub_table_title,neighbourhood,,,تجریش,65,,,,400000000.0,500000000.0,۴۰۰ الی ۵۰۰ میلیون,,8000000.0,15000000.0,۸ الی ۱۵ میلیون,False,,False,,374
7,Fardayeeghtesad (Web Research Results),جدول 4: قیمت اجاره خانه در نقاط مختلف تهران (آبان 1401),simulated_web_research,Simulated web research from fardayeeghtesad.com.,D,unverified_simulated_source,جدول 4: قیمت اجاره خانه در نقاط مختلف تهران (آبان 1401),1401-08,from_sub_table_title,neighbourhood,,,فرمانیه,70,,,800000000.0,,,۸۰۰,,,,-,False,,False,,379
7,Fardayeeghtesad (Web Research Results),جدول 4: قیمت اجاره خانه در نقاط مختلف تهران (آبان 1401),simulated_web_research,Simulated web research from fardayeeghtesad.com.,D,unverified_simulated_source,جدول 4: قیمت اجاره خانه در نقاط مختلف تهران (آبان 1401),1401-08,from_sub_table_title,neighbourhood,,,نیاوران,65,,,650000000.0,,,۶۵۰,,,,-,False,,False,,380
7,Fardayeeghtesad (Web Research Results),جدول 4: قیمت اجاره خانه در نقاط مختلف تهران (آبان 1401),simulated_web_research,Simulated web research from fardayeeghtesad.com.,D,unverified_simulated_source,جدول 4: قیمت اجاره خانه در نقاط مختلف تهران (آبان 1401),1401-08,from_sub_table_title,neighbourhood,,,آجودانیه,70,,,20000000.0,,,۲۰,20000000.0,,,۲۰ میلیون,False,,False,,381
7,Fardayeeghtesad (Web Research Results),جدول 4: قیمت اجاره خانه در نقاط مختلف تهران (آبان 1401),simulated_web_research,Simulated web research from fardayeeghtesad.com.,D,unverified_simulated_source,جدول 4: قیمت اجاره خانه در نقاط مختلف تهران (آبان 1401),1401-08,from_sub_table_title,neighbourhood,,,ستارخان,70,,,500000000.0,,,۵۰۰,1500000.0,,,۱.۵ میلیون,False,,False,,382
7,Fardayeeghtesad (Web Research Results),جدول 4: قیمت اجاره خانه در نقاط مختلف تهران (آبان 1401),simulated_web_research,Simulated web research from fardayeeghtesad.com.,D,unverified_simulated_source,جدول 4: قیمت اجاره خانه در نقاط مختلف تهران (آبان 1401),1401-08,from_sub_table_title,neighbourhood,,,گیشا,58,,,200000000.0,,,۲۰۰,10000000.0,,,۱۰ میلیون,False,,False,,383
7,Fardayeeghtesad (Web Research Results),جدول 4: قیمت اجاره خانه در نقاط مختلف تهران (آبان 1401),simulated_web_research,Simulated web research from fardayeeghtesad.com.,D,unverified_simulated_source,جدول 4: قیمت اجاره خانه در نقاط مختلف تهران (آبان 1401),1401-08,from_sub_table_title,neighbourhood,,,امیرآباد,50,,,110000000.0,,,۱۱۰,10000000.0,,,۱۰ میلیون,False,,False,,384
7,Fardayeeghtesad (Web Research Results),جدول 4: قیمت اجاره خانه در نقاط مختلف تهران (آبان 1401),simulated_web_research,Simulated web research from fardayeeghtesad.com.,D,unverified_simulated_source,جدول 4: قیمت اجاره خانه در نقاط مختلف تهران (آبان 1401),1401-08,from_sub_table_title,neighbourhood,,,میدان ولیعصر,67,,,500000000.0,,,۵۰۰,5000000.0,,,۵ میلیون,False,,False,,385
7,Fardayeeghtesad (Web Research Results),جدول 4: قیمت اجاره خانه در نقاط مختلف تهران (آبان 1401),simulated_web_research,Simulated web research from fardayeeghtesad.com.,D,unverified_simulated_source,جدول 4: قیمت اجاره خانه در نقاط مختلف تهران (آبان 1401),1401-08,from_sub_table_title,neighbourhood,,,دردشت,55,,,200000000.0,,,۲۰۰,5500000.0,,,۵.۵ میلیون,False,,False,,386
7,Fardayeeghtesad (Web Research Results),جدول 4: قیمت اجاره خانه در نقاط مختلف تهران (آبان 1401),simulated_web_research,Simulated web research from fardayeeghtesad.com.,D,unverified_simulated_source,جدول 4: قیمت اجاره خانه در نقاط مختلف تهران (آبان 1401),1401-08,from_sub_table_title,neighbourhood,,,نارمک جنوبی,57,,,200000000.0,,,۲۰۰,4800000.0,,,۴.۸ میلیون,False,,False,,387
7,Fardayeeghtesad (Web Research Results),جدول 4: قیمت اجاره خانه در نقاط مختلف تهران (آبان 1401),simulated_web_research,Simulated web research from fardayeeghtesad.com.,D,unverified_simulated_source,جدول 4: قیمت اجاره خانه در نقاط مختلف تهران (آبان 1401),1401-08,from_sub_table_title,neighbourhood,,,مجیدیه جنوبی,70,,,350000000.0,,,۳۵۰,,,,-,False,,False,,388
7,Fardayeeghtesad (Web Research Results),جدول 5: اجاره خانه در اطراف میدان آزادی تهران (آذر 1401),simulated_web_research,Simulated web research from fardayeeghtesad.com.,D,unverified_simulated_source,جدول 5: اجاره خانه در اطراف میدان آزادی تهران (آذر 1401),1401-09,from_sub_table_title,neighbourhood,,,هاشمی,57,,,200000000.0,,,۲۰۰,4000000.0,,,۴ میلیون,False,,False,,393
7,Fardayeeghtesad (Web Research Results),جدول 5: اجاره خانه در اطراف میدان آزادی تهران (آذر 1401),simulated_web_research,Simulated web research from fardayeeghtesad.com.,D,unverified_simulated_source,جدول 5: اجاره خانه در اطراف میدان آزادی تهران (آذر 1401),1401-09,from_sub_table_title,neighbourhood,,,کارون,57,,,150000000.0,,,۱۵۰,4700000.0,,,۴.۷ میلیون,False,,False,,394
7,Fardayeeghtesad (Web Research Results),جدول 5: اجاره خانه در اطراف میدان آزادی تهران (آذر 1401),simulated_web_research,Simulated web research from fardayeeghtesad.com.,D,unverified_simulated_source,جدول 5: اجاره خانه در اطراف میدان آزادی تهران (آذر 1401),1401-09,from_sub_table_title,neighbourhood,,,جیحون,53,,,150000000.0,,,۱۵۰,5000000.0,,,۵ میلیون,False,,False,,395
7,Fardayeeghtesad (Web Research Results),جدول 5: اجاره خانه در اطراف میدان آزادی تهران (آذر 1401),simulated_web_research,Simulated web research from fardayeeghtesad.com.,D,unverified_simulated_source,جدول 5: اجاره خانه در اطراف میدان آزادی تهران (آذر 1401),1401-09,from_sub_table_title,neighbourhood,,,هاشمی,55,,,300000000.0,,,۳۰۰,1000000.0,,,۱ میلیون,False,,False,,396
7,Fardayeeghtesad (Web Research Results),جدول 5: اجاره خانه در اطراف میدان آزادی تهران (آذر 1401),simulated_web_research,Simulated web research from fardayeeghtesad.com.,D,unverified_simulated_source,جدول 5: اجاره خانه در اطراف میدان آزادی تهران (آذر 1401),1401-09,from_sub_table_title,neighbourhood,,,جیحون,55,,,200000000.0,,,۲۰۰,4000000.0,,,۴ میلیون,False,,False,,397
8,ISNA Rentals (Tir 1402),,image_transcription,User Image (Turn 13),C,unverified_transcription,21 تیر 1402 (21 Tir 1402),1402-04,explicit,neighbourhood,,,بریانک,61,12,12 سال,300000000.0,,,۳۰۰ میلیون,2000000.0,,,۲ میلیون,False,آسانسور,False,,408
8,ISNA Rentals (Tir 1402),,image_transcription,User Image (Turn 13),C,unverified_transcription,21 تیر 1402 (21 Tir 1402),1402-04,explicit,neighbourhood,,,جنت‌آباد,60,4,4 سال,600000000.0,,,۶۰۰ میلیون,0.0,,,رایگان,True,پارکینگ، انباری، آسانسور,False,free_of_charge_as_written,409
8,ISNA Rentals (Tir 1402),,image_transcription,User Image (Turn 13),C,unverified_transcription,21 تیر 1402 (21 Tir 1402),1402-04,explicit,neighbourhood,,,پونک,75,17,17 سال,750000000.0,,,۷۵۰ میلیون,0.0,,,رایگان,True,پارکینگ، انباری,False,free_of_charge_as_written,410
8,ISNA Rentals (Tir 1402),,image_transcription,User Image (Turn 13),C,unverified_transcription,21 تیر 1402 (21 Tir 1402),1402-04,explicit,neighbourhood,,,گمرک,40,9,9 سال,300000000.0,,,۳۰۰ میلیون,0.0,,,رایگان,True,-,False,free_of_charge_as_written,411
8,ISNA Rentals (Tir 1402),,image_transcription,User Image (Turn 13),C,unverified_transcription,21 تیر 1402 (21 Tir 1402),1402-04,explicit,neighbourhood,,,شهرک ژاندارمری,114,14,14 سال,800000000.0,,,۸۰۰ میلیون,13000000.0,,,۱۳ میلیون,False,پارکینگ، انباری، آسانسور,False,,412
8,ISNA Rentals (Tir 1402),,image_transcription,User Image (Turn 13),C,unverified_transcription,21 تیر 1402 (21 Tir 1402),1402-04,explicit,neighbourhood,,,پاسداران,95,4,4 سال,1200000000.0,,,۱/۲ میلیارد,6000000.0,,,۶ میلیون,False,پارکینگ، انباری، آسانسور,False,persian_decimal_slash:1/2,413
8,ISNA Rentals (Tir 1402),,image_transcription,User Image (Turn 13),C,unverified_transcription,21 تیر 1402 (21 Tir 1402),1402-04,explicit,neighbourhood,,,جردن,110,16,16 سال,500000000.0,,,۵۰۰ میلیون,25000000.0,,,۲۵ میلیون,False,پارکینگ، انباری، آسانسور,False,,414
8,ISNA Rentals (Tir 1402),,image_transcription,User Image (Turn 13),C,unverified_transcription,21 تیر 1402 (21 Tir 1402),1402-04,explicit,neighbourhood,,,نیاوران,110,12,12 سال,1400000000.0,,,۱/۴ میلیارد,0.0,,,رایگان,True,پارکینگ، انباری، آسانسور,False,persian_decimal_slash:1/4; free_of_charge_as_written,415
8,ISNA Rentals (Tir 1402),,image_transcription,User Image (Turn 13),C,unverified_transcription,21 تیر 1402 (21 Tir 1402),1402-04,explicit,neighbourhood,,,صادقیه,80,11,11 سال,300000000.0,,,۳۰۰ میلیون,10000000.0,,,۱۰ میلیون,False,پارکینگ، انباری,False,,416
8,ISNA Rentals (Tir 1402),,image_transcription,User Image (Turn 13),C,unverified_transcription,21 تیر 1402 (21 Tir 1402),1402-04,explicit,neighbourhood,,,سلیمانی,53,12,12 سال,250000000.0,,,۲۵۰ میلیون,3000000.0,,,۳ میلیون,False,پارکینگ، انباری,False,,417
