source_row_index,source_format,district_number,district_printed,district_correction,district_number_source,district_cross_check,district_marker_raw,area_name,building_age_years,floor_area_sqm,rent_toman,rent_toman_min,rent_toman_max,deposit_toman,rent_raw,row_raw,flag_amount_ambiguous,issue_classes,notes,source_file,outlet,outlet_evidence,evidence_tier,verification,date_jalali_raw,date_jalali_ym
1,markdown_table,1,1,,print,match,۱,فرمانیه,6,130,50000000.0,,,1500000000.0,50,| **۱** | فرمانیه | 6 | 130 | 50 | 1500 |,False,,,data/raw/donya-e-eqtesad_rent-asking_tir-1404.md,دنیای اقتصاد (Donya-e-Eqtesad),owner-supplied header line 'منبع: دنیای اقتصاد (Donya-e-Eqtesad)',C,unverified_owner_transcription,تیر ۱۴۰۴,
2,markdown_table,1,1,,print,unchecked,۱,اراج - گلستان,8,120,60000000.0,,,1000000000.0,60,| **۱** | اراج - گلستان | 8 | 120 | 60 | 1000 |,False,,,data/raw/donya-e-eqtesad_rent-asking_tir-1404.md,دنیای اقتصاد (Donya-e-Eqtesad),owner-supplied header line 'منبع: دنیای اقتصاد (Donya-e-Eqtesad)',C,unverified_owner_transcription,تیر ۱۴۰۴,
3,markdown_table,1,1,,print,unchecked,۱,سعادت آباد,6,105,50000000.0,,,1000000000.0,50,| **۱** | سعادت آباد | 6 | 105 | 50 | 1000 |,False,,,data/raw/donya-e-eqtesad_rent-asking_tir-1404.md,دنیای اقتصاد (Donya-e-Eqtesad),owner-supplied header line 'منبع: دنیای اقتصاد (Donya-e-Eqtesad)',C,unverified_owner_transcription,تیر ۱۴۰۴,
4,markdown_table,2,1,corrected,owner_geographic_verification,match,۱,گیشا,6,71,7000000.0,,,1000000000.0,7,| **۱** | گیشا | 6 | 71 | 7 | 1000 |,False,notation,district_corrected_by_owner:1_to_2,data/raw/donya-e-eqtesad_rent-asking_tir-1404.md,دنیای اقتصاد (Donya-e-Eqtesad),owner-supplied header line 'منبع: دنیای اقتصاد (Donya-e-Eqtesad)',C,unverified_owner_transcription,تیر ۱۴۰۴,
5,markdown_table,1,2,corrected,owner_geographic_verification,match,۲,تجریش - فخارسر,5,100,55000000.0,,,2000000000.0,55,| **۲** | تجریش - فخارسر | 5 | 100 | 55 | 2000 |,False,notation,district_corrected_by_owner:2_to_1,data/raw/donya-e-eqtesad_rent-asking_tir-1404.md,دنیای اقتصاد (Donya-e-Eqtesad),owner-supplied header line 'منبع: دنیای اقتصاد (Donya-e-Eqtesad)',C,unverified_owner_transcription,تیر ۱۴۰۴,
6,markdown_table,1,2,corrected,owner_geographic_verification,match,۲,زعفرانیه - سمین,5,90,45000000.0,,,1000000000.0,45,| **۲** | زعفرانیه - سمین | 5 | 90 | 45 | 1000 |,False,notation,district_corrected_by_owner:2_to_1,data/raw/donya-e-eqtesad_rent-asking_tir-1404.md,دنیای اقتصاد (Donya-e-Eqtesad),owner-supplied header line 'منبع: دنیای اقتصاد (Donya-e-Eqtesad)',C,unverified_owner_transcription,تیر ۱۴۰۴,
7,markdown_table,1,2,corrected,owner_geographic_verification,match,۲,ولنجک,7,140,60000000.0,,,1500000000.0,60,| **۲** | ولنجک | 7 | 140 | 60 | 1500 |,False,notation,district_corrected_by_owner:2_to_1,data/raw/donya-e-eqtesad_rent-asking_tir-1404.md,دنیای اقتصاد (Donya-e-Eqtesad),owner-supplied header line 'منبع: دنیای اقتصاد (Donya-e-Eqtesad)',C,unverified_owner_transcription,تیر ۱۴۰۴,
8,markdown_table,2,2,,print,unchecked,۲,مرزداران - سپهر,9,90,46000000.0,,,1000000000.0,46,| **۲** | مرزداران - سپهر | 9 | 90 | 46 | 1000 |,False,,,data/raw/donya-e-eqtesad_rent-asking_tir-1404.md,دنیای اقتصاد (Donya-e-Eqtesad),owner-supplied header line 'منبع: دنیای اقتصاد (Donya-e-Eqtesad)',C,unverified_owner_transcription,تیر ۱۴۰۴,
9,markdown_table,2,2,,print,unchecked,۲,تهران ویلا,8,89,18000000.0,,,1200000000.0,18,| **۲** | تهران ویلا | 8 | 89 | 18 | 1200 |,False,,,data/raw/donya-e-eqtesad_rent-asking_tir-1404.md,دنیای اقتصاد (Donya-e-Eqtesad),owner-supplied header line 'منبع: دنیای اقتصاد (Donya-e-Eqtesad)',C,unverified_owner_transcription,تیر ۱۴۰۴,
10,markdown_table,2,2,,print,match,۲,دریا نو - مقهری,8,78,3000000.0,,,1300000000.0,3,| **۲** | دریا نو - مقهری | 8 | 78 | 3 | 1300 |,False,,,data/raw/donya-e-eqtesad_rent-asking_tir-1404.md,دنیای اقتصاد (Donya-e-Eqtesad),owner-supplied header line 'منبع: دنیای اقتصاد (Donya-e-Eqtesad)',C,unverified_owner_transcription,تیر ۱۴۰۴,
11,markdown_table,2,2,,print,match,۲,اختیاریه - عین آبادی,7,80,39000000.0,,,800000000.0,39,| **۲** | اختیاریه - عین آبادی | 7 | 80 | 39 | 800 |,False,,,data/raw/donya-e-eqtesad_rent-asking_tir-1404.md,دنیای اقتصاد (Donya-e-Eqtesad),owner-supplied header line 'منبع: دنیای اقتصاد (Donya-e-Eqtesad)',C,unverified_owner_transcription,تیر ۱۴۰۴,
12,markdown_table,3,3,,print,match,۳,دروس - یخچال,9,100,40000000.0,,,1000000000.0,40,| **۳** | دروس - یخچال | 9 | 100 | 40 | 1000 |,False,,,data/raw/donya-e-eqtesad_rent-asking_tir-1404.md,دنیای اقتصاد (Donya-e-Eqtesad),owner-supplied header line 'منبع: دنیای اقتصاد (Donya-e-Eqtesad)',C,unverified_owner_transcription,تیر ۱۴۰۴,
13,markdown_table,3,3,,print,match,۳,جردن,9,105,40000000.0,,,1000000000.0,40,| **۳** | جردن | 9 | 105 | 40 | 1000 |,False,,,data/raw/donya-e-eqtesad_rent-asking_tir-1404.md,دنیای اقتصاد (Donya-e-Eqtesad),owner-supplied header line 'منبع: دنیای اقتصاد (Donya-e-Eqtesad)',C,unverified_owner_transcription,تیر ۱۴۰۴,
14,markdown_table,3,3,,print,match,۳,ونک - شیخ بهایی,6,90,35000000.0,,,800000000.0,35,| **۳** | ونک - شیخ بهایی | 6 | 90 | 35 | 800 |,False,,,data/raw/donya-e-eqtesad_rent-asking_tir-1404.md,دنیای اقتصاد (Donya-e-Eqtesad),owner-supplied header line 'منبع: دنیای اقتصاد (Donya-e-Eqtesad)',C,unverified_owner_transcription,تیر ۱۴۰۴,
15,markdown_table,3,3,,print,match,۳,میرداماد - شاهدوست,9,101,40000000.0,,,800000000.0,40,| **۳** | میرداماد - شاهدوست | 9 | 101 | 40 | 800 |,False,,,data/raw/donya-e-eqtesad_rent-asking_tir-1404.md,دنیای اقتصاد (Donya-e-Eqtesad),owner-supplied header line 'منبع: دنیای اقتصاد (Donya-e-Eqtesad)',C,unverified_owner_transcription,تیر ۱۴۰۴,
16,markdown_table,3,3,,print,unchecked,۳,تهرانپارس شرقی - اسفندیاری,5,84,15000000.0,,,600000000.0,15,| **۳** | تهرانپارس شرقی - اسفندیاری | 5 | 84 | 15 | 600 |,False,,,data/raw/donya-e-eqtesad_rent-asking_tir-1404.md,دنیای اقتصاد (Donya-e-Eqtesad),owner-supplied header line 'منبع: دنیای اقتصاد (Donya-e-Eqtesad)',C,unverified_owner_transcription,تیر ۱۴۰۴,
17,markdown_table,4,4,,print,match,۴,علم و صنعت - فرجام,8,73,9000000.0,,,400000000.0,9,| **۴** | علم و صنعت - فرجام | 8 | 73 | 9 | 400 |,False,,,data/raw/donya-e-eqtesad_rent-asking_tir-1404.md,دنیای اقتصاد (Donya-e-Eqtesad),owner-supplied header line 'منبع: دنیای اقتصاد (Donya-e-Eqtesad)',C,unverified_owner_transcription,تیر ۱۴۰۴,
18,markdown_table,4,4,,print,match,۴,حکیمیه - فجر,5,90,24000000.0,,,300000000.0,24,| **۴** | حکیمیه - فجر | 5 | 90 | 24 | 300 |,False,,,data/raw/donya-e-eqtesad_rent-asking_tir-1404.md,دنیای اقتصاد (Donya-e-Eqtesad),owner-supplied header line 'منبع: دنیای اقتصاد (Donya-e-Eqtesad)',C,unverified_owner_transcription,تیر ۱۴۰۴,
19,markdown_table,4,4,,print,unchecked,۴,شمس آباد - کیانسی,8,80,7000000.0,,,400000000.0,7,| **۴** | شمس آباد - کیانسی | 8 | 80 | 7 | 400 |,False,,,data/raw/donya-e-eqtesad_rent-asking_tir-1404.md,دنیای اقتصاد (Donya-e-Eqtesad),owner-supplied header line 'منبع: دنیای اقتصاد (Donya-e-Eqtesad)',C,unverified_owner_transcription,تیر ۱۴۰۴,
20,markdown_table,4,4,confirmed,owner_geographic_verification,conflict,۴,هروی - پناهی نیا,9,90,28000000.0,,,1000000000.0,28,| **۴** | هروی - پناهی نیا | 9 | 90 | 28 | 1000 |,False,notation;source_ambiguity,district_confirmed_by_owner_geographic_check; district_print_4_vs_sibling_5,data/raw/donya-e-eqtesad_rent-asking_tir-1404.md,دنیای اقتصاد (Donya-e-Eqtesad),owner-supplied header line 'منبع: دنیای اقتصاد (Donya-e-Eqtesad)',C,unverified_owner_transcription,تیر ۱۴۰۴,
21,markdown_table,5,4,corrected,owner_geographic_verification,match,۴,پونک - کمالی,10,90,25000000.0,,,800000000.0,25,| **۴** | پونک - کمالی | 10 | 90 | 25 | 800 |,False,notation,district_corrected_by_owner:4_to_5,data/raw/donya-e-eqtesad_rent-asking_tir-1404.md,دنیای اقتصاد (Donya-e-Eqtesad),owner-supplied header line 'منبع: دنیای اقتصاد (Donya-e-Eqtesad)',C,unverified_owner_transcription,تیر ۱۴۰۴,
22,markdown_table,5,5,,print,match,۵,فردوس شرق,9,70,25000000.0,,,400000000.0,25,| **۵** | فردوس شرق | 9 | 70 | 25 | 400 |,False,,,data/raw/donya-e-eqtesad_rent-asking_tir-1404.md,دنیای اقتصاد (Donya-e-Eqtesad),owner-supplied header line 'منبع: دنیای اقتصاد (Donya-e-Eqtesad)',C,unverified_owner_transcription,تیر ۱۴۰۴,
23,markdown_table,5,5,,print,unchecked,۵,جنت آباد مرکزی,6,88,30000000.0,,,500000000.0,30,| **۵** | جنت آباد مرکزی | 6 | 88 | 30 | 500 |,False,,,data/raw/donya-e-eqtesad_rent-asking_tir-1404.md,دنیای اقتصاد (Donya-e-Eqtesad),owner-supplied header line 'منبع: دنیای اقتصاد (Donya-e-Eqtesad)',C,unverified_owner_transcription,تیر ۱۴۰۴,
24,markdown_table,5,5,,print,unchecked,۵,شهران شمالی,9,90,15000000.0,,,800000000.0,15,| **۵** | شهران شمالی | 9 | 90 | 15 | 800 |,False,,,data/raw/donya-e-eqtesad_rent-asking_tir-1404.md,دنیای اقتصاد (Donya-e-Eqtesad),owner-supplied header line 'منبع: دنیای اقتصاد (Donya-e-Eqtesad)',C,unverified_owner_transcription,تیر ۱۴۰۴,
25,markdown_table,5,5,,print,unchecked,۵,آبشار - حاجی زاده,7,77,11000000.0,,,900000000.0,11,| **۵** | آبشار - حاجی زاده | 7 | 77 | 11 | 900 |,False,,,data/raw/donya-e-eqtesad_rent-asking_tir-1404.md,دنیای اقتصاد (Donya-e-Eqtesad),owner-supplied header line 'منبع: دنیای اقتصاد (Donya-e-Eqtesad)',C,unverified_owner_transcription,تیر ۱۴۰۴,
26,markdown_table,5,5,,print,unchecked,۵,یوسف آباد - اسدآبادی,5,85,45000000.0,,,500000000.0,45,| **۵** | یوسف آباد - اسدآبادی | 5 | 85 | 45 | 500 |,False,,,data/raw/donya-e-eqtesad_rent-asking_tir-1404.md,دنیای اقتصاد (Donya-e-Eqtesad),owner-supplied header line 'منبع: دنیای اقتصاد (Donya-e-Eqtesad)',C,unverified_owner_transcription,تیر ۱۴۰۴,
27,markdown_table,6,6,,print,match,۶,امیرآباد - دیبستان,6,100,23000000.0,,,1200000000.0,23,| **۶** | امیرآباد - دیبستان | 6 | 100 | 23 | 1200 |,False,,,data/raw/donya-e-eqtesad_rent-asking_tir-1404.md,دنیای اقتصاد (Donya-e-Eqtesad),owner-supplied header line 'منبع: دنیای اقتصاد (Donya-e-Eqtesad)',C,unverified_owner_transcription,تیر ۱۴۰۴,
28,markdown_table,6,6,,print,unchecked,۶,کشاورز - دائمی,6,85,35000000.0,,,500000000.0,35,| **۶** | کشاورز - دائمی | 6 | 85 | 35 | 500 |,False,,,data/raw/donya-e-eqtesad_rent-asking_tir-1404.md,دنیای اقتصاد (Donya-e-Eqtesad),owner-supplied header line 'منبع: دنیای اقتصاد (Donya-e-Eqtesad)',C,unverified_owner_transcription,تیر ۱۴۰۴,
29,markdown_table,6,6,,print,unchecked,۶,سنایی - نظری,9,83,22000000.0,,,700000000.0,22,| **۶** | سنایی - نظری | 9 | 83 | 22 | 700 |,False,,,data/raw/donya-e-eqtesad_rent-asking_tir-1404.md,دنیای اقتصاد (Donya-e-Eqtesad),owner-supplied header line 'منبع: دنیای اقتصاد (Donya-e-Eqtesad)',C,unverified_owner_transcription,تیر ۱۴۰۴,
30,markdown_table,6,6,,print,unchecked,۶,ایرانشهر - رامسر,9,90,25000000.0,,,800000000.0,25,| **۶** | ایرانشهر - رامسر | 9 | 90 | 25 | 800 |,False,,,data/raw/donya-e-eqtesad_rent-asking_tir-1404.md,دنیای اقتصاد (Donya-e-Eqtesad),owner-supplied header line 'منبع: دنیای اقتصاد (Donya-e-Eqtesad)',C,unverified_owner_transcription,تیر ۱۴۰۴,
31,markdown_table,6,7,corrected,owner_geographic_verification,match,۷,شهرداری شمالی - موزه,10,80,20000000.0,,,800000000.0,20,| **۷** | شهرداری شمالی - موزه | 10 | 80 | 20 | 800 |,False,notation,district_corrected_by_owner:7_to_6,data/raw/donya-e-eqtesad_rent-asking_tir-1404.md,دنیای اقتصاد (Donya-e-Eqtesad),owner-supplied header line 'منبع: دنیای اقتصاد (Donya-e-Eqtesad)',C,unverified_owner_transcription,تیر ۱۴۰۴,
32,markdown_table,7,7,,print,match,۷,بهار - هفت تیر,10,85,35000000.0,,,300000000.0,35,| **۷** | بهار - هفت تیر | 10 | 85 | 35 | 300 |,False,,,data/raw/donya-e-eqtesad_rent-asking_tir-1404.md,دنیای اقتصاد (Donya-e-Eqtesad),owner-supplied header line 'منبع: دنیای اقتصاد (Donya-e-Eqtesad)',C,unverified_owner_transcription,تیر ۱۴۰۴,
33,markdown_table,7,7,,print,match,۷,خواجه نظام الملک,6,76,30000000.0,,,500000000.0,30,| **۷** | خواجه نظام الملک | 6 | 76 | 30 | 500 |,False,,,data/raw/donya-e-eqtesad_rent-asking_tir-1404.md,دنیای اقتصاد (Donya-e-Eqtesad),owner-supplied header line 'منبع: دنیای اقتصاد (Donya-e-Eqtesad)',C,unverified_owner_transcription,تیر ۱۴۰۴,
34,markdown_table,7,7,,print,match,۷,ارامنه - سلطانی,6,85,23000000.0,,,400000000.0,23,| **۷** | ارامنه - سلطانی | 6 | 85 | 23 | 400 |,False,,,data/raw/donya-e-eqtesad_rent-asking_tir-1404.md,دنیای اقتصاد (Donya-e-Eqtesad),owner-supplied header line 'منبع: دنیای اقتصاد (Donya-e-Eqtesad)',C,unverified_owner_transcription,تیر ۱۴۰۴,
35,markdown_table,7,7,,print,match,۷,پلیس - ادبی,8,75,14000000.0,,,300000000.0,14,| **۷** | پلیس - ادبی | 8 | 75 | 14 | 300 |,False,,,data/raw/donya-e-eqtesad_rent-asking_tir-1404.md,دنیای اقتصاد (Donya-e-Eqtesad),owner-supplied header line 'منبع: دنیای اقتصاد (Donya-e-Eqtesad)',C,unverified_owner_transcription,تیر ۱۴۰۴,
36,markdown_table,8,8,,print,match,۸,هفت حوض - پنجاه و چهارم,8,83,15000000.0,,,1000000000.0,15,| **۸** | هفت حوض - پنجاه و چهارم | 8 | 83 | 15 | 1000 |,False,,,data/raw/donya-e-eqtesad_rent-asking_tir-1404.md,دنیای اقتصاد (Donya-e-Eqtesad),owner-supplied header line 'منبع: دنیای اقتصاد (Donya-e-Eqtesad)',C,unverified_owner_transcription,تیر ۱۴۰۴,
37,markdown_table,8,8,,print,match,۸,درشت - حمزه لویی,7,90,25000000.0,,,500000000.0,25,| **۸** | درشت - حمزه لویی | 7 | 90 | 25 | 500 |,False,,,data/raw/donya-e-eqtesad_rent-asking_tir-1404.md,دنیای اقتصاد (Donya-e-Eqtesad),owner-supplied header line 'منبع: دنیای اقتصاد (Donya-e-Eqtesad)',C,unverified_owner_transcription,تیر ۱۴۰۴,
38,markdown_table,8,8,,print,match,۸,سبلان - جعفری,10,70,15000000.0,,,400000000.0,15,| **۸** | سبلان - جعفری | 10 | 70 | 15 | 400 |,False,,,data/raw/donya-e-eqtesad_rent-asking_tir-1404.md,دنیای اقتصاد (Donya-e-Eqtesad),owner-supplied header line 'منبع: دنیای اقتصاد (Donya-e-Eqtesad)',C,unverified_owner_transcription,تیر ۱۴۰۴,
39,markdown_table,8,8,,print,unchecked,۸,تسلیحات - واضحانی,7,70,13000000.0,,,500000000.0,13,| **۸** | تسلیحات - واضحانی | 7 | 70 | 13 | 500 |,False,,,data/raw/donya-e-eqtesad_rent-asking_tir-1404.md,دنیای اقتصاد (Donya-e-Eqtesad),owner-supplied header line 'منبع: دنیای اقتصاد (Donya-e-Eqtesad)',C,unverified_owner_transcription,تیر ۱۴۰۴,
40,markdown_table,8,8,,print,unchecked,۸,کرمان شمالی,9,81,7000000.0,,,750000000.0,7,| **۸** | کرمان شمالی | 9 | 81 | 7 | 750 |,False,,,data/raw/donya-e-eqtesad_rent-asking_tir-1404.md,دنیای اقتصاد (Donya-e-Eqtesad),owner-supplied header line 'منبع: دنیای اقتصاد (Donya-e-Eqtesad)',C,unverified_owner_transcription,تیر ۱۴۰۴,
41,markdown_table,9,9,,print,match,۹,استاد معین - لعل آخر,8,81,10000000.0,,,100000000.0,10,| **۹** | استاد معین - لعل آخر | 8 | 81 | 10 | 100 |,False,,,data/raw/donya-e-eqtesad_rent-asking_tir-1404.md,دنیای اقتصاد (Donya-e-Eqtesad),owner-supplied header line 'منبع: دنیای اقتصاد (Donya-e-Eqtesad)',C,unverified_owner_transcription,تیر ۱۴۰۴,
42,markdown_table,9,9,,print,unchecked,۹,دکتر هوشیار - دارمیشکی,10,70,,6000000.0,15500000.0,500000000.0,6 / 15.5,| **۹** | دکتر هوشیار - دارمیشکی | 10 | 70 | 6 / 15.5 | 500 |,False,notation,rent_range_as_written,data/raw/donya-e-eqtesad_rent-asking_tir-1404.md,دنیای اقتصاد (Donya-e-Eqtesad),owner-supplied header line 'منبع: دنیای اقتصاد (Donya-e-Eqtesad)',C,unverified_owner_transcription,تیر ۱۴۰۴,
43,markdown_table,9,9,,print,match,۹,مهرآباد جنوبی - وصالی,8,83,15000000.0,,,300000000.0,15,| **۹** | مهرآباد جنوبی - وصالی | 8 | 83 | 15 | 300 |,False,,,data/raw/donya-e-eqtesad_rent-asking_tir-1404.md,دنیای اقتصاد (Donya-e-Eqtesad),owner-supplied header line 'منبع: دنیای اقتصاد (Donya-e-Eqtesad)',C,unverified_owner_transcription,تیر ۱۴۰۴,
44,markdown_table,9,9,,print,unchecked,۹,جی - جرجانی,5,80,14000000.0,,,300000000.0,14,| **۹** | جی - جرجانی | 5 | 80 | 14 | 300 |,False,,,data/raw/donya-e-eqtesad_rent-asking_tir-1404.md,دنیای اقتصاد (Donya-e-Eqtesad),owner-supplied header line 'منبع: دنیای اقتصاد (Donya-e-Eqtesad)',C,unverified_owner_transcription,تیر ۱۴۰۴,
45,markdown_table,9,9,,print,match,۹,دستغیب,9,85,10000000.0,,,500000000.0,10,| **۹** | دستغیب | 9 | 85 | 10 | 500 |,False,,,data/raw/donya-e-eqtesad_rent-asking_tir-1404.md,دنیای اقتصاد (Donya-e-Eqtesad),owner-supplied header line 'منبع: دنیای اقتصاد (Donya-e-Eqtesad)',C,unverified_owner_transcription,تیر ۱۴۰۴,
46,markdown_table,10,10,,print,match,۱۰,بریانک,8,75,,5000000.0,10500000.0,500000000.0,5 / 10.5,| **۱۰** | بریانک | 8 | 75 | 5 / 10.5 | 500 |,False,notation,rent_range_as_written,data/raw/donya-e-eqtesad_rent-asking_tir-1404.md,دنیای اقتصاد (Donya-e-Eqtesad),owner-supplied header line 'منبع: دنیای اقتصاد (Donya-e-Eqtesad)',C,unverified_owner_transcription,تیر ۱۴۰۴,
47,markdown_table,10,10,,print,match,۱۰,جیحون - قصرالدشت,9,85,11000000.0,,,600000000.0,11,| **۱۰** | جیحون - قصرالدشت | 9 | 85 | 11 | 600 |,False,,,data/raw/donya-e-eqtesad_rent-asking_tir-1404.md,دنیای اقتصاد (Donya-e-Eqtesad),owner-supplied header line 'منبع: دنیای اقتصاد (Donya-e-Eqtesad)',C,unverified_owner_transcription,تیر ۱۴۰۴,
48,markdown_table,10,10,,print,unchecked,۱۰,زنجان - دارمیشکی,10,70,15000000.0,,,600000000.0,15,| **۱۰** | زنجان - دارمیشکی | 10 | 70 | 15 | 600 |,False,,,data/raw/donya-e-eqtesad_rent-asking_tir-1404.md,دنیای اقتصاد (Donya-e-Eqtesad),owner-supplied header line 'منبع: دنیای اقتصاد (Donya-e-Eqtesad)',C,unverified_owner_transcription,تیر ۱۴۰۴,
49,markdown_table,10,10,,print,unchecked,۱۰,هفت چنار - محبوب مجاز,9,70,15000000.0,,,500000000.0,15,| **۱۰** | هفت چنار - محبوب مجاز | 9 | 70 | 15 | 500 |,False,,,data/raw/donya-e-eqtesad_rent-asking_tir-1404.md,دنیای اقتصاد (Donya-e-Eqtesad),owner-supplied header line 'منبع: دنیای اقتصاد (Donya-e-Eqtesad)',C,unverified_owner_transcription,تیر ۱۴۰۴,
50,markdown_table,11,11,,print,unchecked,۱۱,هاشمی - عبداللهی,8,80,,4000000.0,12500000.0,400000000.0,4 / 12.5,| **۱۱** | هاشمی - عبداللهی | 8 | 80 | 4 / 12.5 | 400 |,False,notation,rent_range_as_written,data/raw/donya-e-eqtesad_rent-asking_tir-1404.md,دنیای اقتصاد (Donya-e-Eqtesad),owner-supplied header line 'منبع: دنیای اقتصاد (Donya-e-Eqtesad)',C,unverified_owner_transcription,تیر ۱۴۰۴,
51,markdown_table,11,11,,print,match,۱۱,امیریه - بشیری,8,90,0.0,,,1300000000.0,0,| **۱۱** | امیریه - بشیری | 8 | 90 | 0 | 1300 |,True,source_ambiguity,zero_rent_as_written,data/raw/donya-e-eqtesad_rent-asking_tir-1404.md,دنیای اقتصاد (Donya-e-Eqtesad),owner-supplied header line 'منبع: دنیای اقتصاد (Donya-e-Eqtesad)',C,unverified_owner_transcription,تیر ۱۴۰۴,
52,markdown_table,11,11,,print,match,۱۱,گمرک - زرجانی,7,78,17000000.0,,,500000000.0,17,| **۱۱** | گمرک - زرجانی | 7 | 78 | 17 | 500 |,False,,,data/raw/donya-e-eqtesad_rent-asking_tir-1404.md,دنیای اقتصاد (Donya-e-Eqtesad),owner-supplied header line 'منبع: دنیای اقتصاد (Donya-e-Eqtesad)',C,unverified_owner_transcription,تیر ۱۴۰۴,
53,markdown_table,11,11,,print,unchecked,۱۱,شیخ هادی,9,72,3000000.0,,,550000000.0,3,| **۱۱** | شیخ هادی | 9 | 72 | 3 | 550 |,False,,,data/raw/donya-e-eqtesad_rent-asking_tir-1404.md,دنیای اقتصاد (Donya-e-Eqtesad),owner-supplied header line 'منبع: دنیای اقتصاد (Donya-e-Eqtesad)',C,unverified_owner_transcription,تیر ۱۴۰۴,
54,markdown_table,11,11,,print,unchecked,۱۱,مخصوص - ملایی,8,73,,,,800000000.0,-,| **۱۱** | مخصوص - ملایی | 8 | 73 | - | 800 |,False,notation,rent_missing_as_written,data/raw/donya-e-eqtesad_rent-asking_tir-1404.md,دنیای اقتصاد (Donya-e-Eqtesad),owner-supplied header line 'منبع: دنیای اقتصاد (Donya-e-Eqtesad)',C,unverified_owner_transcription,تیر ۱۴۰۴,
55,markdown_table,11,11,,print,unchecked,۱۱,جمهوری - باستانی,5,75,17500000.0,,,600000000.0,17.5,| **۱۱** | جمهوری - باستانی | 5 | 75 | 17.5 | 600 |,False,,,data/raw/donya-e-eqtesad_rent-asking_tir-1404.md,دنیای اقتصاد (Donya-e-Eqtesad),owner-supplied header line 'منبع: دنیای اقتصاد (Donya-e-Eqtesad)',C,unverified_owner_transcription,تیر ۱۴۰۴,
56,markdown_table,12,12,,print,match,۱۲,دروازه شمیران - کفایی امانی,9,78,15000000.0,,,500000000.0,15,| **۱۲** | دروازه شمیران - کفایی امانی | 9 | 78 | 15 | 500 |,False,,,data/raw/donya-e-eqtesad_rent-asking_tir-1404.md,دنیای اقتصاد (Donya-e-Eqtesad),owner-supplied header line 'منبع: دنیای اقتصاد (Donya-e-Eqtesad)',C,unverified_owner_transcription,تیر ۱۴۰۴,
57,markdown_table,12,12,,print,match,۱۲,سنگلج - مفتحری,10,90,6000000.0,,,500000000.0,6,| **۱۲** | سنگلج - مفتحری | 10 | 90 | 6 | 500 |,False,,,data/raw/donya-e-eqtesad_rent-asking_tir-1404.md,دنیای اقتصاد (Donya-e-Eqtesad),owner-supplied header line 'منبع: دنیای اقتصاد (Donya-e-Eqtesad)',C,unverified_owner_transcription,تیر ۱۴۰۴,
58,markdown_table,12,12,,print,match,۱۲,مولوی,10,80,12000000.0,,,300000000.0,12,| **۱۲** | مولوی | 10 | 80 | 12 | 300 |,False,,,data/raw/donya-e-eqtesad_rent-asking_tir-1404.md,دنیای اقتصاد (Donya-e-Eqtesad),owner-supplied header line 'منبع: دنیای اقتصاد (Donya-e-Eqtesad)',C,unverified_owner_transcription,تیر ۱۴۰۴,
59,markdown_table,12,12,,print,unchecked,۱۲,آبشار - مقدم,9,75,15000000.0,,,300000000.0,15,| **۱۲** | آبشار - مقدم | 9 | 75 | 15 | 300 |,False,,,data/raw/donya-e-eqtesad_rent-asking_tir-1404.md,دنیای اقتصاد (Donya-e-Eqtesad),owner-supplied header line 'منبع: دنیای اقتصاد (Donya-e-Eqtesad)',C,unverified_owner_transcription,تیر ۱۴۰۴,
60,markdown_table,13,13,,print,match,۱۳,نیرو هوایی - سوم,9,85,15000000.0,,,1000000000.0,15,| **۱۳** | نیرو هوایی - سوم | 9 | 85 | 15 | 1000 |,False,,,data/raw/donya-e-eqtesad_rent-asking_tir-1404.md,دنیای اقتصاد (Donya-e-Eqtesad),owner-supplied header line 'منبع: دنیای اقتصاد (Donya-e-Eqtesad)',C,unverified_owner_transcription,تیر ۱۴۰۴,
61,markdown_table,13,13,,print,unchecked,۱۳,پیروزی - دهقان,9,90,30000000.0,,,500000000.0,30,| **۱۳** | پیروزی - دهقان | 9 | 90 | 30 | 500 |,False,,,data/raw/donya-e-eqtesad_rent-asking_tir-1404.md,دنیای اقتصاد (Donya-e-Eqtesad),owner-supplied header line 'منبع: دنیای اقتصاد (Donya-e-Eqtesad)',C,unverified_owner_transcription,تیر ۱۴۰۴,
62,markdown_table,13,13,,print,match,۱۳,تهران نو - مهرآور,8,85,10000000.0,,,1000000000.0,10,| **۱۳** | تهران نو - مهرآور | 8 | 85 | 10 | 1000 |,False,,,data/raw/donya-e-eqtesad_rent-asking_tir-1404.md,دنیای اقتصاد (Donya-e-Eqtesad),owner-supplied header line 'منبع: دنیای اقتصاد (Donya-e-Eqtesad)',C,unverified_owner_transcription,تیر ۱۴۰۴,
63,markdown_table,13,13,,print,unchecked,۱۳,آشتیانی - دماوند,9,70,10000000.0,,,500000000.0,10,| **۱۳** | آشتیانی - دماوند | 9 | 70 | 10 | 500 |,False,,,data/raw/donya-e-eqtesad_rent-asking_tir-1404.md,دنیای اقتصاد (Donya-e-Eqtesad),owner-supplied header line 'منبع: دنیای اقتصاد (Donya-e-Eqtesad)',C,unverified_owner_transcription,تیر ۱۴۰۴,
64,markdown_table,14,14,,print,unchecked,۱۴,اسدی - قوسی نژاد,6,76,13000000.0,,,800000000.0,13,| **۱۴** | اسدی - قوسی نژاد | 6 | 76 | 13 | 800 |,False,,,data/raw/donya-e-eqtesad_rent-asking_tir-1404.md,دنیای اقتصاد (Donya-e-Eqtesad),owner-supplied header line 'منبع: دنیای اقتصاد (Donya-e-Eqtesad)',C,unverified_owner_transcription,تیر ۱۴۰۴,
65,markdown_table,14,14,,print,unchecked,۱۴,چهارصد دستگاه - اندرزگو,7,70,13000000.0,,,400000000.0,13,| **۱۴** | چهارصد دستگاه - اندرزگو | 7 | 70 | 13 | 400 |,False,,,data/raw/donya-e-eqtesad_rent-asking_tir-1404.md,دنیای اقتصاد (Donya-e-Eqtesad),owner-supplied header line 'منبع: دنیای اقتصاد (Donya-e-Eqtesad)',C,unverified_owner_transcription,تیر ۱۴۰۴,
66,markdown_table,14,14,,print,match,۱۴,پرستار - کرباسی ها,8,75,4500000.0,,,550000000.0,4.5,| **۱۴** | پرستار - کرباسی ها | 8 | 75 | 4.5 | 550 |,False,,,data/raw/donya-e-eqtesad_rent-asking_tir-1404.md,دنیای اقتصاد (Donya-e-Eqtesad),owner-supplied header line 'منبع: دنیای اقتصاد (Donya-e-Eqtesad)',C,unverified_owner_transcription,تیر ۱۴۰۴,
67,markdown_table,14,14,,print,match,۱۴,دولاب - امیرسلمانی,10,82,3000000.0,,,900000000.0,3,| **۱۴** | دولاب - امیرسلمانی | 10 | 82 | 3 | 900 |,False,,,data/raw/donya-e-eqtesad_rent-asking_tir-1404.md,دنیای اقتصاد (Donya-e-Eqtesad),owner-supplied header line 'منبع: دنیای اقتصاد (Donya-e-Eqtesad)',C,unverified_owner_transcription,تیر ۱۴۰۴,
68,markdown_table,14,14,,print,unchecked,۱۴,صاحب الزمان - گمنام,9,90,12000000.0,,,500000000.0,12,| **۱۴** | صاحب الزمان - گمنام | 9 | 90 | 12 | 500 |,False,,,data/raw/donya-e-eqtesad_rent-asking_tir-1404.md,دنیای اقتصاد (Donya-e-Eqtesad),owner-supplied header line 'منبع: دنیای اقتصاد (Donya-e-Eqtesad)',C,unverified_owner_transcription,تیر ۱۴۰۴,
69,markdown_table,14,14,,print,match,۱۴,صددستگاه - خیری,10,90,12000000.0,,,900000000.0,12,| **۱۴** | صددستگاه - خیری | 10 | 90 | 12 | 900 |,False,,,data/raw/donya-e-eqtesad_rent-asking_tir-1404.md,دنیای اقتصاد (Donya-e-Eqtesad),owner-supplied header line 'منبع: دنیای اقتصاد (Donya-e-Eqtesad)',C,unverified_owner_transcription,تیر ۱۴۰۴,
70,markdown_table,14,14,,print,unchecked,۱۴,ابوذر - آقاجانلو,9,72,13000000.0,,,400000000.0,13,| **۱۴** | ابوذر - آقاجانلو | 9 | 72 | 13 | 400 |,False,,,data/raw/donya-e-eqtesad_rent-asking_tir-1404.md,دنیای اقتصاد (Donya-e-Eqtesad),owner-supplied header line 'منبع: دنیای اقتصاد (Donya-e-Eqtesad)',C,unverified_owner_transcription,تیر ۱۴۰۴,
71,markdown_table,15,15,,print,match,۱۵,کیانشهر - نهم,6,79,14000000.0,,,300000000.0,14,| **۱۵** | کیانشهر - نهم | 6 | 79 | 14 | 300 |,False,,,data/raw/donya-e-eqtesad_rent-asking_tir-1404.md,دنیای اقتصاد (Donya-e-Eqtesad),owner-supplied header line 'منبع: دنیای اقتصاد (Donya-e-Eqtesad)',C,unverified_owner_transcription,تیر ۱۴۰۴,
72,markdown_table,15,15,,print,unchecked,۱۵,افسریه - زالی,7,75,6000000.0,,,300000000.0,6,| **۱۵** | افسریه - زالی | 7 | 75 | 6 | 300 |,False,,,data/raw/donya-e-eqtesad_rent-asking_tir-1404.md,دنیای اقتصاد (Donya-e-Eqtesad),owner-supplied header line 'منبع: دنیای اقتصاد (Donya-e-Eqtesad)',C,unverified_owner_transcription,تیر ۱۴۰۴,
73,markdown_table,15,15,,print,match,۱۵,شوش - چهارم,8,70,4500000.0,,,500000000.0,4.5,| **۱۵** | شوش - چهارم | 8 | 70 | 4.5 | 500 |,False,,,data/raw/donya-e-eqtesad_rent-asking_tir-1404.md,دنیای اقتصاد (Donya-e-Eqtesad),owner-supplied header line 'منبع: دنیای اقتصاد (Donya-e-Eqtesad)',C,unverified_owner_transcription,تیر ۱۴۰۴,
74,markdown_table,15,15,,print,match,۱۵,مسعودیه,8,75,12000000.0,,,250000000.0,12,| **۱۵** | مسعودیه | 8 | 75 | 12 | 250 |,False,,,data/raw/donya-e-eqtesad_rent-asking_tir-1404.md,دنیای اقتصاد (Donya-e-Eqtesad),owner-supplied header line 'منبع: دنیای اقتصاد (Donya-e-Eqtesad)',C,unverified_owner_transcription,تیر ۱۴۰۴,
75,markdown_table,16,16,,print,match,۱۶,نازی آباد - رضوان,7,80,12000000.0,,,800000000.0,12,| **۱۶** | نازی آباد - رضوان | 7 | 80 | 12 | 800 |,False,,,data/raw/donya-e-eqtesad_rent-asking_tir-1404.md,دنیای اقتصاد (Donya-e-Eqtesad),owner-supplied header line 'منبع: دنیای اقتصاد (Donya-e-Eqtesad)',C,unverified_owner_transcription,تیر ۱۴۰۴,
76,markdown_table,16,16,,print,match,۱۶,جوادیه - قرنی,5,85,6500000.0,,,500000000.0,6.5,| **۱۶** | جوادیه - قرنی | 5 | 85 | 6.5 | 500 |,False,,,data/raw/donya-e-eqtesad_rent-asking_tir-1404.md,دنیای اقتصاد (Donya-e-Eqtesad),owner-supplied header line 'منبع: دنیای اقتصاد (Donya-e-Eqtesad)',C,unverified_owner_transcription,تیر ۱۴۰۴,
77,markdown_table,16,16,,print,match,۱۶,خزانه - فلاحی,7,70,6000000.0,,,400000000.0,6,| **۱۶** | خزانه - فلاحی | 7 | 70 | 6 | 400 |,False,,,data/raw/donya-e-eqtesad_rent-asking_tir-1404.md,دنیای اقتصاد (Donya-e-Eqtesad),owner-supplied header line 'منبع: دنیای اقتصاد (Donya-e-Eqtesad)',C,unverified_owner_transcription,تیر ۱۴۰۴,
78,markdown_table,16,16,,print,match,۱۶,علی آباد - دستواره,9,75,8000000.0,,,400000000.0,8,| **۱۶** | علی آباد - دستواره | 9 | 75 | 8 | 400 |,False,,,data/raw/donya-e-eqtesad_rent-asking_tir-1404.md,دنیای اقتصاد (Donya-e-Eqtesad),owner-supplied header line 'منبع: دنیای اقتصاد (Donya-e-Eqtesad)',C,unverified_owner_transcription,تیر ۱۴۰۴,
79,markdown_table,16,16,,print,match,۱۶,یاخچی آباد - بشارت,6,85,15000000.0,,,500000000.0,15,| **۱۶** | یاخچی آباد - بشارت | 6 | 85 | 15 | 500 |,False,,,data/raw/donya-e-eqtesad_rent-asking_tir-1404.md,دنیای اقتصاد (Donya-e-Eqtesad),owner-supplied header line 'منبع: دنیای اقتصاد (Donya-e-Eqtesad)',C,unverified_owner_transcription,تیر ۱۴۰۴,
80,markdown_table,17,17,,print,unchecked,۱۷,امامزاده حسن,9,90,12000000.0,,,300000000.0,12,| **۱۷** | امامزاده حسن | 9 | 90 | 12 | 300 |,False,,,data/raw/donya-e-eqtesad_rent-asking_tir-1404.md,دنیای اقتصاد (Donya-e-Eqtesad),owner-supplied header line 'منبع: دنیای اقتصاد (Donya-e-Eqtesad)',C,unverified_owner_transcription,تیر ۱۴۰۴,
81,markdown_table,17,17,,print,match,۱۷,زمزم - جمران,10,75,8000000.0,,,300000000.0,8,| **۱۷** | زمزم - جمران | 10 | 75 | 8 | 300 |,False,,,data/raw/donya-e-eqtesad_rent-asking_tir-1404.md,دنیای اقتصاد (Donya-e-Eqtesad),owner-supplied header line 'منبع: دنیای اقتصاد (Donya-e-Eqtesad)',C,unverified_owner_transcription,تیر ۱۴۰۴,
82,markdown_table,17,17,,print,match,۱۷,وصنفار - رمضانی,8,80,9000000.0,,,500000000.0,9,| **۱۷** | وصنفار - رمضانی | 8 | 80 | 9 | 500 |,False,,,data/raw/donya-e-eqtesad_rent-asking_tir-1404.md,دنیای اقتصاد (Donya-e-Eqtesad),owner-supplied header line 'منبع: دنیای اقتصاد (Donya-e-Eqtesad)',C,unverified_owner_transcription,تیر ۱۴۰۴,
83,markdown_table,17,17,,print,match,۱۷,سجاد - مفرقی,10,75,15000000.0,,,350000000.0,15,| **۱۷** | سجاد - مفرقی | 10 | 75 | 15 | 350 |,False,,,data/raw/donya-e-eqtesad_rent-asking_tir-1404.md,دنیای اقتصاد (Donya-e-Eqtesad),owner-supplied header line 'منبع: دنیای اقتصاد (Donya-e-Eqtesad)',C,unverified_owner_transcription,تیر ۱۴۰۴,
84,markdown_table,17,17,,print,unchecked,۱۷,جلیلی - آقابری,10,75,0.0,,,500000000.0,0,| **۱۷** | جلیلی - آقابری | 10 | 75 | 0 | 500 |,True,source_ambiguity,zero_rent_as_written,data/raw/donya-e-eqtesad_rent-asking_tir-1404.md,دنیای اقتصاد (Donya-e-Eqtesad),owner-supplied header line 'منبع: دنیای اقتصاد (Donya-e-Eqtesad)',C,unverified_owner_transcription,تیر ۱۴۰۴,
85,markdown_table,18,18,,print,unchecked,۱۸,تولیددارو - قنات,8,70,6000000.0,,,400000000.0,6,| **۱۸** | تولیددارو - قنات | 8 | 70 | 6 | 400 |,False,,,data/raw/donya-e-eqtesad_rent-asking_tir-1404.md,دنیای اقتصاد (Donya-e-Eqtesad),owner-supplied header line 'منبع: دنیای اقتصاد (Donya-e-Eqtesad)',C,unverified_owner_transcription,تیر ۱۴۰۴,
86,markdown_table,18,18,,print,match,۱۸,شهرک ولیعصر - بارزگان,10,80,12000000.0,,,250000000.0,12,| **۱۸** | شهرک ولیعصر - بارزگان | 10 | 80 | 12 | 250 |,False,,,data/raw/donya-e-eqtesad_rent-asking_tir-1404.md,دنیای اقتصاد (Donya-e-Eqtesad),owner-supplied header line 'منبع: دنیای اقتصاد (Donya-e-Eqtesad)',C,unverified_owner_transcription,تیر ۱۴۰۴,
87,markdown_table,18,18,,print,match,۱۸,یافت آباد - سعفی,9,73,9000000.0,,,400000000.0,9,| **۱۸** | یافت آباد - سعفی | 9 | 73 | 9 | 400 |,False,,,data/raw/donya-e-eqtesad_rent-asking_tir-1404.md,دنیای اقتصاد (Donya-e-Eqtesad),owner-supplied header line 'منبع: دنیای اقتصاد (Donya-e-Eqtesad)',C,unverified_owner_transcription,تیر ۱۴۰۴,
88,markdown_table,18,18,,print,match,۱۸,شادآباد - الهر,10,80,12000000.0,,,300000000.0,12,| **۱۸** | شادآباد - الهر | 10 | 80 | 12 | 300 |,False,,,data/raw/donya-e-eqtesad_rent-asking_tir-1404.md,دنیای اقتصاد (Donya-e-Eqtesad),owner-supplied header line 'منبع: دنیای اقتصاد (Donya-e-Eqtesad)',C,unverified_owner_transcription,تیر ۱۴۰۴,
89,markdown_table,18,18,,print,match,۱۸,خلیج فارس - غفاری,10,75,12000000.0,,,300000000.0,12,| **۱۸** | خلیج فارس - غفاری | 10 | 75 | 12 | 300 |,False,,,data/raw/donya-e-eqtesad_rent-asking_tir-1404.md,دنیای اقتصاد (Donya-e-Eqtesad),owner-supplied header line 'منبع: دنیای اقتصاد (Donya-e-Eqtesad)',C,unverified_owner_transcription,تیر ۱۴۰۴,
90,markdown_table,19,19,,print,match,۱۹,خانی آباد نو - اموزگار,7,90,15000000.0,,,300000000.0,15,| **۱۹** | خانی آباد نو - اموزگار | 7 | 90 | 15 | 300 |,False,,,data/raw/donya-e-eqtesad_rent-asking_tir-1404.md,دنیای اقتصاد (Donya-e-Eqtesad),owner-supplied header line 'منبع: دنیای اقتصاد (Donya-e-Eqtesad)',C,unverified_owner_transcription,تیر ۱۴۰۴,
91,markdown_table,19,19,,print,unchecked,۱۹,خانی آباد - شهریاری,9,90,9000000.0,,,200000000.0,9,| **۱۹** | خانی آباد - شهریاری | 9 | 90 | 9 | 200 |,False,,,data/raw/donya-e-eqtesad_rent-asking_tir-1404.md,دنیای اقتصاد (Donya-e-Eqtesad),owner-supplied header line 'منبع: دنیای اقتصاد (Donya-e-Eqtesad)',C,unverified_owner_transcription,تیر ۱۴۰۴,
92,markdown_table,19,19,,print,match,۱۹,عبدل آباد - هفدهم,9,85,12000000.0,,,300000000.0,12,| **۱۹** | عبدل آباد - هفدهم | 9 | 85 | 12 | 300 |,False,,,data/raw/donya-e-eqtesad_rent-asking_tir-1404.md,دنیای اقتصاد (Donya-e-Eqtesad),owner-supplied header line 'منبع: دنیای اقتصاد (Donya-e-Eqtesad)',C,unverified_owner_transcription,تیر ۱۴۰۴,
93,markdown_table,19,19,,print,unchecked,۱۹,دولتخواه - رامینی,6,90,10000000.0,,,650000000.0,10,| **۱۹** | دولتخواه - رامینی | 6 | 90 | 10 | 650 |,False,,,data/raw/donya-e-eqtesad_rent-asking_tir-1404.md,دنیای اقتصاد (Donya-e-Eqtesad),owner-supplied header line 'منبع: دنیای اقتصاد (Donya-e-Eqtesad)',C,unverified_owner_transcription,تیر ۱۴۰۴,
94,markdown_table,19,19,,print,match,۱۹,شهرک شریعتی,5,85,7000000.0,,,200000000.0,7,| **۱۹** | شهرک شریعتی | 5 | 85 | 7 | 200 |,False,,,data/raw/donya-e-eqtesad_rent-asking_tir-1404.md,دنیای اقتصاد (Donya-e-Eqtesad),owner-supplied header line 'منبع: دنیای اقتصاد (Donya-e-Eqtesad)',C,unverified_owner_transcription,تیر ۱۴۰۴,
95,markdown_table,20,20,,print,match,۲۰,فیروزآبادی - قدسیان اسلام,6,74,7000000.0,,,400000000.0,7,| **۲۰** | فیروزآبادی - قدسیان اسلام | 6 | 74 | 7 | 400 |,False,,,data/raw/donya-e-eqtesad_rent-asking_tir-1404.md,دنیای اقتصاد (Donya-e-Eqtesad),owner-supplied header line 'منبع: دنیای اقتصاد (Donya-e-Eqtesad)',C,unverified_owner_transcription,تیر ۱۴۰۴,
96,markdown_table,20,20,,print,match,۲۰,دولت آباد - بهشتی,7,84,7000000.0,,,600000000.0,7,| **۲۰** | دولت آباد - بهشتی | 7 | 84 | 7 | 600 |,False,,,data/raw/donya-e-eqtesad_rent-asking_tir-1404.md,دنیای اقتصاد (Donya-e-Eqtesad),owner-supplied header line 'منبع: دنیای اقتصاد (Donya-e-Eqtesad)',C,unverified_owner_transcription,تیر ۱۴۰۴,
97,markdown_table,20,20,,print,unchecked,۲۰,جوانمرد قصاب,7,85,6000000.0,,,600000000.0,6,| **۲۰** | جوانمرد قصاب | 7 | 85 | 6 | 600 |,False,,,data/raw/donya-e-eqtesad_rent-asking_tir-1404.md,دنیای اقتصاد (Donya-e-Eqtesad),owner-supplied header line 'منبع: دنیای اقتصاد (Donya-e-Eqtesad)',C,unverified_owner_transcription,تیر ۱۴۰۴,
98,markdown_table,20,20,,print,unchecked,۲۰,ابن بابویه - قم,7,75,15000000.0,,,200000000.0,15,| **۲۰** | ابن بابویه - قم | 7 | 75 | 15 | 200 |,False,,,data/raw/donya-e-eqtesad_rent-asking_tir-1404.md,دنیای اقتصاد (Donya-e-Eqtesad),owner-supplied header line 'منبع: دنیای اقتصاد (Donya-e-Eqtesad)',C,unverified_owner_transcription,تیر ۱۴۰۴,
99,markdown_table,20,20,,print,unchecked,۲۰,سرتخت - مدرس,8,73,13000000.0,,,300000000.0,13,| **۲۰** | سرتخت - مدرس | 8 | 73 | 13 | 300 |,False,,,data/raw/donya-e-eqtesad_rent-asking_tir-1404.md,دنیای اقتصاد (Donya-e-Eqtesad),owner-supplied header line 'منبع: دنیای اقتصاد (Donya-e-Eqtesad)',C,unverified_owner_transcription,تیر ۱۴۰۴,
100,markdown_table,21,21,,print,unchecked,۲۱,تهرانسر - نیلوفر,9,90,10000000.0,,,800000000.0,10,| **۲۱** | تهرانسر - نیلوفر | 9 | 90 | 10 | 800 |,False,,,data/raw/donya-e-eqtesad_rent-asking_tir-1404.md,دنیای اقتصاد (Donya-e-Eqtesad),owner-supplied header line 'منبع: دنیای اقتصاد (Donya-e-Eqtesad)',C,unverified_owner_transcription,تیر ۱۴۰۴,
101,markdown_table,21,21,,print,match,۲۱,وردآورد - ولیعصر,6,89,11000000.0,,,500000000.0,11,| **۲۱** | وردآورد - ولیعصر | 6 | 89 | 11 | 500 |,False,,,data/raw/donya-e-eqtesad_rent-asking_tir-1404.md,دنیای اقتصاد (Donya-e-Eqtesad),owner-supplied header line 'منبع: دنیای اقتصاد (Donya-e-Eqtesad)',C,unverified_owner_transcription,تیر ۱۴۰۴,
102,markdown_table,21,21,,print,unchecked,۲۱,چیتگر - جهاد,6,90,12000000.0,,,400000000.0,12,| **۲۱** | چیتگر - جهاد | 6 | 90 | 12 | 400 |,False,,,data/raw/donya-e-eqtesad_rent-asking_tir-1404.md,دنیای اقتصاد (Donya-e-Eqtesad),owner-supplied header line 'منبع: دنیای اقتصاد (Donya-e-Eqtesad)',C,unverified_owner_transcription,تیر ۱۴۰۴,
103,markdown_table,21,21,,print,match,۲۱,شهرک آزادی - نیک آزم,7,80,17500000.0,,,300000000.0,17.5,| **۲۱** | شهرک آزادی - نیک آزم | 7 | 80 | 17.5 | 300 |,False,,,data/raw/donya-e-eqtesad_rent-asking_tir-1404.md,دنیای اقتصاد (Donya-e-Eqtesad),owner-supplied header line 'منبع: دنیای اقتصاد (Donya-e-Eqtesad)',C,unverified_owner_transcription,تیر ۱۴۰۴,
104,markdown_table,22,22,,print,unchecked,۲۲,ویلاشهر - انصار,6,110,30000000.0,,,500000000.0,30,| **۲۲** | ویلاشهر - انصار | 6 | 110 | 30 | 500 |,False,,,data/raw/donya-e-eqtesad_rent-asking_tir-1404.md,دنیای اقتصاد (Donya-e-Eqtesad),owner-supplied header line 'منبع: دنیای اقتصاد (Donya-e-Eqtesad)',C,unverified_owner_transcription,تیر ۱۴۰۴,
105,markdown_table,22,22,,print,match,۲۲,دریاچه خلیج فارس,6,114,30000000.0,,,500000000.0,30,| **۲۲** | دریاچه خلیج فارس | 6 | 114 | 30 | 500 |,False,,,data/raw/donya-e-eqtesad_rent-asking_tir-1404.md,دنیای اقتصاد (Donya-e-Eqtesad),owner-supplied header line 'منبع: دنیای اقتصاد (Donya-e-Eqtesad)',C,unverified_owner_transcription,تیر ۱۴۰۴,
106,markdown_table,22,22,,print,match,۲۲,المپیک - چشمه غربی,9,108,25000000.0,,,700000000.0,25,| **۲۲** | المپیک - چشمه غربی | 9 | 108 | 25 | 700 |,False,,,data/raw/donya-e-eqtesad_rent-asking_tir-1404.md,دنیای اقتصاد (Donya-e-Eqtesad),owner-supplied header line 'منبع: دنیای اقتصاد (Donya-e-Eqtesad)',C,unverified_owner_transcription,تیر ۱۴۰۴,
107,markdown_table,22,22,,print,unchecked,۲۲,سروآزاد - شهرک اریده,8,127,21000000.0,,,1000000000.0,21,| **۲۲** | سروآزاد - شهرک اریده | 8 | 127 | 21 | 1000 |,False,,,data/raw/donya-e-eqtesad_rent-asking_tir-1404.md,دنیای اقتصاد (Donya-e-Eqtesad),owner-supplied header line 'منبع: دنیای اقتصاد (Donya-e-Eqtesad)',C,unverified_owner_transcription,تیر ۱۴۰۴,
108,markdown_table,22,22,,print,unchecked,۲۲,شهرک راه آهن - بنفشه ها,9,105,21000000.0,,,400000000.0,21,| **۲۲** | شهرک راه آهن - بنفشه ها | 9 | 105 | 21 | 400 |,False,,,data/raw/donya-e-eqtesad_rent-asking_tir-1404.md,دنیای اقتصاد (Donya-e-Eqtesad),owner-supplied header line 'منبع: دنیای اقتصاد (Donya-e-Eqtesad)',C,unverified_owner_transcription,تیر ۱۴۰۴,
109,markdown_table,22,22,,print,match,۲۲,کوهک - طلوع چهارم,4,85,10000000.0,,,1000000000.0,10,| **۲۲** | کوهک - طلوع چهارم | 4 | 85 | 10 | 1000 |,False,,,data/raw/donya-e-eqtesad_rent-asking_tir-1404.md,دنیای اقتصاد (Donya-e-Eqtesad),owner-supplied header line 'منبع: دنیای اقتصاد (Donya-e-Eqtesad)',C,unverified_owner_transcription,تیر ۱۴۰۴,
