source_id,title,url,accessed_date,notes,
S1,Ali Tayebi — تغییر توان اجاره‌نشینی در تهران (rent/affordability map project),https://github.com/alitayebi/maps/tree/master/rent,2026-09-03,Quarterly district-level Tehran rent per m2 by 22 municipal districts,[' Spring 1388–Summer 1400. Underlying data: Iran Statistics Center.']
S2,Central Bank of Iran (بانک مرکزی ایران),https://www.cbi.ir/,2026-09-03,Tehran housing market reporting: average transaction price per m2 and average rent series. Figures supplied in research workbook.,
S3,Ministry of Cooperatives Labour and Social Welfare / High Labour Council — annual minimum wage decisions,https://www.mcls.gov.ir/,2026-09-03,Statutory annual minimum wage set around Persian New Year; rial/month.,
S4,Iran Statistics Center (مرکز آمار ایران),https://www.amar.org.ir/,2026-09-03,Official quarterly rent statistics underlying the Tayebi district dataset.,
S5,SHANA / Oil Ministry gasoline reporting,https://www.shana.ir/news/477056/,2026-09-03,National average daily gasoline consumption; 1402 figure approx 120 million L/day.,
S6,Tehran Metropolitan Region housing/periphery built-up growth research 2010–2020,https://www.sciencedirect.com/science/article/pii/S1757780225001064,2026-09-03,Housing transactions + satellite-derived built-up data for counties of Tehran Metropolitan Region.,
S7,Tehran Functional Urban Area research (RMTO travel-to-work flows),https://doi.org/10.1016/j.pirs.2024.100075,2026-09-03,Functional urban area defined from inter-city travel-to-work flows 1996/2006/2016. Raw OD matrix not public.,
S8,Functional spatial structure research — functional linkage indicators,https://doi.org/10.1111/rsp3.12627,2026-09-03,DII-style functional indicators; NOT commuter headcounts.,
S9,Tehran new-town / Parand research and contemporary reporting,https://doi.org/10.1080/19463138.2011.652359,2026-09-03,Parand case study: new town,"[' dormitory relation to Tehran core', ' ~30–40k daily travelers', ' 35–50 km one-way. Traveler/distance figures are reported estimates.']"
S10,Traffic Research Laboratory — national transport plan update (≈250 OD matrices),https://trafficlab.ir/,2026-09-03,Lead only; raw matrices not yet publicly downloadable.,
C1,Statistical Center of Iran population censuses 1385/1390/1395,https://www.amar.org.ir/,2026-09-03,Tehran city census population ~7.71m / ~8.15m / 8.69m.,
S11,Recent gasoline consumption 1403–1404 (project-supplied),,2026-09-03,Continuation of national daily gasoline series: 1403 ≈ 124 and 1404 ≈ 129 million L/day. Supplied to the project 2026-09-03; verify against Oil Ministry/SHANA reporting before publication.,
S12,Tehran rent & minimum-wage index 1388–1403 (base 1388 = 100),,2026-09-03,Project-assembled indices from the official Tehran rental index and annual statutory minimum wage; supplied to the project 2026-09-03. Definition differs from the district-level rent series used in Figure 2.,
S13,Peripheral-city commuter-rail & transit access 1404,https://rah-ahan.ir/,2026-09-03,Evidence that Parand,"[' Robat Karim', ' Pakdasht', ' Pishva and Rey are on active Tehran suburban-rail corridors', ' while Pardis/Shahriar are bus/road dependent (Pardis new buses: Mehr News). Collected 2026-09-03; verify individual schedule links before publication.']"
S15,Iran employed population 1404 (project-supplied),,2026-09-04,National employment ≈ 24.822 million persons in 1404. Supplied to the project 2026-09-04; verify against labour-force survey / statistical centre before publication.,
S16,Annual free-market USD/toman rate + CPI inflation 1390-1400 (project-supplied),,2026-10-06,"Supplied 2026-10-06 via a developer handoff. fx_toman_usd: 1200 ... 28000, one value per year; the handoff does not state the definition, the values track year-end free-market rates rather than annual averages, and the definition must be confirmed before publication. inflation_pct: USED ONLY FOR 1390-1396 -- the 1397-1400 rows were replaced by S18 on 2026-10-08. The 1390-1396 values (21.5/30.5/34.7/15.6/11.9/9.0/10.0) are consistent with SCI's published annual-average rates for those years, but no citation is held for them yet; treat as UNVERIFIED until checked against SCI. Note the 1399 and 1400 rows already matched SCI (36.0 vs 36.4, 40.0 vs 40.2) while 1397 and 1398 did not (18.0 vs 26.9, 41.0 vs 34.8), i.e. the old column was SCI with two bad years, not a different measure.",
S17,Quarterly FX / Tehran house price / Tehran rent 1396Q1–1403Q4 (project-supplied),,2026-10-08,"Supplied 2026-10-08 as a frontend handoff. 29 quarters; 1396 has only Q1 (three quarters missing), so the panel is contiguous only from 1397Q1. fx: free-market toman per USD (bonbast + news reports). house: CBI Tehran transaction price, million rial per m2 — annual means match the S2 series in data/annual.csv. rent: SCI/Tayebi-style monthly rent per m2, thousand rial — about 1.45-1.74x the S2 rent series, i.e. a different definition. Indices in the handoff are base 1397Q1 = 100 and are re-derived from the levels by the build.",
S18,SCI (مرکز آمار ایران) annual-average CPI inflation 1397-1403,https://www.amar.org.ir/,2026-10-08,"Owner-supplied, 2026-10-08: 1397=26.9, 1398=34.8, 1399=36.4, 1400=40.2, 1401=45.8, 1402=40.7, 1403=32.5. Chosen over the World Bank WDI series (FP.CPI.TOTL.ZG, IMF IFS-sourced: 31.2/41.2/47.1/43.4/43.5/44.6) because the question is about the Iranian consumer price level and SCI is the domestic official source. The two series are systematically different, not one wrong and one right. Do not splice them: an outside computation that mixed 1397-1399 from WDI with 1402-1403 from SCI understated the FX/CPI ratio (1.48 instead of 1.81). See docs/fx_cpi_source_reconciliation_handoff.md. Stored as data in data/sci_cpi_annual.csv (canonical for SCI); the same four 1397-1400 values are also inline in data/rent_vs_fx/fx_inflation_annual.csv, so a revision must update both. Used by rent-drivers.html as a marker series on the quarterly chart and as annual bars on the growth chart.",
S19,"Free-market USD/toman, sampled every 21 days, during 1401 and 1402 (owner-supplied)",,2026-10-08,"Owner-supplied 2026-10-08: 17 samples running 1401-01-15 to 1401-12-15 and 18 samples running 1402-01-07 to 1402-12-28, every 21 days exactly, toman per USD, from a currency-conversion site. No site name or URL was given, so treat the provenance as weaker than S17. Used to check S17's quarterly FX: the sampled means are 34,655 (1401, time-weighted) and 51,583 (1402) against S17's 40,250 and 53,000, i.e. S17's 1401 is about 14% too high while 1402 is within 3%. 1400 and 1403 were not supplied and remain unchecked. The site also showed a per-row dollar figure that varies (1.05, 0.951395, ...); that column was treated as an artefact and ignored -- only the toman column was used.",
