region,q,jalali_year,season,season_label,rent_toman_m2,rent_rial_m2
1,1,1388,0,بهار,10324.9,103249.0
1,2,1388,1,تابستان,10754.3,107543.0
1,3,1388,2,پاییز,9778.2,97782.0
1,4,1388,3,زمستان,10557.8,105578.0
1,5,1389,0,بهار,11670.0,116700.0
1,6,1389,1,تابستان,12970.4,129704.0
1,7,1389,2,پاییز,13510.4,135104.0
1,8,1389,3,زمستان,14483.7,144837.0
1,9,1390,0,بهار,14295.3,142953.0
1,10,1390,1,تابستان,14760.9,147609.0
1,11,1390,2,پاییز,16091.0,160910.0
1,12,1390,3,زمستان,17848.3,178483.0
1,13,1391,0,بهار,19196.5,191965.0
1,14,1391,1,تابستان,21395.3,213953.0
1,15,1391,2,پاییز,22608.2,226082.0
1,16,1391,3,زمستان,24000.3,240003.0
1,17,1392,0,بهار,25918.8,259188.0
1,18,1392,1,تابستان,27452.3,274523.0
1,19,1392,2,پاییز,28240.7,282407.0
1,20,1392,3,زمستان,25341.2,253412.0
1,21,1393,0,بهار,27711.3,277113.0
1,22,1393,1,تابستان,30274.3,302743.0
1,23,1393,2,پاییز,31851.5,318515.0
1,24,1393,3,زمستان,30996.0,309960.0
1,25,1394,0,بهار,32440.7,324407.0
1,26,1394,1,تابستان,34100.8,341008.0
1,27,1394,2,پاییز,34768.7,347687.0
1,28,1394,3,زمستان,34354.2,343542.0
1,29,1395,0,بهار,35776.6,357766.0
1,30,1395,1,تابستان,38309.1,383091.0
1,31,1395,2,پاییز,38357.4,383574.0
1,32,1395,3,زمستان,38806.4,388064.0
1,33,1396,0,بهار,41083.2,410832.0
1,34,1396,1,تابستان,44017.6,440176.0
1,35,1396,2,پاییز,45172.9,451729.0
1,36,1396,3,زمستان,50769.8,507698.0
1,37,1397,0,بهار,53669.7,536697.0
1,38,1397,1,تابستان,59766.2,597662.0
1,39,1397,2,پاییز,60510.2,605102.0
1,40,1397,3,زمستان,63120.1,631201.0
1,41,1398,0,بهار,69521.8,695218.0
1,42,1398,1,تابستان,75735.6,757356.0
1,43,1398,2,پاییز,77014.2,770142.0
1,44,1398,3,زمستان,91767.5,917675.0
1,45,1399,0,بهار,97825.4,978254.0
1,46,1399,1,تابستان,115729.9,1157299.0
1,47,1399,2,پاییز,110081.0,1100810.0
1,48,1399,3,زمستان,114608.8,1146088.0
1,49,1400,0,بهار,148340.9,1483409.0
1,50,1400,1,تابستان,159570.3,1595703.0
2,1,1388,0,بهار,8863.8,88638.0
2,2,1388,1,تابستان,8677.1,86771.0
2,3,1388,2,پاییز,8676.0,86760.0
2,4,1388,3,زمستان,9248.7,92487.0
2,5,1389,0,بهار,9421.8,94218.0
2,6,1389,1,تابستان,10527.5,105275.0
2,7,1389,2,پاییز,11068.9,110689.0
2,8,1389,3,زمستان,11890.2,118902.0
2,9,1390,0,بهار,11743.6,117436.0
2,10,1390,1,تابستان,12817.8,128178.0
2,11,1390,2,پاییز,13913.4,139134.0
2,12,1390,3,زمستان,15329.2,153292.0
2,13,1391,0,بهار,16313.1,163131.0
2,14,1391,1,تابستان,18019.1,180191.0
2,15,1391,2,پاییز,19103.9,191039.0
2,16,1391,3,زمستان,19890.1,198901.0
2,17,1392,0,بهار,22076.4,220764.0
2,18,1392,1,تابستان,22979.2,229792.0
2,19,1392,2,پاییز,23586.5,235865.0
2,20,1392,3,زمستان,21567.9,215679.0
2,21,1393,0,بهار,23361.7,233617.0
2,22,1393,1,تابستان,25356.0,253560.0
2,23,1393,2,پاییز,26583.3,265833.0
2,24,1393,3,زمستان,25566.1,255661.0
2,25,1394,0,بهار,27233.6,272336.0
2,26,1394,1,تابستان,28602.1,286021.0
2,27,1394,2,پاییز,29081.3,290813.0
2,28,1394,3,زمستان,28458.0,284580.0
2,29,1395,0,بهار,30311.2,303112.0
2,30,1395,1,تابستان,32206.3,322063.0
2,31,1395,2,پاییز,31877.1,318771.0
2,32,1395,3,زمستان,32293.1,322931.0
2,33,1396,0,بهار,34822.0,348220.0
2,34,1396,1,تابستان,36911.6,369116.0
2,35,1396,2,پاییز,37820.2,378202.0
2,36,1396,3,زمستان,42446.5,424465.0
2,37,1397,0,بهار,45545.7,455457.0
2,38,1397,1,تابستان,50034.0,500340.0
2,39,1397,2,پاییز,50731.7,507317.0
2,40,1397,3,زمستان,52366.8,523668.0
2,41,1398,0,بهار,59798.5,597985.0
2,42,1398,1,تابستان,65129.0,651290.0
2,43,1398,2,پاییز,65794.8,657948.0
2,44,1398,3,زمستان,74399.8,743998.0
2,45,1399,0,بهار,82751.0,827510.0
2,46,1399,1,تابستان,97936.4,979364.0
2,47,1399,2,پاییز,94692.8,946928.0
2,48,1399,3,زمستان,101196.7,1011967.0
2,49,1400,0,بهار,119794.8,1197948.0
2,50,1400,1,تابستان,123057.0,1230570.0
3,1,1388,0,بهار,10950.4,109504.0
3,2,1388,1,تابستان,10583.9,105839.0
3,3,1388,2,پاییز,11680.7,116807.0
3,4,1388,3,زمستان,11032.9,110329.0
3,5,1389,0,بهار,11611.4,116114.0
3,6,1389,1,تابستان,11905.1,119051.0
3,7,1389,2,پاییز,12496.8,124968.0
3,8,1389,3,زمستان,13412.5,134125.0
3,9,1390,0,بهار,14054.1,140541.0
3,10,1390,1,تابستان,14746.1,147461.0
3,11,1390,2,پاییز,16252.6,162526.0
3,12,1390,3,زمستان,17679.9,176799.0
3,13,1391,0,بهار,18547.3,185473.0
3,14,1391,1,تابستان,20469.9,204699.0
3,15,1391,2,پاییز,21998.7,219987.0
3,16,1391,3,زمستان,23417.7,234177.0
3,17,1392,0,بهار,25938.1,259381.0
3,18,1392,1,تابستان,27181.6,271816.0
3,19,1392,2,پاییز,27976.9,279769.0
3,20,1392,3,زمستان,25256.3,252563.0
3,21,1393,0,بهار,27473.6,274736.0
3,22,1393,1,تابستان,29603.9,296039.0
3,23,1393,2,پاییز,31005.3,310053.0
3,24,1393,3,زمستان,29428.3,294283.0
3,25,1394,0,بهار,31967.3,319673.0
3,26,1394,1,تابستان,33365.4,333654.0
3,27,1394,2,پاییز,33770.8,337708.0
3,28,1394,3,زمستان,32591.8,325918.0
3,29,1395,0,بهار,35058.8,350588.0
3,30,1395,1,تابستان,37014.7,370147.0
3,31,1395,2,پاییز,36954.5,369545.0
3,32,1395,3,زمستان,36736.2,367362.0
3,33,1396,0,بهار,39298.4,392984.0
3,34,1396,1,تابستان,42158.1,421581.0
3,35,1396,2,پاییز,43249.7,432497.0
3,36,1396,3,زمستان,48436.6,484366.0
3,37,1397,0,بهار,51850.5,518505.0
3,38,1397,1,تابستان,56257.2,562572.0
3,39,1397,2,پاییز,56930.5,569305.0
3,40,1397,3,زمستان,60134.9,601349.0
3,41,1398,0,بهار,66587.0,665870.0
3,42,1398,1,تابستان,71439.4,714394.0
3,43,1398,2,پاییز,72309.2,723092.0
3,44,1398,3,زمستان,84332.3,843323.0
3,45,1399,0,بهار,92057.2,920572.0
3,46,1399,1,تابستان,107708.8,1077088.0
3,47,1399,2,پاییز,104288.3,1042883.0
3,48,1399,3,زمستان,111550.4,1115504.0
3,49,1400,0,بهار,128593.9,1285939.0
3,50,1400,1,تابستان,130486.8,1304868.0
4,1,1388,0,بهار,7576.4,75764.0
4,2,1388,1,تابستان,7932.1,79321.0
4,3,1388,2,پاییز,8602.1,86021.0
4,4,1388,3,زمستان,7467.8,74678.0
4,5,1389,0,بهار,7993.2,79932.0
4,6,1389,1,تابستان,8541.6,85416.0
4,7,1389,2,پاییز,8758.5,87585.0
4,8,1389,3,زمستان,9343.7,93437.0
4,9,1390,0,بهار,9945.7,99457.0
4,10,1390,1,تابستان,10189.1,101891.0
4,11,1390,2,پاییز,11289.6,112896.0
4,12,1390,3,زمستان,12802.2,128022.0
4,13,1391,0,بهار,13255.5,132555.0
4,14,1391,1,تابستان,14955.7,149557.0
4,15,1391,2,پاییز,15996.8,159968.0
4,16,1391,3,زمستان,16367.7,163677.0
4,17,1392,0,بهار,17548.7,175487.0
4,18,1392,1,تابستان,18106.0,181060.0
4,19,1392,2,پاییز,18619.4,186194.0
4,20,1392,3,زمستان,16512.2,165122.0
4,21,1393,0,بهار,17796.5,177965.0
4,22,1393,1,تابستان,19281.5,192815.0
4,23,1393,2,پاییز,20086.8,200868.0
4,24,1393,3,زمستان,18916.5,189165.0
4,25,1394,0,بهار,20374.8,203748.0
4,26,1394,1,تابستان,21621.6,216216.0
4,27,1394,2,پاییز,21718.9,217189.0
4,28,1394,3,زمستان,20795.0,207950.0
4,29,1395,0,بهار,22255.4,222554.0
4,30,1395,1,تابستان,23744.6,237446.0
4,31,1395,2,پاییز,23557.4,235574.0
4,32,1395,3,زمستان,23256.8,232568.0
4,33,1396,0,بهار,24579.8,245798.0
4,34,1396,1,تابستان,26481.5,264815.0
4,35,1396,2,پاییز,27079.2,270792.0
4,36,1396,3,زمستان,29867.4,298674.0
4,37,1397,0,بهار,31578.5,315785.0
4,38,1397,1,تابستان,34771.3,347713.0
4,39,1397,2,پاییز,35640.1,356401.0
4,40,1397,3,زمستان,35874.0,358740.0
4,41,1398,0,بهار,44519.0,445190.0
4,42,1398,1,تابستان,48097.9,480979.0
4,43,1398,2,پاییز,48271.8,482718.0
4,44,1398,3,زمستان,57190.4,571904.0
4,45,1399,0,بهار,62399.4,623994.0
4,46,1399,1,تابستان,69354.9,693549.0
4,47,1399,2,پاییز,65670.9,656709.0
4,48,1399,3,زمستان,70855.6,708556.0
4,49,1400,0,بهار,91514.7,915147.0
4,50,1400,1,تابستان,94131.2,941312.0
5,1,1388,0,بهار,7825.4,78254.0
5,2,1388,1,تابستان,7680.3,76803.0
5,3,1388,2,پاییز,7798.2,77982.0
5,4,1388,3,زمستان,7977.8,79778.0
5,5,1389,0,بهار,8178.8,81788.0
5,6,1389,1,تابستان,9114.5,91145.0
5,7,1389,2,پاییز,9591.2,95912.0
5,8,1389,3,زمستان,10108.1,101081.0
5,9,1390,0,بهار,10343.2,103432.0
5,10,1390,1,تابستان,11463.7,114637.0
5,11,1390,2,پاییز,12427.3,124273.0
5,12,1390,3,زمستان,13445.9,134459.0
5,13,1391,0,بهار,14251.6,142516.0
5,14,1391,1,تابستان,15685.7,156857.0
5,15,1391,2,پاییز,16687.7,166877.0
5,16,1391,3,زمستان,17224.7,172247.0
5,17,1392,0,بهار,18808.0,188080.0
5,18,1392,1,تابستان,19443.9,194439.0
5,19,1392,2,پاییز,19660.2,196602.0
5,20,1392,3,زمستان,18054.7,180547.0
5,21,1393,0,بهار,19701.0,197010.0
5,22,1393,1,تابستان,21384.6,213846.0
5,23,1393,2,پاییز,22097.9,220979.0
5,24,1393,3,زمستان,20756.2,207562.0
5,25,1394,0,بهار,22608.6,226086.0
5,26,1394,1,تابستان,24056.9,240569.0
5,27,1394,2,پاییز,24011.2,240112.0
5,28,1394,3,زمستان,22953.1,229531.0
5,29,1395,0,بهار,24887.0,248870.0
5,30,1395,1,تابستان,26608.3,266083.0
5,31,1395,2,پاییز,26158.6,261586.0
5,32,1395,3,زمستان,25886.2,258862.0
5,33,1396,0,بهار,26997.6,269976.0
5,34,1396,1,تابستان,29928.2,299282.0
5,35,1396,2,پاییز,30656.3,306563.0
5,36,1396,3,زمستان,33783.4,337834.0
5,37,1397,0,بهار,35156.1,351561.0
5,38,1397,1,تابستان,38910.7,389107.0
5,39,1397,2,پاییز,40082.8,400828.0
5,40,1397,3,زمستان,40602.3,406023.0
5,41,1398,0,بهار,49663.9,496639.0
5,42,1398,1,تابستان,53309.8,533098.0
5,43,1398,2,پاییز,53414.9,534149.0
5,44,1398,3,زمستان,61232.4,612324.0
5,45,1399,0,بهار,67622.9,676229.0
5,46,1399,1,تابستان,76710.4,767104.0
5,47,1399,2,پاییز,75005.2,750052.0
5,48,1399,3,زمستان,83437.9,834379.0
5,49,1400,0,بهار,103035.5,1030355.0
5,50,1400,1,تابستان,102742.6,1027426.0
6,1,1388,0,بهار,9120.3,91203.0
6,2,1388,1,تابستان,10030.4,100304.0
6,3,1388,2,پاییز,9723.0,97230.0
6,4,1388,3,زمستان,10409.7,104097.0
6,5,1389,0,بهار,10971.3,109713.0
6,6,1389,1,تابستان,11821.9,118219.0
6,7,1389,2,پاییز,12187.9,121879.0
6,8,1389,3,زمستان,13098.4,130984.0
6,9,1390,0,بهار,12860.0,128600.0
6,10,1390,1,تابستان,13154.4,131544.0
6,11,1390,2,پاییز,13936.6,139366.0
6,12,1390,3,زمستان,15161.2,151612.0
6,13,1391,0,بهار,16110.5,161105.0
6,14,1391,1,تابستان,17860.0,178600.0
6,15,1391,2,پاییز,19053.2,190532.0
6,16,1391,3,زمستان,20052.4,200524.0
6,17,1392,0,بهار,21492.2,214922.0
6,18,1392,1,تابستان,22359.3,223593.0
6,19,1392,2,پاییز,22803.4,228034.0
6,20,1392,3,زمستان,20492.4,204924.0
6,21,1393,0,بهار,22065.4,220654.0
6,22,1393,1,تابستان,23716.2,237162.0
6,23,1393,2,پاییز,24670.3,246703.0
6,24,1393,3,زمستان,23495.5,234955.0
6,25,1394,0,بهار,25163.2,251632.0
6,26,1394,1,تابستان,26584.0,265840.0
6,27,1394,2,پاییز,26867.6,268676.0
6,28,1394,3,زمستان,25912.9,259129.0
6,29,1395,0,بهار,27454.6,274546.0
6,30,1395,1,تابستان,29275.0,292750.0
6,31,1395,2,پاییز,29199.0,291990.0
6,32,1395,3,زمستان,29008.2,290082.0
6,33,1396,0,بهار,30225.8,302258.0
6,34,1396,1,تابستان,33238.7,332387.0
6,35,1396,2,پاییز,33994.8,339948.0
6,36,1396,3,زمستان,37579.7,375797.0
6,37,1397,0,بهار,39253.2,392532.0
6,38,1397,1,تابستان,44042.9,440429.0
6,39,1397,2,پاییز,44514.2,445142.0
6,40,1397,3,زمستان,45902.4,459024.0
6,41,1398,0,بهار,51770.5,517705.0
6,42,1398,1,تابستان,55200.4,552004.0
6,43,1398,2,پاییز,55371.1,553711.0
6,44,1398,3,زمستان,64408.1,644081.0
6,45,1399,0,بهار,71128.3,711283.0
6,46,1399,1,تابستان,79413.1,794131.0
6,47,1399,2,پاییز,79759.1,797591.0
6,48,1399,3,زمستان,92370.3,923703.0
6,49,1400,0,بهار,106288.3,1062883.0
6,50,1400,1,تابستان,108689.2,1086892.0
7,1,1388,0,بهار,7767.5,77675.0
7,2,1388,1,تابستان,8042.8,80428.0
7,3,1388,2,پاییز,8000.5,80005.0
7,4,1388,3,زمستان,8695.2,86952.0
7,5,1389,0,بهار,9626.1,96261.0
7,6,1389,1,تابستان,8911.2,89112.0
7,7,1389,2,پاییز,9095.7,90957.0
7,8,1389,3,زمستان,9567.6,95676.0
7,9,1390,0,بهار,9924.2,99242.0
7,10,1390,1,تابستان,11010.0,110100.0
7,11,1390,2,پاییز,12235.2,122352.0
7,12,1390,3,زمستان,12933.0,129330.0
7,13,1391,0,بهار,13783.8,137838.0
7,14,1391,1,تابستان,15499.0,154990.0
7,15,1391,2,پاییز,16765.9,167659.0
7,16,1391,3,زمستان,17314.2,173142.0
7,17,1392,0,بهار,18416.9,184169.0
7,18,1392,1,تابستان,19116.8,191168.0
7,19,1392,2,پاییز,19873.7,198737.0
7,20,1392,3,زمستان,18609.7,186097.0
7,21,1393,0,بهار,19780.4,197804.0
7,22,1393,1,تابستان,21316.4,213164.0
7,23,1393,2,پاییز,22032.8,220328.0
7,24,1393,3,زمستان,20912.8,209128.0
7,25,1394,0,بهار,22524.1,225241.0
7,26,1394,1,تابستان,23829.7,238297.0
7,27,1394,2,پاییز,23744.7,237447.0
7,28,1394,3,زمستان,22852.9,228529.0
7,29,1395,0,بهار,24480.5,244805.0
7,30,1395,1,تابستان,26017.7,260177.0
7,31,1395,2,پاییز,25767.7,257677.0
7,32,1395,3,زمستان,25298.1,252981.0
7,33,1396,0,بهار,26464.2,264642.0
7,34,1396,1,تابستان,28860.5,288605.0
7,35,1396,2,پاییز,29458.8,294588.0
7,36,1396,3,زمستان,31487.0,314870.0
7,37,1397,0,بهار,33143.1,331431.0
7,38,1397,1,تابستان,37411.9,374119.0
7,39,1397,2,پاییز,37898.5,378985.0
7,40,1397,3,زمستان,38016.1,380161.0
7,41,1398,0,بهار,44443.5,444435.0
7,42,1398,1,تابستان,47802.3,478023.0
7,43,1398,2,پاییز,48280.6,482806.0
7,44,1398,3,زمستان,56317.4,563174.0
7,45,1399,0,بهار,62496.9,624969.0
7,46,1399,1,تابستان,68750.4,687504.0
7,47,1399,2,پاییز,65585.6,655856.0
7,48,1399,3,زمستان,72261.6,722616.0
7,49,1400,0,بهار,88072.4,880724.0
7,50,1400,1,تابستان,93015.3,930153.0
8,1,1388,0,بهار,7255.3,72553.0
8,2,1388,1,تابستان,7622.2,76222.0
8,3,1388,2,پاییز,7593.2,75932.0
8,4,1388,3,زمستان,7791.6,77916.0
8,5,1389,0,بهار,8375.9,83759.0
8,6,1389,1,تابستان,9246.2,92462.0
8,7,1389,2,پاییز,9250.7,92507.0
8,8,1389,3,زمستان,9705.4,97054.0
8,9,1390,0,بهار,10102.9,101029.0
8,10,1390,1,تابستان,10739.0,107390.0
8,11,1390,2,پاییز,11355.3,113553.0
8,12,1390,3,زمستان,12731.6,127316.0
8,13,1391,0,بهار,13482.0,134820.0
8,14,1391,1,تابستان,14834.5,148345.0
8,15,1391,2,پاییز,15744.5,157445.0
8,16,1391,3,زمستان,16285.2,162852.0
8,17,1392,0,بهار,17190.7,171907.0
8,18,1392,1,تابستان,18163.7,181637.0
8,19,1392,2,پاییز,18379.1,183791.0
8,20,1392,3,زمستان,16688.3,166883.0
8,21,1393,0,بهار,18151.5,181515.0
8,22,1393,1,تابستان,19577.9,195779.0
8,23,1393,2,پاییز,20219.5,202195.0
8,24,1393,3,زمستان,19330.3,193303.0
8,25,1394,0,بهار,20470.3,204703.0
8,26,1394,1,تابستان,21822.8,218228.0
8,27,1394,2,پاییز,21849.2,218492.0
8,28,1394,3,زمستان,20938.3,209383.0
8,29,1395,0,بهار,22194.1,221941.0
8,30,1395,1,تابستان,23765.4,237654.0
8,31,1395,2,پاییز,23733.8,237338.0
8,32,1395,3,زمستان,23495.4,234954.0
8,33,1396,0,بهار,24464.4,244644.0
8,34,1396,1,تابستان,26613.0,266130.0
8,35,1396,2,پاییز,26913.5,269135.0
8,36,1396,3,زمستان,28716.1,287161.0
8,37,1397,0,بهار,30119.1,301191.0
8,38,1397,1,تابستان,34046.7,340467.0
8,39,1397,2,پاییز,34845.0,348450.0
8,40,1397,3,زمستان,35287.4,352874.0
8,41,1398,0,بهار,41735.3,417353.0
8,42,1398,1,تابستان,45423.6,454236.0
8,43,1398,2,پاییز,46088.1,460881.0
8,44,1398,3,زمستان,51411.1,514111.0
8,45,1399,0,بهار,57400.7,574007.0
8,46,1399,1,تابستان,64470.2,644702.0
8,47,1399,2,پاییز,62129.7,621297.0
8,48,1399,3,زمستان,69297.5,692975.0
8,49,1400,0,بهار,81139.2,811392.0
8,50,1400,1,تابستان,81070.4,810704.0
9,1,1388,0,بهار,5972.9,59729.0
9,2,1388,1,تابستان,5492.2,54922.0
9,3,1388,2,پاییز,5723.4,57234.0
9,5,1389,0,بهار,5964.9,59649.0
9,6,1389,1,تابستان,6372.5,63725.0
9,7,1389,2,پاییز,6416.4,64164.0
9,8,1389,3,زمستان,6506.3,65063.0
9,9,1390,0,بهار,6785.6,67856.0
9,10,1390,1,تابستان,7437.7,74377.0
9,11,1390,2,پاییز,8248.2,82482.0
9,12,1390,3,زمستان,8809.9,88099.0
9,13,1391,0,بهار,9280.3,92803.0
9,14,1391,1,تابستان,10391.5,103915.0
9,15,1391,2,پاییز,11366.0,113660.0
9,16,1391,3,زمستان,12356.2,123562.0
9,17,1392,0,بهار,12973.5,129735.0
9,18,1392,1,تابستان,13601.9,136019.0
9,19,1392,2,پاییز,14030.9,140309.0
9,20,1392,3,زمستان,12939.8,129398.0
9,21,1393,0,بهار,13886.0,138860.0
9,22,1393,1,تابستان,14880.9,148809.0
9,23,1393,2,پاییز,15299.0,152990.0
9,24,1393,3,زمستان,14509.2,145092.0
9,25,1394,0,بهار,15759.4,157594.0
9,26,1394,1,تابستان,16524.2,165242.0
9,27,1394,2,پاییز,16494.8,164948.0
9,28,1394,3,زمستان,15780.0,157800.0
9,29,1395,0,بهار,17101.6,171016.0
9,30,1395,1,تابستان,18037.7,180377.0
9,31,1395,2,پاییز,17847.6,178476.0
9,32,1395,3,زمستان,17535.4,175354.0
9,33,1396,0,بهار,18240.4,182404.0
9,34,1396,1,تابستان,19844.8,198448.0
9,35,1396,2,پاییز,20101.3,201013.0
9,36,1396,3,زمستان,21413.3,214133.0
9,37,1397,0,بهار,22450.5,224505.0
9,38,1397,1,تابستان,25548.9,255489.0
9,39,1397,2,پاییز,25678.5,256785.0
9,40,1397,3,زمستان,25702.0,257020.0
9,41,1398,0,بهار,31505.6,315056.0
9,42,1398,1,تابستان,34124.0,341240.0
9,43,1398,2,پاییز,35170.0,351700.0
9,44,1398,3,زمستان,41018.2,410182.0
9,45,1399,0,بهار,44266.1,442661.0
9,46,1399,1,تابستان,50607.1,506071.0
9,47,1399,2,پاییز,48084.6,480846.0
9,48,1399,3,زمستان,52199.1,521991.0
9,49,1400,0,بهار,67338.7,673387.0
9,50,1400,1,تابستان,69341.2,693412.0
10,1,1388,0,بهار,6544.6,65446.0
10,2,1388,1,تابستان,6323.5,63235.0
10,3,1388,2,پاییز,6260.1,62601.0
10,4,1388,3,زمستان,5814.4,58144.0
10,5,1389,0,بهار,6252.0,62520.0
10,6,1389,1,تابستان,6890.8,68908.0
10,7,1389,2,پاییز,7069.6,70696.0
10,8,1389,3,زمستان,7616.6,76166.0
10,9,1390,0,بهار,7725.7,77257.0
10,10,1390,1,تابستان,7880.6,78806.0
10,11,1390,2,پاییز,9121.3,91213.0
10,12,1390,3,زمستان,10060.9,100609.0
10,13,1391,0,بهار,10656.9,106569.0
10,14,1391,1,تابستان,11767.9,117679.0
10,15,1391,2,پاییز,12581.6,125816.0
10,16,1391,3,زمستان,13100.1,131001.0
10,17,1392,0,بهار,13951.7,139517.0
10,18,1392,1,تابستان,14657.1,146571.0
10,19,1392,2,پاییز,14945.7,149457.0
10,20,1392,3,زمستان,13719.3,137193.0
10,21,1393,0,بهار,14822.6,148226.0
10,22,1393,1,تابستان,15773.6,157736.0
10,23,1393,2,پاییز,16276.3,162763.0
10,24,1393,3,زمستان,15530.3,155303.0
10,25,1394,0,بهار,16954.4,169544.0
10,26,1394,1,تابستان,17495.7,174957.0
10,27,1394,2,پاییز,17604.3,176043.0
10,28,1394,3,زمستان,16885.6,168856.0
10,29,1395,0,بهار,18299.6,182996.0
10,30,1395,1,تابستان,19044.0,190440.0
10,31,1395,2,پاییز,19015.0,190150.0
10,32,1395,3,زمستان,18660.3,186603.0
10,33,1396,0,بهار,19880.1,198801.0
10,34,1396,1,تابستان,21132.6,211326.0
10,35,1396,2,پاییز,21478.4,214784.0
10,36,1396,3,زمستان,22593.5,225935.0
10,37,1397,0,بهار,24377.9,243779.0
10,38,1397,1,تابستان,27133.8,271338.0
10,39,1397,2,پاییز,27602.9,276029.0
10,40,1397,3,زمستان,27610.3,276103.0
10,41,1398,0,بهار,34001.2,340012.0
10,42,1398,1,تابستان,37037.5,370375.0
10,43,1398,2,پاییز,37227.6,372276.0
10,44,1398,3,زمستان,42966.6,429666.0
10,45,1399,0,بهار,46904.7,469047.0
10,46,1399,1,تابستان,53428.0,534280.0
10,47,1399,2,پاییز,52283.2,522832.0
10,48,1399,3,زمستان,58565.5,585655.0
10,49,1400,0,بهار,70649.1,706491.0
10,50,1400,1,تابستان,74016.0,740160.0
11,1,1388,0,بهار,6934.7,69347.0
11,2,1388,1,تابستان,7579.2,75792.0
11,3,1388,2,پاییز,7689.0,76890.0
11,4,1388,3,زمستان,6974.2,69742.0
11,5,1389,0,بهار,7560.1,75601.0
11,6,1389,1,تابستان,7601.5,76015.0
11,7,1389,2,پاییز,8121.5,81215.0
11,8,1389,3,زمستان,8398.0,83980.0
11,9,1390,0,بهار,8721.3,87213.0
11,10,1390,1,تابستان,9170.9,91709.0
11,11,1390,2,پاییز,9737.9,97379.0
11,12,1390,3,زمستان,10472.2,104722.0
11,13,1391,0,بهار,11434.4,114344.0
11,14,1391,1,تابستان,12353.7,123537.0
11,15,1391,2,پاییز,13323.3,133233.0
11,16,1391,3,زمستان,13751.5,137515.0
11,17,1392,0,بهار,14460.7,144607.0
11,18,1392,1,تابستان,15114.5,151145.0
11,19,1392,2,پاییز,15309.6,153096.0
11,20,1392,3,زمستان,13966.6,139666.0
11,21,1393,0,بهار,15040.9,150409.0
11,22,1393,1,تابستان,16189.2,161892.0
11,23,1393,2,پاییز,16758.9,167589.0
11,24,1393,3,زمستان,15769.3,157693.0
11,25,1394,0,بهار,17064.7,170647.0
11,26,1394,1,تابستان,17872.0,178720.0
11,27,1394,2,پاییز,18089.9,180899.0
11,28,1394,3,زمستان,17112.8,171128.0
11,29,1395,0,بهار,18501.4,185014.0
11,30,1395,1,تابستان,19336.8,193368.0
11,31,1395,2,پاییز,19523.0,195230.0
11,32,1395,3,زمستان,19061.3,190613.0
11,33,1396,0,بهار,20364.6,203646.0
11,34,1396,1,تابستان,21599.0,215990.0
11,35,1396,2,پاییز,21857.3,218573.0
11,36,1396,3,زمستان,23230.8,232308.0
11,37,1397,0,بهار,24451.5,244515.0
11,38,1397,1,تابستان,27617.0,276170.0
11,39,1397,2,پاییز,27699.4,276994.0
11,40,1397,3,زمستان,27928.9,279289.0
11,41,1398,0,بهار,31953.9,319539.0
11,42,1398,1,تابستان,34763.2,347632.0
11,43,1398,2,پاییز,36330.3,363303.0
11,44,1398,3,زمستان,39243.1,392431.0
11,45,1399,0,بهار,43447.0,434470.0
11,46,1399,1,تابستان,52048.9,520489.0
11,47,1399,2,پاییز,51992.2,519922.0
11,48,1399,3,زمستان,57580.7,575807.0
11,49,1400,0,بهار,67945.2,679452.0
11,50,1400,1,تابستان,72110.3,721103.0
12,1,1388,0,بهار,5886.8,58868.0
12,2,1388,1,تابستان,6426.3,64263.0
12,3,1388,2,پاییز,6785.5,67855.0
12,4,1388,3,زمستان,6058.4,60584.0
12,5,1389,0,بهار,5884.5,58845.0
12,6,1389,1,تابستان,6490.4,64904.0
12,7,1389,2,پاییز,6901.2,69012.0
12,8,1389,3,زمستان,7355.9,73559.0
12,9,1390,0,بهار,7633.7,76337.0
12,10,1390,1,تابستان,8175.0,81750.0
12,11,1390,2,پاییز,8641.9,86419.0
12,12,1390,3,زمستان,9428.1,94281.0
12,13,1391,0,بهار,10360.0,103600.0
12,14,1391,1,تابستان,11539.7,115397.0
12,15,1391,2,پاییز,12502.9,125029.0
12,16,1391,3,زمستان,13102.2,131022.0
12,17,1392,0,بهار,13467.5,134675.0
12,18,1392,1,تابستان,14371.5,143715.0
12,19,1392,2,پاییز,14412.2,144122.0
12,20,1392,3,زمستان,13145.0,131450.0
12,21,1393,0,بهار,13931.9,139319.0
12,22,1393,1,تابستان,15090.4,150904.0
12,23,1393,2,پاییز,15715.5,157155.0
12,24,1393,3,زمستان,14723.6,147236.0
12,25,1394,0,بهار,15868.1,158681.0
12,26,1394,1,تابستان,16683.7,166837.0
12,27,1394,2,پاییز,16899.7,168997.0
12,28,1394,3,زمستان,15944.6,159446.0
12,29,1395,0,بهار,17223.2,172232.0
12,30,1395,1,تابستان,18086.8,180868.0
12,31,1395,2,پاییز,18262.4,182624.0
12,32,1395,3,زمستان,17956.9,179569.0
12,33,1396,0,بهار,19094.8,190948.0
12,34,1396,1,تابستان,19840.2,198402.0
12,35,1396,2,پاییز,20087.9,200879.0
12,36,1396,3,زمستان,21211.1,212111.0
12,37,1397,0,بهار,22554.0,225540.0
12,38,1397,1,تابستان,24733.4,247334.0
12,39,1397,2,پاییز,24747.8,247478.0
12,40,1397,3,زمستان,25080.8,250808.0
12,41,1398,0,بهار,28644.8,286448.0
12,42,1398,1,تابستان,31059.0,310590.0
12,43,1398,2,پاییز,31179.2,311792.0
12,44,1398,3,زمستان,33836.0,338360.0
12,45,1399,0,بهار,38811.3,388113.0
12,46,1399,1,تابستان,45516.2,455162.0
12,47,1399,2,پاییز,43739.7,437397.0
12,48,1399,3,زمستان,45752.1,457521.0
12,49,1400,0,بهار,61155.9,611559.0
12,50,1400,1,تابستان,65748.2,657482.0
13,1,1388,0,بهار,6804.3,68043.0
13,2,1388,1,تابستان,7205.7,72057.0
13,3,1388,2,پاییز,7467.3,74673.0
13,4,1388,3,زمستان,7398.6,73986.0
13,5,1389,0,بهار,8346.8,83468.0
13,6,1389,1,تابستان,8637.6,86376.0
13,7,1389,2,پاییز,8848.2,88482.0
13,8,1389,3,زمستان,9119.2,91192.0
13,9,1390,0,بهار,9275.3,92753.0
13,10,1390,1,تابستان,10116.6,101166.0
13,11,1390,2,پاییز,10993.2,109932.0
13,12,1390,3,زمستان,11832.5,118325.0
13,13,1391,0,بهار,12234.8,122348.0
13,14,1391,1,تابستان,13488.6,134886.0
13,15,1391,2,پاییز,14487.2,144872.0
13,16,1391,3,زمستان,15203.6,152036.0
13,17,1392,0,بهار,16049.9,160499.0
13,18,1392,1,تابستان,16968.2,169682.0
13,19,1392,2,پاییز,17207.1,172071.0
13,20,1392,3,زمستان,15373.7,153737.0
13,21,1393,0,بهار,16731.6,167316.0
13,22,1393,1,تابستان,18077.9,180779.0
13,23,1393,2,پاییز,18720.8,187208.0
13,24,1393,3,زمستان,17744.7,177447.0
13,25,1394,0,بهار,18786.0,187860.0
13,26,1394,1,تابستان,20084.1,200841.0
13,27,1394,2,پاییز,20255.3,202553.0
13,28,1394,3,زمستان,19133.6,191336.0
13,29,1395,0,بهار,20331.2,203312.0
13,30,1395,1,تابستان,21848.8,218488.0
13,31,1395,2,پاییز,21794.2,217942.0
13,32,1395,3,زمستان,21494.4,214944.0
13,33,1396,0,بهار,22302.5,223025.0
13,34,1396,1,تابستان,24400.7,244007.0
13,35,1396,2,پاییز,24745.2,247452.0
13,36,1396,3,زمستان,26129.5,261295.0
13,37,1397,0,بهار,27284.3,272843.0
13,38,1397,1,تابستان,30862.9,308629.0
13,39,1397,2,پاییز,31261.9,312619.0
13,40,1397,3,زمستان,31459.4,314594.0
13,41,1398,0,بهار,38203.5,382035.0
13,42,1398,1,تابستان,41542.8,415428.0
13,43,1398,2,پاییز,42810.3,428103.0
13,44,1398,3,زمستان,48767.0,487670.0
13,45,1399,0,بهار,52885.9,528859.0
13,46,1399,1,تابستان,61615.7,616157.0
13,47,1399,2,پاییز,59277.0,592770.0
13,48,1399,3,زمستان,66653.8,666538.0
13,49,1400,0,بهار,79167.1,791671.0
13,50,1400,1,تابستان,80165.8,801658.0
14,1,1388,0,بهار,6419.3,64193.0
14,2,1388,1,تابستان,6646.4,66464.0
14,3,1388,2,پاییز,6386.2,63862.0
14,4,1388,3,زمستان,6092.9,60929.0
14,5,1389,0,بهار,6879.0,68790.0
14,6,1389,1,تابستان,6962.1,69621.0
14,7,1389,2,پاییز,7459.8,74598.0
14,8,1389,3,زمستان,7765.4,77654.0
14,9,1390,0,بهار,8225.8,82258.0
14,10,1390,1,تابستان,8593.9,85939.0
14,11,1390,2,پاییز,9292.5,92925.0
14,12,1390,3,زمستان,10155.8,101558.0
14,13,1391,0,بهار,11023.1,110231.0
14,14,1391,1,تابستان,12254.4,122544.0
14,15,1391,2,پاییز,12998.5,129985.0
14,16,1391,3,زمستان,13729.7,137297.0
14,17,1392,0,بهار,14194.1,141941.0
14,18,1392,1,تابستان,15050.2,150502.0
14,19,1392,2,پاییز,15191.4,151914.0
14,20,1392,3,زمستان,13933.3,139333.0
14,21,1393,0,بهار,14971.0,149710.0
14,22,1393,1,تابستان,16005.2,160052.0
14,23,1393,2,پاییز,16457.5,164575.0
14,24,1393,3,زمستان,15701.0,157010.0
14,25,1394,0,بهار,16874.0,168740.0
14,26,1394,1,تابستان,17711.7,177117.0
14,27,1394,2,پاییز,17783.7,177837.0
14,28,1394,3,زمستان,16949.2,169492.0
14,29,1395,0,بهار,18217.5,182175.0
14,30,1395,1,تابستان,19168.9,191689.0
14,31,1395,2,پاییز,19189.0,191890.0
14,32,1395,3,زمستان,18746.1,187461.0
14,33,1396,0,بهار,19982.8,199828.0
14,34,1396,1,تابستان,21156.2,211562.0
14,35,1396,2,پاییز,21448.6,214486.0
14,36,1396,3,زمستان,22949.5,229495.0
14,37,1397,0,بهار,24680.3,246803.0
14,38,1397,1,تابستان,27398.8,273988.0
14,39,1397,2,پاییز,27671.8,276718.0
14,40,1397,3,زمستان,27713.6,277136.0
14,41,1398,0,بهار,33909.4,339094.0
14,42,1398,1,تابستان,36771.1,367711.0
14,43,1398,2,پاییز,38016.3,380163.0
14,44,1398,3,زمستان,43178.5,431785.0
14,45,1399,0,بهار,46731.0,467310.0
14,46,1399,1,تابستان,54191.6,541916.0
14,47,1399,2,پاییز,52329.3,523293.0
14,48,1399,3,زمستان,57099.1,570991.0
14,49,1400,0,بهار,71232.9,712329.0
14,50,1400,1,تابستان,72236.0,722360.0
15,1,1388,0,بهار,5298.4,52984.0
15,2,1388,1,تابستان,5593.6,55936.0
15,3,1388,2,پاییز,4794.1,47941.0
15,4,1388,3,زمستان,5309.7,53097.0
15,5,1389,0,بهار,5305.9,53059.0
15,6,1389,1,تابستان,5578.8,55788.0
15,7,1389,2,پاییز,5589.8,55898.0
15,8,1389,3,زمستان,5784.5,57845.0
15,9,1390,0,بهار,5966.9,59669.0
15,10,1390,1,تابستان,6343.2,63432.0
15,11,1390,2,پاییز,7754.2,77542.0
15,12,1390,3,زمستان,7792.1,77921.0
15,13,1391,0,بهار,8614.4,86144.0
15,14,1391,1,تابستان,9757.7,97577.0
15,15,1391,2,پاییز,9932.4,99324.0
15,16,1391,3,زمستان,10240.2,102402.0
15,17,1392,0,بهار,10684.0,106840.0
15,18,1392,1,تابستان,11334.4,113344.0
15,19,1392,2,پاییز,11596.2,115962.0
15,20,1392,3,زمستان,10809.1,108091.0
15,21,1393,0,بهار,11493.2,114932.0
15,22,1393,1,تابستان,12367.4,123674.0
15,23,1393,2,پاییز,12680.1,126801.0
15,24,1393,3,زمستان,11982.3,119823.0
15,25,1394,0,بهار,12879.8,128798.0
15,26,1394,1,تابستان,13636.4,136364.0
15,27,1394,2,پاییز,13664.5,136645.0
15,28,1394,3,زمستان,12903.7,129037.0
15,29,1395,0,بهار,13944.2,139442.0
15,30,1395,1,تابستان,14683.8,146838.0
15,31,1395,2,پاییز,14707.9,147079.0
15,32,1395,3,زمستان,14226.9,142269.0
15,33,1396,0,بهار,15131.1,151311.0
15,34,1396,1,تابستان,16073.9,160739.0
15,35,1396,2,پاییز,16262.0,162620.0
15,36,1396,3,زمستان,17342.9,173429.0
15,37,1397,0,بهار,18323.7,183237.0
15,38,1397,1,تابستان,20797.4,207974.0
15,39,1397,2,پاییز,20821.7,208217.0
15,40,1397,3,زمستان,20953.9,209539.0
15,41,1398,0,بهار,24953.4,249534.0
15,42,1398,1,تابستان,27095.6,270956.0
15,43,1398,2,پاییز,27271.7,272717.0
15,44,1398,3,زمستان,30663.6,306636.0
15,45,1399,0,بهار,34511.4,345114.0
15,46,1399,1,تابستان,40503.8,405038.0
15,47,1399,2,پاییز,39182.8,391828.0
15,48,1399,3,زمستان,41425.5,414255.0
15,49,1400,0,بهار,54548.8,545488.0
15,50,1400,1,تابستان,58935.5,589355.0
16,1,1388,0,بهار,5346.2,53462.0
16,2,1388,1,تابستان,6266.6,62666.0
16,3,1388,2,پاییز,5930.6,59306.0
16,5,1389,0,بهار,5840.6,58406.0
16,6,1389,1,تابستان,6022.3,60223.0
16,7,1389,2,پاییز,6060.1,60601.0
16,8,1389,3,زمستان,6324.7,63247.0
16,9,1390,0,بهار,6555.6,65556.0
16,10,1390,1,تابستان,7003.2,70032.0
16,11,1390,2,پاییز,7398.4,73984.0
16,12,1390,3,زمستان,8154.6,81546.0
16,13,1391,0,بهار,8715.1,87151.0
16,14,1391,1,تابستان,9782.6,97826.0
16,15,1391,2,پاییز,10328.5,103285.0
16,16,1391,3,زمستان,10775.9,107759.0
16,17,1392,0,بهار,11077.3,110773.0
16,18,1392,1,تابستان,11676.9,116769.0
16,19,1392,2,پاییز,11801.6,118016.0
16,20,1392,3,زمستان,10784.5,107845.0
16,21,1393,0,بهار,11653.7,116537.0
16,22,1393,1,تابستان,12612.3,126123.0
16,23,1393,2,پاییز,13009.8,130098.0
16,24,1393,3,زمستان,12252.9,122529.0
16,25,1394,0,بهار,13234.3,132343.0
16,26,1394,1,تابستان,13889.7,138897.0
16,27,1394,2,پاییز,13968.8,139688.0
16,28,1394,3,زمستان,13184.2,131842.0
16,29,1395,0,بهار,14238.9,142389.0
16,30,1395,1,تابستان,14987.5,149875.0
16,31,1395,2,پاییز,14997.4,149974.0
16,32,1395,3,زمستان,14440.7,144407.0
16,33,1396,0,بهار,15322.0,153220.0
16,34,1396,1,تابستان,16438.3,164383.0
16,35,1396,2,پاییز,16637.5,166375.0
16,36,1396,3,زمستان,17522.3,175223.0
16,37,1397,0,بهار,18541.5,185415.0
16,38,1397,1,تابستان,20269.5,202695.0
16,39,1397,2,پاییز,20488.7,204887.0
16,40,1397,3,زمستان,20697.4,206974.0
16,41,1398,0,بهار,22983.3,229833.0
16,42,1398,1,تابستان,24807.6,248076.0
16,43,1398,2,پاییز,25810.9,258109.0
16,44,1398,3,زمستان,28051.5,280515.0
16,45,1399,0,بهار,30805.7,308057.0
16,46,1399,1,تابستان,36903.7,369037.0
16,47,1399,2,پاییز,36549.9,365499.0
16,48,1399,3,زمستان,40468.0,404680.0
16,49,1400,0,بهار,49261.0,492610.0
16,50,1400,1,تابستان,53197.5,531975.0
17,1,1388,0,بهار,5505.8,55058.0
17,2,1388,1,تابستان,5319.3,53193.0
17,3,1388,2,پاییز,5062.9,50629.0
17,5,1389,0,بهار,4663.6,46636.0
17,6,1389,1,تابستان,4997.9,49979.0
17,7,1389,2,پاییز,5313.2,53132.0
17,8,1389,3,زمستان,5610.2,56102.0
17,9,1390,0,بهار,5702.6,57026.0
17,10,1390,1,تابستان,6194.8,61948.0
17,11,1390,2,پاییز,6885.2,68852.0
17,12,1390,3,زمستان,7074.6,70746.0
17,13,1391,0,بهار,7442.7,74427.0
17,14,1391,1,تابستان,8446.7,84467.0
17,15,1391,2,پاییز,8999.4,89994.0
17,16,1391,3,زمستان,9398.1,93981.0
17,17,1392,0,بهار,9619.1,96191.0
17,18,1392,1,تابستان,10057.8,100578.0
17,19,1392,2,پاییز,10344.2,103442.0
17,20,1392,3,زمستان,9417.5,94175.0
17,21,1393,0,بهار,10023.3,100233.0
17,22,1393,1,تابستان,10808.1,108081.0
17,23,1393,2,پاییز,11220.2,112202.0
17,24,1393,3,زمستان,10551.9,105519.0
17,25,1394,0,بهار,11295.6,112956.0
17,26,1394,1,تابستان,11813.3,118133.0
17,27,1394,2,پاییز,12026.9,120269.0
17,28,1394,3,زمستان,11380.3,113803.0
17,29,1395,0,بهار,12192.7,121927.0
17,30,1395,1,تابستان,12771.4,127714.0
17,31,1395,2,پاییز,12905.5,129055.0
17,32,1395,3,زمستان,12492.1,124921.0
17,33,1396,0,بهار,13232.2,132322.0
17,34,1396,1,تابستان,13921.2,139212.0
17,35,1396,2,پاییز,14060.8,140608.0
17,36,1396,3,زمستان,14881.4,148814.0
17,37,1397,0,بهار,15816.0,158160.0
17,38,1397,1,تابستان,17844.0,178440.0
17,39,1397,2,پاییز,18097.8,180978.0
17,40,1397,3,زمستان,18157.7,181577.0
17,41,1398,0,بهار,21938.4,219384.0
17,42,1398,1,تابستان,23228.2,232282.0
17,43,1398,2,پاییز,23453.1,234531.0
17,44,1398,3,زمستان,27384.1,273841.0
17,45,1399,0,بهار,30601.9,306019.0
17,46,1399,1,تابستان,34744.0,347440.0
17,47,1399,2,پاییز,34714.5,347145.0
17,48,1399,3,زمستان,39365.5,393655.0
17,49,1400,0,بهار,48874.1,488741.0
17,50,1400,1,تابستان,52688.5,526885.0
18,1,1388,0,بهار,5067.3,50673.0
18,2,1388,1,تابستان,4959.3,49593.0
18,3,1388,2,پاییز,4766.8,47668.0
18,4,1388,3,زمستان,4684.3,46843.0
18,5,1389,0,بهار,4520.7,45207.0
18,6,1389,1,تابستان,4615.8,46158.0
18,7,1389,2,پاییز,4879.7,48797.0
18,8,1389,3,زمستان,4898.2,48982.0
18,9,1390,0,بهار,5058.5,50585.0
18,10,1390,1,تابستان,5513.1,55131.0
18,11,1390,2,پاییز,6107.0,61070.0
18,12,1390,3,زمستان,6467.9,64679.0
18,13,1391,0,بهار,6997.1,69971.0
18,14,1391,1,تابستان,7848.8,78488.0
18,15,1391,2,پاییز,8535.1,85351.0
18,16,1391,3,زمستان,8653.3,86533.0
18,17,1392,0,بهار,8809.5,88095.0
18,18,1392,1,تابستان,9430.4,94304.0
18,19,1392,2,پاییز,9604.6,96046.0
18,20,1392,3,زمستان,8720.7,87207.0
18,21,1393,0,بهار,9223.2,92232.0
18,22,1393,1,تابستان,9899.3,98993.0
18,23,1393,2,پاییز,10211.1,102111.0
18,24,1393,3,زمستان,9626.0,96260.0
18,25,1394,0,بهار,10330.2,103302.0
18,26,1394,1,تابستان,10859.4,108594.0
18,27,1394,2,پاییز,10986.8,109868.0
18,28,1394,3,زمستان,10356.4,103564.0
18,29,1395,0,بهار,11160.6,111606.0
18,30,1395,1,تابستان,11711.1,117111.0
18,31,1395,2,پاییز,11782.1,117821.0
18,32,1395,3,زمستان,11243.9,112439.0
18,33,1396,0,بهار,11988.9,119889.0
18,34,1396,1,تابستان,12828.7,128287.0
18,35,1396,2,پاییز,12967.9,129679.0
18,36,1396,3,زمستان,13657.3,136573.0
18,37,1397,0,بهار,14661.8,146618.0
18,38,1397,1,تابستان,16593.8,165938.0
18,39,1397,2,پاییز,16606.2,166062.0
18,40,1397,3,زمستان,16620.8,166208.0
18,41,1398,0,بهار,19401.0,194010.0
18,42,1398,1,تابستان,20891.7,208917.0
18,43,1398,2,پاییز,21835.8,218358.0
18,44,1398,3,زمستان,23911.0,239110.0
18,45,1399,0,بهار,26802.8,268028.0
18,46,1399,1,تابستان,31282.7,312827.0
18,47,1399,2,پاییز,31021.9,310219.0
18,48,1399,3,زمستان,35108.6,351086.0
18,49,1400,0,بهار,42639.6,426396.0
18,50,1400,1,تابستان,48049.2,480492.0
19,1,1388,0,بهار,4886.1,48861.0
19,2,1388,1,تابستان,4806.0,48060.0
19,3,1388,2,پاییز,4668.2,46682.0
19,6,1389,1,تابستان,4970.6,49706.0
19,8,1389,3,زمستان,4991.7,49917.0
19,9,1390,0,بهار,5217.8,52178.0
19,10,1390,1,تابستان,5521.0,55210.0
19,11,1390,2,پاییز,5975.3,59753.0
19,12,1390,3,زمستان,6151.3,61513.0
19,13,1391,0,بهار,6561.0,65610.0
19,14,1391,1,تابستان,7299.8,72998.0
19,15,1391,2,پاییز,7824.9,78249.0
19,16,1391,3,زمستان,8041.0,80410.0
19,17,1392,0,بهار,8416.2,84162.0
19,18,1392,1,تابستان,8921.4,89214.0
19,19,1392,2,پاییز,9025.6,90256.0
19,20,1392,3,زمستان,8278.8,82788.0
19,21,1393,0,بهار,8889.1,88891.0
19,22,1393,1,تابستان,9587.4,95874.0
19,23,1393,2,پاییز,9953.8,99538.0
19,24,1393,3,زمستان,9348.4,93484.0
19,25,1394,0,بهار,10001.2,100012.0
19,26,1394,1,تابستان,10470.0,104700.0
19,27,1394,2,پاییز,10693.4,106934.0
19,28,1394,3,زمستان,10036.8,100368.0
19,29,1395,0,بهار,10784.8,107848.0
19,30,1395,1,تابستان,11264.3,112643.0
19,31,1395,2,پاییز,11441.2,114412.0
19,32,1395,3,زمستان,11021.3,110213.0
19,33,1396,0,بهار,11757.7,117577.0
19,34,1396,1,تابستان,12462.8,124628.0
19,35,1396,2,پاییز,12597.2,125972.0
19,36,1396,3,زمستان,13329.1,133291.0
19,37,1397,0,بهار,14341.8,143418.0
19,38,1397,1,تابستان,15892.6,158926.0
19,39,1397,2,پاییز,16130.8,161308.0
19,40,1397,3,زمستان,16144.0,161440.0
19,41,1398,0,بهار,18689.6,186896.0
19,42,1398,1,تابستان,20079.7,200797.0
19,43,1398,2,پاییز,20829.5,208295.0
19,44,1398,3,زمستان,22824.3,228243.0
19,45,1399,0,بهار,25731.2,257312.0
19,46,1399,1,تابستان,29644.5,296445.0
19,47,1399,2,پاییز,29650.7,296507.0
19,48,1399,3,زمستان,33270.6,332706.0
19,49,1400,0,بهار,40980.2,409802.0
19,50,1400,1,تابستان,46235.7,462357.0
20,1,1388,0,بهار,4902.8,49028.0
20,3,1388,2,پاییز,4363.7,43637.0
20,4,1388,3,زمستان,4431.0,44310.0
20,5,1389,0,بهار,4716.0,47160.0
20,6,1389,1,تابستان,4956.3,49563.0
20,7,1389,2,پاییز,4508.6,45086.0
20,8,1389,3,زمستان,4669.5,46695.0
20,9,1390,0,بهار,4968.0,49680.0
20,10,1390,1,تابستان,5603.1,56031.0
20,11,1390,2,پاییز,6090.0,60900.0
20,12,1390,3,زمستان,6265.0,62650.0
20,13,1391,0,بهار,6779.8,67798.0
20,14,1391,1,تابستان,7391.5,73915.0
20,15,1391,2,پاییز,7945.1,79451.0
20,16,1391,3,زمستان,8225.7,82257.0
20,17,1392,0,بهار,8557.8,85578.0
20,18,1392,1,تابستان,9368.7,93687.0
20,19,1392,2,پاییز,9585.9,95859.0
20,20,1392,3,زمستان,8616.7,86167.0
20,21,1393,0,بهار,9324.2,93242.0
20,22,1393,1,تابستان,10107.3,101073.0
20,23,1393,2,پاییز,10381.2,103812.0
20,24,1393,3,زمستان,9709.8,97098.0
20,25,1394,0,بهار,10513.9,105139.0
20,26,1394,1,تابستان,11152.5,111525.0
20,27,1394,2,پاییز,11192.4,111924.0
20,28,1394,3,زمستان,10484.9,104849.0
20,29,1395,0,بهار,11380.5,113805.0
20,30,1395,1,تابستان,12157.0,121570.0
20,31,1395,2,پاییز,12071.0,120710.0
20,32,1395,3,زمستان,11600.5,116005.0
20,33,1396,0,بهار,12223.4,122234.0
20,34,1396,1,تابستان,13375.9,133759.0
20,35,1396,2,پاییز,13540.7,135407.0
20,36,1396,3,زمستان,14261.8,142618.0
20,37,1397,0,بهار,14725.9,147259.0
20,38,1397,1,تابستان,16475.3,164753.0
20,39,1397,2,پاییز,16490.0,164900.0
20,40,1397,3,زمستان,16920.5,169205.0
20,41,1398,0,بهار,18609.6,186096.0
20,42,1398,1,تابستان,19878.3,198783.0
20,43,1398,2,پاییز,20598.7,205987.0
20,44,1398,3,زمستان,24420.7,244207.0
20,45,1399,0,بهار,26199.1,261991.0
20,46,1399,1,تابستان,29632.9,296329.0
20,47,1399,2,پاییز,29496.9,294969.0
20,48,1399,3,زمستان,31870.4,318704.0
20,49,1400,0,بهار,41836.8,418368.0
20,50,1400,1,تابستان,47501.1,475011.0
21,1,1388,0,بهار,5606.8,56068.0
21,2,1388,1,تابستان,5777.3,57773.0
21,3,1388,2,پاییز,5447.0,54470.0
21,4,1388,3,زمستان,5472.5,54725.0
21,5,1389,0,بهار,6010.3,60103.0
21,6,1389,1,تابستان,6717.1,67171.0
21,7,1389,2,پاییز,6586.6,65866.0
21,8,1389,3,زمستان,6685.7,66857.0
21,9,1390,0,بهار,6874.2,68742.0
21,10,1390,1,تابستان,7554.4,75544.0
21,11,1390,2,پاییز,8357.7,83577.0
21,12,1390,3,زمستان,9033.9,90339.0
21,13,1391,0,بهار,9851.7,98517.0
21,14,1391,1,تابستان,10801.6,108016.0
21,15,1391,2,پاییز,11856.8,118568.0
21,16,1391,3,زمستان,12358.6,123586.0
21,17,1392,0,بهار,12983.1,129831.0
21,18,1392,1,تابستان,13819.9,138199.0
21,19,1392,2,پاییز,14069.6,140696.0
21,20,1392,3,زمستان,12773.0,127730.0
21,21,1393,0,بهار,13658.2,136582.0
21,22,1393,1,تابستان,14634.8,146348.0
21,23,1393,2,پاییز,15123.1,151231.0
21,24,1393,3,زمستان,14371.5,143715.0
21,25,1394,0,بهار,15414.8,154148.0
21,26,1394,1,تابستان,16323.7,163237.0
21,27,1394,2,پاییز,16204.9,162049.0
21,28,1394,3,زمستان,15553.5,155535.0
21,29,1395,0,بهار,16745.4,167454.0
21,30,1395,1,تابستان,17747.5,177475.0
21,31,1395,2,پاییز,17523.9,175239.0
21,32,1395,3,زمستان,17013.7,170137.0
21,33,1396,0,بهار,18054.5,180545.0
21,34,1396,1,تابستان,19704.4,197044.0
21,35,1396,2,پاییز,19941.3,199413.0
21,36,1396,3,زمستان,21129.3,211293.0
21,37,1397,0,بهار,22234.6,222346.0
21,38,1397,1,تابستان,25424.7,254247.0
21,39,1397,2,پاییز,25441.7,254417.0
21,40,1397,3,زمستان,25583.1,255831.0
21,41,1398,0,بهار,31524.7,315247.0
21,42,1398,1,تابستان,34138.4,341384.0
21,43,1398,2,پاییز,34478.6,344786.0
21,44,1398,3,زمستان,40281.0,402810.0
21,45,1399,0,بهار,43179.0,431790.0
21,46,1399,1,تابستان,50642.8,506428.0
21,47,1399,2,پاییز,50613.9,506139.0
21,48,1399,3,زمستان,54529.2,545292.0
21,49,1400,0,بهار,67565.3,675653.0
21,50,1400,1,تابستان,70289.5,702895.0
22,1,1388,0,بهار,5976.3,59763.0
22,2,1388,1,تابستان,5119.1,51191.0
22,3,1388,2,پاییز,5248.3,52483.0
22,6,1389,1,تابستان,6713.7,67137.0
22,7,1389,2,پاییز,6856.4,68564.0
22,8,1389,3,زمستان,6953.7,69537.0
22,9,1390,0,بهار,7120.8,71208.0
22,10,1390,1,تابستان,7683.2,76832.0
22,11,1390,2,پاییز,7810.2,78102.0
22,12,1390,3,زمستان,8427.7,84277.0
22,13,1391,0,بهار,9396.7,93967.0
22,14,1391,1,تابستان,10639.2,106392.0
22,15,1391,2,پاییز,11673.8,116738.0
22,16,1391,3,زمستان,12472.7,124727.0
22,17,1392,0,بهار,13103.9,131039.0
22,18,1392,1,تابستان,14030.5,140305.0
22,19,1392,2,پاییز,14162.4,141624.0
22,20,1392,3,زمستان,12805.8,128058.0
22,21,1393,0,بهار,13850.7,138507.0
22,22,1393,1,تابستان,14970.4,149704.0
22,23,1393,2,پاییز,15554.0,155540.0
22,24,1393,3,زمستان,14890.7,148907.0
22,25,1394,0,بهار,15743.0,157430.0
22,26,1394,1,تابستان,16636.8,166368.0
22,27,1394,2,پاییز,16834.8,168348.0
22,28,1394,3,زمستان,16149.3,161493.0
22,29,1395,0,بهار,17192.1,171921.0
22,30,1395,1,تابستان,18168.2,181682.0
22,31,1395,2,پاییز,18295.6,182956.0
22,32,1395,3,زمستان,18077.0,180770.0
22,33,1396,0,بهار,18831.5,188315.0
22,34,1396,1,تابستان,20253.2,202532.0
22,35,1396,2,پاییز,20635.4,206354.0
22,36,1396,3,زمستان,22106.4,221064.0
22,37,1397,0,بهار,23369.2,233692.0
22,38,1397,1,تابستان,26254.7,262547.0
22,39,1397,2,پاییز,26895.1,268951.0
22,40,1397,3,زمستان,27244.2,272442.0
22,41,1398,0,بهار,33340.3,333403.0
22,42,1398,1,تابستان,36244.6,362446.0
22,43,1398,2,پاییز,36624.0,366240.0
22,44,1398,3,زمستان,43524.3,435243.0
22,45,1399,0,بهار,46953.0,469530.0
22,46,1399,1,تابستان,54490.1,544901.0
22,47,1399,2,پاییز,54298.1,542981.0
22,48,1399,3,زمستان,64326.4,643264.0
22,49,1400,0,بهار,75067.4,750674.0
22,50,1400,1,تابستان,82845.2,828452.0
