quarter_code,jalali_year,jalali_quarter,quarter_label_fa,fx_toman_per_usd,house_million_rial_per_m2,rent_thousand_rial_per_m2,fx_idx,house_idx,rent_idx,source_id
1396-1,1396,1,بهار ۱۳۹۶,4200,43.7,400,86,67,86,S17
1397-1,1397,1,بهار ۱۳۹۷,4900,65,465,100,100,100,S17
1397-2,1397,2,تابستان ۱۳۹۷,9000,74,500,184,114,108,S17
1397-3,1397,3,پائیز ۱۳۹۷,16000,90,560,327,138,120,S17
1397-4,1397,4,زمستان ۱۳۹۷,11500,99,595,235,152,128,S17
1398-1,1398,1,بهار ۱۳۹۸,13000,122,630,265,188,136,S17
1398-2,1398,2,تابستان ۱۳۹۸,12500,133,670,255,205,144,S17
1398-3,1398,3,پائیز ۱۳۹۸,12000,128,700,245,197,151,S17
1398-4,1398,4,زمستان ۱۳۹۸,14000,135,760,286,208,163,S17
1399-1,1399,1,بهار ۱۳۹۹,16000,171,810,327,263,174,S17
1399-2,1399,2,تابستان ۱۳۹۹,22000,220,950,449,338,204,S17
1399-3,1399,3,پائیز ۱۳۹۹,30000,267,1100,612,411,237,S17
1399-4,1399,4,زمستان ۱۳۹۹,26000,276,1200,531,425,258,S17
1400-1,1400,1,بهار ۱۴۰۰,25000,293,1300,510,451,280,S17
1400-2,1400,2,تابستان ۱۴۰۰,27000,295,1400,551,454,301,S17
1400-3,1400,3,پائیز ۱۴۰۰,28500,318,1550,582,489,333,S17
1400-4,1400,4,زمستان ۱۴۰۰,27000,329,1650,551,506,355,S17
1401-1,1401,1,بهار ۱۴۰۱,30000,427,1950,612,657,419,S17
1401-2,1401,2,تابستان ۱۴۰۱,34000,427,2100,694,657,452,S17
1401-3,1401,3,پائیز ۱۴۰۱,42000,452,2300,857,695,495,S17
1401-4,1401,4,زمستان ۱۴۰۱,55000,526,2500,1122,809,538,S17
1402-1,1402,1,بهار ۱۴۰۲,52000,700,2900,1061,1077,624,S17
1402-2,1402,2,تابستان ۱۴۰۲,50000,758,3200,1020,1166,688,S17
1402-3,1402,3,پائیز ۱۴۰۲,52000,759,3500,1061,1168,753,S17
1402-4,1402,4,زمستان ۱۴۰۲,58000,770,3800,1184,1185,817,S17
1403-1,1403,1,بهار ۱۴۰۳,62000,855,4200,1265,1315,903,S17
1403-2,1403,2,تابستان ۱۴۰۳,60000,880,4600,1224,1354,989,S17
1403-3,1403,3,پائیز ۱۴۰۳,75000,885,5000,1531,1362,1075,S17
1403-4,1403,4,زمستان ۱۴۰۳,90000,816,5300,1837,1255,1140,S17
