jalali_year,jalali_quarter,jalali_date,gregorian_date,fx_toman_per_usd,source_id
1401,1,15 فروردین 1401,Apr 04 2022,27717,S19
1401,1,05 اردیبهشت 1401,Apr 25 2022,27922,S19
1401,1,26 اردیبهشت 1401,May 16 2022,30232,S19
1401,1,16 خرداد 1401,Jun 06 2022,31791,S19
1401,2,06 تیر 1401,Jun 27 2022,30726,S19
1401,2,27 تیر 1401,Jul 18 2022,31824,S19
1401,2,17 مرداد 1401,Aug 08 2022,31799,S19
1401,2,07 شهریور 1401,Aug 29 2022,29858,S19
1401,2,28 شهریور 1401,Sep 19 2022,31674,S19
1401,3,18 مهر 1401,Oct 10 2022,32741,S19
1401,3,09 آبان 1401,Oct 31 2022,33472,S19
1401,3,30 آبان 1401,Nov 21 2022,35658,S19
1401,3,21 آذر 1401,Dec 12 2022,38517,S19
1401,4,12 دی 1401,Jan 02 2023,39738,S19
1401,4,03 بهمن 1401,Jan 23 2023,43585,S19
1401,4,24 بهمن 1401,Feb 13 2023,45907,S19
1401,4,15 اسفند 1401,Mar 06 2023,50348,S19
1402,1,07 فروردین 1402,Mar 27 2023,51190,S19
1402,1,28 فروردین 1402,Apr 17 2023,51757,S19
1402,1,18 اردیبهشت 1402,May 08 2023,53172,S19
1402,1,08 خرداد 1402,May 29 2023,51342,S19
1402,1,29 خرداد 1402,Jun 19 2023,48974,S19
1402,2,19 تیر 1402,Jul 10 2023,49146,S19
1402,2,09 مرداد 1402,Jul 31 2023,50070,S19
1402,2,30 مرداد 1402,Aug 21 2023,49273,S19
1402,2,20 شهریور 1402,Sep 11 2023,49700,S19
1402,3,10 مهر 1402,Oct 02 2023,49624,S19
1402,3,01 آبان 1402,Oct 23 2023,50616.5,S19
1402,3,22 آبان 1402,Nov 13 2023,51180.5,S19
1402,3,13 آذر 1402,Dec 04 2023,50651.5,S19
1402,4,04 دی 1402,Dec 25 2023,50089.5,S19
1402,4,25 دی 1402,Jan 15 2024,52463.5,S19
1402,4,16 بهمن 1402,Feb 05 2024,55072,S19
1402,4,07 اسفند 1402,Feb 26 2024,58002.5,S19
1402,4,28 اسفند 1402,Mar 18 2024,60351,S19
