quarter_code,jalali_year,jalali_quarter,quarter_label_fa,fx_toman_per_usd,house_million_rial_per_m2,rent_thousand_rial_per_m2,fx_idx,house_idx,rent_idx,orphan_quarter,source_id
1396-1,1396,1,بهار ۱۳۹۶,4200,43.7,400,85.7,67.2,86.0,1,S17
1397-1,1397,1,بهار ۱۳۹۷,4900,65,465,100.0,100.0,100.0,,S17
1397-2,1397,2,تابستان ۱۳۹۷,9000,74,500,183.7,113.8,107.5,,S17
1397-3,1397,3,پائیز ۱۳۹۷,16000,90,560,326.5,138.5,120.4,,S17
1397-4,1397,4,زمستان ۱۳۹۷,11500,99,595,234.7,152.3,128.0,,S17
1398-1,1398,1,بهار ۱۳۹۸,13000,122,630,265.3,187.7,135.5,,S17
1398-2,1398,2,تابستان ۱۳۹۸,12500,133,670,255.1,204.6,144.1,,S17
1398-3,1398,3,پائیز ۱۳۹۸,12000,128,700,244.9,196.9,150.5,,S17
1398-4,1398,4,زمستان ۱۳۹۸,14000,135,760,285.7,207.7,163.4,,S17
1399-1,1399,1,بهار ۱۳۹۹,16000,171,810,326.5,263.1,174.2,,S17
1399-2,1399,2,تابستان ۱۳۹۹,22000,220,950,449.0,338.5,204.3,,S17
1399-3,1399,3,پائیز ۱۳۹۹,30000,267,1100,612.2,410.8,236.6,,S17
1399-4,1399,4,زمستان ۱۳۹۹,26000,276,1200,530.6,424.6,258.1,,S17
1400-1,1400,1,بهار ۱۴۰۰,25000,293,1300,510.2,450.8,279.6,,S17
1400-2,1400,2,تابستان ۱۴۰۰,27000,295,1400,551.0,453.8,301.1,,S17
1400-3,1400,3,پائیز ۱۴۰۰,28500,318,1550,581.6,489.2,333.3,,S17
1400-4,1400,4,زمستان ۱۴۰۰,27000,329,1650,551.0,506.2,354.8,,S17
1401-1,1401,1,بهار ۱۴۰۱,30000,427,1950,612.2,656.9,419.4,,S17
1401-2,1401,2,تابستان ۱۴۰۱,34000,427,2100,693.9,656.9,451.6,,S17
1401-3,1401,3,پائیز ۱۴۰۱,42000,452,2300,857.1,695.4,494.6,,S17
1401-4,1401,4,زمستان ۱۴۰۱,55000,526,2500,1122.4,809.2,537.6,,S17
1402-1,1402,1,بهار ۱۴۰۲,52000,700,2900,1061.2,1076.9,623.7,,S17
1402-2,1402,2,تابستان ۱۴۰۲,50000,758,3200,1020.4,1166.2,688.2,,S17
1402-3,1402,3,پائیز ۱۴۰۲,52000,759,3500,1061.2,1167.7,752.7,,S17
1402-4,1402,4,زمستان ۱۴۰۲,58000,770,3800,1183.7,1184.6,817.2,,S17
1403-1,1403,1,بهار ۱۴۰۳,62000,855,4200,1265.3,1315.4,903.2,,S17
1403-2,1403,2,تابستان ۱۴۰۳,60000,880,4600,1224.5,1353.8,989.2,,S17
1403-3,1403,3,پائیز ۱۴۰۳,75000,885,5000,1530.6,1361.5,1075.3,,S17
1403-4,1403,4,زمستان ۱۴۰۳,90000,816,5300,1836.7,1255.4,1139.8,,S17
