jalali_year,jalali_quarter,quarter_label_fa,fx_toman_per_usd,fx_approx,cpi_official_1400_100,cpi_approx,source
1400,2,تابستان ۱۴۰۰,24800,1,100.0,1,owner-supplied quarterly macro table (base 1400 Q2 = 100)
1400,3,پائیز ۱۴۰۰,29000,1,110.0,1,owner-supplied quarterly macro table (base 1400 Q2 = 100)
1400,4,زمستان ۱۴۰۰,26000,1,120.0,1,owner-supplied quarterly macro table (base 1400 Q2 = 100)
1401,1,بهار ۱۴۰۱,30000,1,130.0,1,owner-supplied quarterly macro table (base 1400 Q2 = 100)
1401,2,تابستان ۱۴۰۱,34000,1,140.0,1,owner-supplied quarterly macro table (base 1400 Q2 = 100)
1401,3,پائیز ۱۴۰۱,38000,1,150.0,1,owner-supplied quarterly macro table (base 1400 Q2 = 100)
1401,4,زمستان ۱۴۰۱,55000,1,160.0,1,owner-supplied quarterly macro table (base 1400 Q2 = 100)
1402,1,بهار ۱۴۰۲,52000,1,170.0,1,owner-supplied quarterly macro table (base 1400 Q2 = 100)
1402,2,تابستان ۱۴۰۲,50000,1,193.0,0,owner-supplied quarterly macro table (base 1400 Q2 = 100)
1402,3,پائیز ۱۴۰۲,52000,1,205.0,1,owner-supplied quarterly macro table (base 1400 Q2 = 100)
1402,4,زمستان ۱۴۰۲,58000,1,220.0,1,owner-supplied quarterly macro table (base 1400 Q2 = 100)
1403,1,بهار ۱۴۰۳,65000,1,240.0,1,owner-supplied quarterly macro table (base 1400 Q2 = 100)
1403,2,تابستان ۱۴۰۳,60000,1,260.0,1,owner-supplied quarterly macro table (base 1400 Q2 = 100)
1403,3,پائیز ۱۴۰۳,75000,1,280.0,1,owner-supplied quarterly macro table (base 1400 Q2 = 100)
1403,4,زمستان ۱۴۰۳,95000,1,315.7,0,owner-supplied quarterly macro table (base 1400 Q2 = 100)
1404,1,بهار ۱۴۰۴,105000,1,360.0,1,owner-supplied quarterly macro table (base 1400 Q2 = 100)
1404,2,تابستان ۱۴۰۴,120000,1,420.0,1,owner-supplied quarterly macro table (base 1400 Q2 = 100)
1404,3,پائیز ۱۴۰۴,140000,1,490.0,1,owner-supplied quarterly macro table (base 1400 Q2 = 100)
1404,4,زمستان ۱۴۰۴,155000,1,575.0,0,owner-supplied quarterly macro table (base 1400 Q2 = 100)
1405,1,بهار ۱۴۰۵,170000,1,667.5,0,owner-supplied quarterly macro table (base 1400 Q2 = 100)
1405,2,تابستان ۱۴۰۵,265000,1,729.8,0,owner-supplied quarterly macro table (base 1400 Q2 = 100)
