quarter_code,jalali_year,jalali_quarter,quarter_label_fa,months_observed,months_first,months_last,districts_present,modeled_months,median_sample_size,housing_price_psm_toman,housing_index,fx_toman_per_usd,fx_index,fx_approx,cpi_official_1400_100,cpi_index,cpi_approx,housing_quality
1400-2,1400,2,تابستان ۱۴۰۰,1,1400-06,1400-06,22,0,1204.0,23142622.95,100.0,24800.0,100.0,1,100.0,100.0,1,"OBSERVED (Kilid listing prices), 22/22 districts, ONLY 1 MONTH(S)"
1400-3,1400,3,پائیز ۱۴۰۰,3,1400-07,1400-09,22,0,1085.5,23666666.665,102.264409,29000.0,116.935484,1,110.0,110.0,1,"OBSERVED (Kilid listing prices), 22/22 districts"
1400-4,1400,4,زمستان ۱۴۰۰,3,1400-10,1400-12,22,0,1066.0,24541245.79,106.043493,26000.0,104.83871,1,120.0,120.0,1,"OBSERVED (Kilid listing prices), 22/22 districts"
1401-1,1401,1,بهار ۱۴۰۱,3,1401-01,1401-03,22,0,1420.5,26431353.945,114.21071,30000.0,120.967742,1,130.0,130.0,1,"OBSERVED (Kilid listing prices), 22/22 districts"
1401-2,1401,2,تابستان ۱۴۰۱,3,1401-04,1401-06,22,0,3803.0,31228545.62,134.939526,34000.0,137.096774,1,140.0,140.0,1,"OBSERVED (Kilid listing prices), 22/22 districts"
1401-3,1401,3,پائیز ۱۴۰۱,3,1401-07,1401-09,22,0,1624.0,34372276.405,148.523685,38000.0,153.225806,1,150.0,150.0,1,"OBSERVED (Kilid listing prices), 22/22 districts"
1401-4,1401,4,زمستان ۱۴۰۱,3,1401-10,1401-12,22,0,2262.0,40363636.364999995,174.412539,55000.0,221.774194,1,160.0,160.0,1,"OBSERVED (Kilid listing prices), 22/22 districts"
1402-1,1402,1,بهار ۱۴۰۲,3,1402-01,1402-03,22,0,3452.0,61953601.955,267.703458,52000.0,209.677419,1,170.0,170.0,1,"OBSERVED (Kilid listing prices), 22/22 districts"
1402-2,1402,2,تابستان ۱۴۰۲,3,1402-04,1402-06,22,0,8621.0,63870967.74,275.988456,50000.0,201.612903,1,193.0,193.0,,"OBSERVED (Kilid listing prices), 22/22 districts"
1402-3,1402,3,پائیز ۱۴۰۲,3,1402-07,1402-09,22,0,7112.0,58533695.03,252.925933,52000.0,209.677419,1,205.0,205.0,1,"OBSERVED (Kilid listing prices), 22/22 districts"
1402-4,1402,4,زمستان ۱۴۰۲,3,1402-10,1402-12,22,0,6231.5,60555555.555,261.662456,58000.0,233.870968,1,220.0,220.0,1,"OBSERVED (Kilid listing prices), 22/22 districts"
1403-1,1403,1,بهار ۱۴۰۳,3,1403-01,1403-03,22,0,5562.5,66412466.845,286.970353,65000.0,262.096774,1,240.0,240.0,1,"OBSERVED (Kilid listing prices), 22/22 districts"
1403-2,1403,2,تابستان ۱۴۰۳,3,1403-04,1403-06,22,0,7064.0,67607526.88499999,292.134245,60000.0,241.935484,1,260.0,260.0,1,"OBSERVED (Kilid listing prices), 22/22 districts"
1403-3,1403,3,پائیز ۱۴۰۳,3,1403-07,1403-09,22,0,7841.5,68107549.565,294.294859,75000.0,302.419355,1,280.0,280.0,1,"OBSERVED (Kilid listing prices), 22/22 districts"
1403-4,1403,4,زمستان ۱۴۰۳,3,1403-10,1403-12,22,0,7745.5,70785985.65,305.868465,95000.0,383.064516,1,315.7,315.7,,"OBSERVED (Kilid listing prices), 22/22 districts"
1404-1,1404,1,بهار ۱۴۰۴,3,1404-01,1404-03,22,0,6341.0,73700408.91,318.46178,105000.0,423.387097,1,360.0,360.0,1,"OBSERVED (Kilid listing prices), 22/22 districts"
1404-2,1404,2,تابستان ۱۴۰۴,3,1404-04,1404-06,22,0,8611.0,76290054.745,329.651721,120000.0,483.870968,1,420.0,420.0,1,"OBSERVED (Kilid listing prices), 22/22 districts"
1404-3,1404,3,پائیز ۱۴۰۴,3,1404-07,1404-09,22,2,11884.5,78545642.495,339.398186,140000.0,564.516129,1,490.0,490.0,1,"OBSERVED (Kilid listing prices), 22/22 districts, 2 MODELED months"
1404-4,1404,4,زمستان ۱۴۰۴,3,1404-10,1404-12,22,3,12078.0,89658599.77,387.417623,155000.0,625.0,1,575.0,575.0,,"OBSERVED (Kilid listing prices), 22/22 districts, 3 MODELED months"
1405-1,1405,1,بهار ۱۴۰۵,3,1405-01,1405-03,22,3,8306.5,126042347.72,544.63294,170000.0,685.483871,1,667.5,667.5,,"OBSERVED (Kilid listing prices), 22/22 districts, 3 MODELED months"
1405-2,1405,2,تابستان ۱۴۰۵,2,1405-04,1405-05,22,0,12661.0,155336538.4625,671.214057,265000.0,1068.548387,1,729.8,729.8,,"OBSERVED (Kilid listing prices), 22/22 districts, ONLY 2 MONTH(S)"
