year,year_label_fa,rent_toman_m2,rent_index_1390,rent_yoy_pct,fx_toman_usd,fx_index_1390,fx_yoy_pct,inflation_pct,cpi_index_1390,rent_usd_m2,rent_usd_yoy_pct,source_id_rent,source_id_fx,source_id_inflation
1390,۱۳۹۰,12950,100.0,,1200,100.0,,21.5,100.0,10.792,,S2,S16,S16
1391,۱۳۹۱,15470,119.5,19.5,2500,208.3,108.3,30.5,130.5,6.188,-42.7,S2,S16,S16
1392,۱۳۹۲,18590,143.6,20.2,3000,250.0,20.0,34.7,175.8,6.197,0.1,S2,S16,S16
1393,۱۳۹۳,20860,161.1,12.2,3200,266.7,6.7,15.6,203.2,6.519,5.2,S2,S16,S16
1394,۱۳۹۴,22900,176.8,9.8,3500,291.7,9.4,11.9,227.4,6.543,0.4,S2,S16,S16
1395,۱۳۹۵,23420,180.8,2.3,3800,316.7,8.6,9.0,247.9,6.163,-5.8,S2,S16,S16
1396,۱۳۹۶,28210,217.8,20.5,4300,358.3,13.2,10.0,272.7,6.560,6.4,S2,S16,S16
1397,۱۳۹۷,36450,281.5,29.2,11000,916.7,155.8,26.9,346.1,3.314,-49.5,S2,S16,S18
1398,۱۳۹۸,47500,366.8,30.3,13000,1083.3,18.2,34.8,466.5,3.654,10.3,S2,S16,S18
1399,۱۳۹۹,62900,485.7,32.4,26000,2166.7,100.0,36.4,636.3,2.419,-33.8,S2,S16,S18
1400,۱۴۰۰,84800,654.8,34.8,28000,2333.3,7.7,40.2,892.1,3.029,25.2,S2,S16,S18
