area_id,native_key,district_number,area_name_fa,level,date,period_code,period_id,label,price_psm_median_toman,price_psm_smoothed_toman,price_psm_p25_toman,price_psm_p75_toman,price_total_median_toman,sample_size,trust,source,metraj_band,window_months
7a82010f-1b7d-cc68-9c4d-dbebce362695,242398:1,1,منطقه 1,MUNICIPAL_AREA,2021-02-19,1399-12,240,اسفند - 1399,11529411.76,9477372.99,11529411.76,11529411.76,980000000,1,MODELED,listing,metraj_all,3
7a82010f-1b7d-cc68-9c4d-dbebce362695,242398:1,1,منطقه 1,MUNICIPAL_AREA,2021-03-21,1400-01,241,فروردین - 1400,11529411.76,10630364.22,11529411.76,11529411.76,980000000,1,MODELED,listing,metraj_all,3
7a82010f-1b7d-cc68-9c4d-dbebce362695,242398:1,1,منطقه 1,MUNICIPAL_AREA,2021-04-21,1400-02,242,اردیبهشت - 1400,11529411.76,12994482.64,11529411.76,11529411.76,980000000,1,MODELED,listing,metraj_all,3
7a82010f-1b7d-cc68-9c4d-dbebce362695,242398:1,1,منطقه 1,MUNICIPAL_AREA,2021-05-22,1400-03,243,خرداد - 1400,13043478.26,13958250.02,13043478.26,13043478.26,1500000000,1,MODELED,listing,metraj_all,3
7a82010f-1b7d-cc68-9c4d-dbebce362695,242398:1,1,منطقه 1,MUNICIPAL_AREA,2021-06-22,1400-04,244,تیر - 1400,37771739.13,19269131.97,25407608.7,50135869.57,1500000000,2,MODELED,listing,metraj_all,3
7a82010f-1b7d-cc68-9c4d-dbebce362695,242398:1,1,منطقه 1,MUNICIPAL_AREA,2021-07-23,1400-05,245,مرداد - 1400,37771739.13,16952813.63,25407608.7,50135869.57,1500000000,2,MODELED,listing,metraj_all,3
7a82010f-1b7d-cc68-9c4d-dbebce362695,242398:1,1,منطقه 1,MUNICIPAL_AREA,2021-08-23,1400-06,246,شهریور - 1400,62500000,16756999.05,62500000,62500000,1500000000,1,MODELED,listing,metraj_all,3
7a82010f-1b7d-cc68-9c4d-dbebce362695,242398:1,1,منطقه 1,MUNICIPAL_AREA,2021-09-23,1400-07,247,مهر - 1400,20000000,14661298.87,20000000,20000000,3600000000,1,MODELED,listing,metraj_all,3
7a82010f-1b7d-cc68-9c4d-dbebce362695,242398:1,1,منطقه 1,MUNICIPAL_AREA,2021-10-23,1400-08,248,آبان - 1400,20000000,14764773.98,20000000,20000000,3600000000,1,MODELED,listing,metraj_all,3
7a82010f-1b7d-cc68-9c4d-dbebce362695,242398:1,1,منطقه 1,MUNICIPAL_AREA,2021-11-22,1400-09,249,آذر - 1400,20000000,14781120.87,20000000,20000000,3600000000,1,MODELED,listing,metraj_all,3
7a82010f-1b7d-cc68-9c4d-dbebce362695,242398:1,1,منطقه 1,MUNICIPAL_AREA,2021-12-22,1400-10,250,دی - 1400,22000000,14489605.52,22000000,22000000,2420000000,1,MODELED,listing,metraj_all,3
7a82010f-1b7d-cc68-9c4d-dbebce362695,242398:1,1,منطقه 1,MUNICIPAL_AREA,2022-01-21,1400-11,251,بهمن - 1400,22000000,15564867.15,22000000,22000000,2420000000,1,MODELED,listing,metraj_all,3
7a82010f-1b7d-cc68-9c4d-dbebce362695,242398:1,1,منطقه 1,MUNICIPAL_AREA,2022-02-20,1400-12,252,اسفند - 1400,16083333.34,14910582.35,13125000,19041666.67,1820000000,2,MODELED,listing,metraj_all,3
7a82010f-1b7d-cc68-9c4d-dbebce362695,242398:1,1,منطقه 1,MUNICIPAL_AREA,2022-03-21,1401-01,253,فروردین - 1401,10166666.67,14147786.03,10166666.67,10166666.67,1220000000,1,MODELED,listing,metraj_all,3
7a82010f-1b7d-cc68-9c4d-dbebce362695,242398:1,1,منطقه 1,MUNICIPAL_AREA,2022-04-21,1401-02,254,اردیبهشت - 1401,10166666.67,20555705.39,10166666.67,10166666.67,1220000000,1,MODELED,listing,metraj_all,3
7a82010f-1b7d-cc68-9c4d-dbebce362695,242398:1,1,منطقه 1,MUNICIPAL_AREA,2023-04-21,1402-02,266,اردیبهشت - 1402,25233644.86,25264958.09,19538461.54,32571428.57,2500000000,705,DIRECT,listing,metraj_all,3
7a82010f-1b7d-cc68-9c4d-dbebce362695,242398:1,1,منطقه 1,MUNICIPAL_AREA,2023-05-22,1402-03,267,خرداد - 1402,25170068.03,25196752.6,19492939.67,32496240.6,2500000000,707,DIRECT,listing,metraj_all,3
7a82010f-1b7d-cc68-9c4d-dbebce362695,242398:1,1,منطقه 1,MUNICIPAL_AREA,2023-06-22,1402-04,268,تیر - 1402,25170068.03,25196752.61,19492939.67,32496240.6,2500000000,707,DIRECT,listing,metraj_all,3
7a82010f-1b7d-cc68-9c4d-dbebce362695,242398:1,1,منطقه 1,MUNICIPAL_AREA,2023-07-23,1402-05,269,مرداد - 1402,16161922.83,32071293.96,15963314.36,16360531.31,1440000000,2,MODELED,listing,metraj_all,3
7a82010f-1b7d-cc68-9c4d-dbebce362695,242398:1,1,منطقه 1,MUNICIPAL_AREA,2024-12-21,1403-10,286,دی - 1403,36000000,36031314.78,26086956.52,45051545.07,4190000128,145,DIRECT,listing,metraj_all,3
7a82010f-1b7d-cc68-9c4d-dbebce362695,242398:1,1,منطقه 1,MUNICIPAL_AREA,2025-01-20,1403-11,287,بهمن - 1403,36076924.06,36102066.29,26666666.67,45088658.55,4200000000,324,DIRECT,listing,metraj_all,3
7a82010f-1b7d-cc68-9c4d-dbebce362695,242398:1,1,منطقه 1,MUNICIPAL_AREA,2025-02-19,1403-12,288,اسفند - 1403,35784312.47,35817117.28,27570094.65,45051545.07,3849999872,513,DIRECT,listing,metraj_all,3
7a82010f-1b7d-cc68-9c4d-dbebce362695,242398:1,1,منطقه 1,MUNICIPAL_AREA,2025-03-21,1404-01,289,فروردین - 1404,36259542.96,36297685.36,28832831.33,48166666.67,3900000000,483,DIRECT,listing,metraj_all,3
7a82010f-1b7d-cc68-9c4d-dbebce362695,242398:1,1,منطقه 1,MUNICIPAL_AREA,2025-04-21,1404-02,290,اردیبهشت - 1404,35151515.15,35175174.03,27876733.92,46294284.29,3700000000,679,DIRECT,listing,metraj_all,3
7a82010f-1b7d-cc68-9c4d-dbebce362695,242398:1,1,منطقه 1,MUNICIPAL_AREA,2025-05-22,1404-03,291,خرداد - 1404,34848484.85,34852469.9,27272727.27,45454545.45,3570000000,893,DIRECT,listing,metraj_all,3
7a82010f-1b7d-cc68-9c4d-dbebce362695,242398:1,1,منطقه 1,MUNICIPAL_AREA,2025-06-22,1404-04,292,تیر - 1404,34117647.06,34123453.52,26000000,44661854.1,3500000000,1283,DIRECT,listing,metraj_all,3
7a82010f-1b7d-cc68-9c4d-dbebce362695,242398:1,1,منطقه 1,MUNICIPAL_AREA,2025-07-23,1404-05,293,مرداد - 1404,35164835.16,35163448.4,26288659.79,45454545.45,3600000000,1541,DIRECT,listing,metraj_all,3
7a82010f-1b7d-cc68-9c4d-dbebce362695,242398:1,1,منطقه 1,MUNICIPAL_AREA,2025-08-23,1404-06,294,شهریور - 1404,35618750,35616869.17,26919580.42,46425000,3690000000,1716,DIRECT,listing,metraj_all,3
7a82010f-1b7d-cc68-9c4d-dbebce362695,242398:1,1,منطقه 1,MUNICIPAL_AREA,2025-09-23,1404-07,295,مهر - 1404,36138613.86,36133383.64,27500000,46875000,3750000000,1211,DIRECT,listing,metraj_all,3
7a82010f-1b7d-cc68-9c4d-dbebce362695,242398:1,1,منطقه 1,MUNICIPAL_AREA,2025-10-23,1404-08,296,آبان - 1404,36055555.56,36051030.74,27692307.69,47053986.07,3700000000,578,DIRECT,listing,metraj_all,3
3197b4c6-d54d-4543-0596-d281cd0be735,242398:2,2,منطقه 2,MUNICIPAL_AREA,2021-09-23,1400-07,247,مهر - 1400,18050314.47,14484054.73,18050314.47,18050314.47,2870000000,1,MODELED,listing,metraj_all,3
3197b4c6-d54d-4543-0596-d281cd0be735,242398:2,2,منطقه 2,MUNICIPAL_AREA,2021-10-23,1400-08,248,آبان - 1400,18050314.47,14587529.84,18050314.47,18050314.47,2870000000,1,MODELED,listing,metraj_all,3
3197b4c6-d54d-4543-0596-d281cd0be735,242398:2,2,منطقه 2,MUNICIPAL_AREA,2021-11-22,1400-09,249,آذر - 1400,18050314.47,14603876.73,18050314.47,18050314.47,2870000000,1,MODELED,listing,metraj_all,3
3197b4c6-d54d-4543-0596-d281cd0be735,242398:2,2,منطقه 2,MUNICIPAL_AREA,2023-04-21,1402-02,266,اردیبهشت - 1402,35000000,34978997.04,29359230.77,42782073.31,4000000000,3574,DIRECT,listing,metraj_all,3
3197b4c6-d54d-4543-0596-d281cd0be735,242398:2,2,منطقه 2,MUNICIPAL_AREA,2023-05-22,1402-03,267,خرداد - 1402,35000000,34977954.2,29354838.71,42783505.15,4000000000,3581,DIRECT,listing,metraj_all,3
3197b4c6-d54d-4543-0596-d281cd0be735,242398:2,2,منطقه 2,MUNICIPAL_AREA,2023-06-22,1402-04,268,تیر - 1402,35000000,34977954.2,29354838.71,42783505.15,4000000000,3581,DIRECT,listing,metraj_all,3
3197b4c6-d54d-4543-0596-d281cd0be735,242398:2,2,منطقه 2,MUNICIPAL_AREA,2023-07-23,1402-05,269,مرداد - 1402,30500000,33295981.29,23633928.57,44103220.68,4250000000,7,MODELED,listing,metraj_all,3
3197b4c6-d54d-4543-0596-d281cd0be735,242398:2,2,منطقه 2,MUNICIPAL_AREA,2023-09-23,1402-07,271,مهر - 1402,142857142.86,71236007.54,142857142.86,142857142.86,25000000000,1,MODELED,listing,metraj_all,3
3197b4c6-d54d-4543-0596-d281cd0be735,242398:2,2,منطقه 2,MUNICIPAL_AREA,2023-10-23,1402-08,272,آبان - 1402,142857142.86,71589567.45,142857142.86,142857142.86,25000000000,1,MODELED,listing,metraj_all,3
3197b4c6-d54d-4543-0596-d281cd0be735,242398:2,2,منطقه 2,MUNICIPAL_AREA,2023-11-22,1402-09,273,آذر - 1402,142857142.86,71726170.15,142857142.86,142857142.86,25000000000,1,MODELED,listing,metraj_all,3
3197b4c6-d54d-4543-0596-d281cd0be735,242398:2,2,منطقه 2,MUNICIPAL_AREA,2024-02-20,1402-12,276,اسفند - 1402,43076923.08,49379619.36,43076923.08,43076923.08,2800000000,1,MODELED,listing,metraj_all,3
3197b4c6-d54d-4543-0596-d281cd0be735,242398:2,2,منطقه 2,MUNICIPAL_AREA,2024-03-20,1403-01,277,فروردین - 1403,43076923.08,48301767.68,43076923.08,43076923.08,2800000000,1,MODELED,listing,metraj_all,3
3197b4c6-d54d-4543-0596-d281cd0be735,242398:2,2,منطقه 2,MUNICIPAL_AREA,2024-04-20,1403-02,278,اردیبهشت - 1403,43076923.08,46155303.03,43076923.08,43076923.08,2800000000,1,MODELED,listing,metraj_all,3
3197b4c6-d54d-4543-0596-d281cd0be735,242398:2,2,منطقه 2,MUNICIPAL_AREA,2024-12-21,1403-10,286,دی - 1403,49142860.07,49045569.67,40000000,66583332.7,6449999872,1291,DIRECT,listing,metraj_all,3
3197b4c6-d54d-4543-0596-d281cd0be735,242398:2,2,منطقه 2,MUNICIPAL_AREA,2025-01-20,1403-11,287,بهمن - 1403,47699486.33,47669366.74,40000000,63286897.09,6300000256,3570,DIRECT,listing,metraj_all,3
3197b4c6-d54d-4543-0596-d281cd0be735,242398:2,2,منطقه 2,MUNICIPAL_AREA,2025-02-19,1403-12,288,اسفند - 1403,48275862.07,48255724.04,40173915.27,65217393.53,6449999872,5341,DIRECT,listing,metraj_all,3
3197b4c6-d54d-4543-0596-d281cd0be735,242398:2,2,منطقه 2,MUNICIPAL_AREA,2025-03-21,1404-01,289,فروردین - 1404,49139783.57,49117210.58,40833331.2,67142860.8,6499999744,4863,DIRECT,listing,metraj_all,3
3197b4c6-d54d-4543-0596-d281cd0be735,242398:2,2,منطقه 2,MUNICIPAL_AREA,2025-04-21,1404-02,290,اردیبهشت - 1404,50000000,49963962.95,40630039.12,70000000,6600000000,3658,DIRECT,listing,metraj_all,3
3197b4c6-d54d-4543-0596-d281cd0be735,242398:2,2,منطقه 2,MUNICIPAL_AREA,2025-05-22,1404-03,291,خرداد - 1404,49473686.91,49424411.08,38624998.4,67741935.48,6249999872,2885,DIRECT,listing,metraj_all,3
3197b4c6-d54d-4543-0596-d281cd0be735,242398:2,2,منطقه 2,MUNICIPAL_AREA,2025-06-22,1404-04,292,تیر - 1404,46470588.24,46437618.17,34666666.67,62500000,5700000000,3509,DIRECT,listing,metraj_all,3
3197b4c6-d54d-4543-0596-d281cd0be735,242398:2,2,منطقه 2,MUNICIPAL_AREA,2025-07-23,1404-05,293,مرداد - 1404,48000000,47970863.47,35333333.33,63448275.86,5800000000,4469,DIRECT,listing,metraj_all,3
3197b4c6-d54d-4543-0596-d281cd0be735,242398:2,2,منطقه 2,MUNICIPAL_AREA,2025-08-23,1404-06,294,شهریور - 1404,48905109.49,48880321.67,36082474.23,65000000,5900000000,5481,DIRECT,listing,metraj_all,3
3197b4c6-d54d-4543-0596-d281cd0be735,242398:2,2,منطقه 2,MUNICIPAL_AREA,2025-09-23,1404-07,295,مهر - 1404,49823449.81,49788118.17,36836124.4,66248214.29,6000000000,4044,DIRECT,listing,metraj_all,3
3197b4c6-d54d-4543-0596-d281cd0be735,242398:2,2,منطقه 2,MUNICIPAL_AREA,2025-10-23,1404-08,296,آبان - 1404,50000000,49929650.97,36804545.46,67500000,6000000000,2010,DIRECT,listing,metraj_all,3
17830323-a333-7bf3-c5f5-1fd648b5f1ca,242398:3,3,منطقه 3,MUNICIPAL_AREA,2021-03-21,1400-01,241,فروردین - 1400,7462686.57,10260661.93,7462686.57,7462686.57,500000000,1,MODELED,listing,metraj_all,3
17830323-a333-7bf3-c5f5-1fd648b5f1ca,242398:3,3,منطقه 3,MUNICIPAL_AREA,2021-04-21,1400-02,242,اردیبهشت - 1400,16666666.67,13954607.49,12064676.62,16666666.67,8000000000,3,MODELED,listing,metraj_all,3
17830323-a333-7bf3-c5f5-1fd648b5f1ca,242398:3,3,منطقه 3,MUNICIPAL_AREA,2021-05-22,1400-03,243,خرداد - 1400,16666666.67,14653636.31,12064676.62,16666666.67,8000000000,3,MODELED,listing,metraj_all,3
17830323-a333-7bf3-c5f5-1fd648b5f1ca,242398:3,3,منطقه 3,MUNICIPAL_AREA,2021-06-22,1400-04,244,تیر - 1400,16666666.67,15751619.9,16666666.67,16666666.67,8000000000,2,MODELED,listing,metraj_all,3
17830323-a333-7bf3-c5f5-1fd648b5f1ca,242398:3,3,منطقه 3,MUNICIPAL_AREA,2021-07-23,1400-05,245,مرداد - 1400,15000000,12990025.94,15000000,15000000,5700000000,1,MODELED,listing,metraj_all,3
17830323-a333-7bf3-c5f5-1fd648b5f1ca,242398:3,3,منطقه 3,MUNICIPAL_AREA,2021-08-23,1400-06,246,شهریور - 1400,15000000,12438817.24,15000000,15000000,5700000000,1,MODELED,listing,metraj_all,3
17830323-a333-7bf3-c5f5-1fd648b5f1ca,242398:3,3,منطقه 3,MUNICIPAL_AREA,2021-09-23,1400-07,247,مهر - 1400,15000000,14206753.42,15000000,15000000,5700000000,1,MODELED,listing,metraj_all,3
17830323-a333-7bf3-c5f5-1fd648b5f1ca,242398:3,3,منطقه 3,MUNICIPAL_AREA,2021-10-23,1400-08,248,آبان - 1400,7081395.35,13047942.04,4122093.03,10040697.68,840000000,2,MODELED,listing,metraj_all,3
17830323-a333-7bf3-c5f5-1fd648b5f1ca,242398:3,3,منطقه 3,MUNICIPAL_AREA,2021-11-22,1400-09,249,آذر - 1400,7081395.35,13062926.69,4122093.03,10040697.68,840000000,2,MODELED,listing,metraj_all,3
17830323-a333-7bf3-c5f5-1fd648b5f1ca,242398:3,3,منطقه 3,MUNICIPAL_AREA,2021-12-22,1400-10,250,دی - 1400,7081395.35,12629037.62,4122093.03,10040697.68,840000000,2,MODELED,listing,metraj_all,3
17830323-a333-7bf3-c5f5-1fd648b5f1ca,242398:3,3,منطقه 3,MUNICIPAL_AREA,2022-11-22,1401-09,261,آذر - 1401,30062305.3,30146785.19,26689189.19,33000000,3950000000,45,DIRECT,listing,metraj_all,3
17830323-a333-7bf3-c5f5-1fd648b5f1ca,242398:3,3,منطقه 3,MUNICIPAL_AREA,2022-12-22,1401-10,262,دی - 1401,30031152.65,30032080.57,26250000,33827011.5,3885000000,188,DIRECT,listing,metraj_all,3
17830323-a333-7bf3-c5f5-1fd648b5f1ca,242398:3,3,منطقه 3,MUNICIPAL_AREA,2023-01-21,1401-11,263,بهمن - 1401,33000000,33000012.84,28148148.15,36969696.97,4060000000,585,DIRECT,listing,metraj_all,3
17830323-a333-7bf3-c5f5-1fd648b5f1ca,242398:3,3,منطقه 3,MUNICIPAL_AREA,2023-02-20,1401-12,264,اسفند - 1401,35000000,35000000,30000000,40000000,4320000000,801,DIRECT,listing,metraj_all,3
17830323-a333-7bf3-c5f5-1fd648b5f1ca,242398:3,3,منطقه 3,MUNICIPAL_AREA,2023-03-21,1402-01,265,فروردین - 1402,35563012.68,35562899.19,31921244.84,41005395.68,4500000000,658,DIRECT,listing,metraj_all,3
17830323-a333-7bf3-c5f5-1fd648b5f1ca,242398:3,3,منطقه 3,MUNICIPAL_AREA,2023-04-21,1402-02,266,اردیبهشت - 1402,29977777.78,29967480.87,24444444.44,37898981.33,3200000000,2423,DIRECT,listing,metraj_all,3
17830323-a333-7bf3-c5f5-1fd648b5f1ca,242398:3,3,منطقه 3,MUNICIPAL_AREA,2023-05-22,1402-03,267,خرداد - 1402,28784615.39,28776797.08,23764880.95,35714285.71,3100000000,2166,DIRECT,listing,metraj_all,3
17830323-a333-7bf3-c5f5-1fd648b5f1ca,242398:3,3,منطقه 3,MUNICIPAL_AREA,2023-06-22,1402-04,268,تیر - 1402,28784615.39,28776797.09,23764880.95,35714285.71,3100000000,2166,DIRECT,listing,metraj_all,3
17830323-a333-7bf3-c5f5-1fd648b5f1ca,242398:3,3,منطقه 3,MUNICIPAL_AREA,2023-07-23,1402-05,269,مرداد - 1402,33856687.9,34854173.82,29691176.47,36570746.14,5200000000,4,MODELED,listing,metraj_all,3
17830323-a333-7bf3-c5f5-1fd648b5f1ca,242398:3,3,منطقه 3,MUNICIPAL_AREA,2024-12-21,1403-10,286,دی - 1403,36296294.4,36302453.51,29690721.65,41562499.2,4000000000,297,DIRECT,listing,metraj_all,3
17830323-a333-7bf3-c5f5-1fd648b5f1ca,242398:3,3,منطقه 3,MUNICIPAL_AREA,2025-01-20,1403-11,287,بهمن - 1403,36085857.23,36095747.91,29765873.02,42539893.62,3970000000,830,DIRECT,listing,metraj_all,3
17830323-a333-7bf3-c5f5-1fd648b5f1ca,242398:3,3,منطقه 3,MUNICIPAL_AREA,2025-02-19,1403-12,288,اسفند - 1403,36282862.23,36292806.2,30028409.86,42747213.78,3978499968,1214,DIRECT,listing,metraj_all,3
17830323-a333-7bf3-c5f5-1fd648b5f1ca,242398:3,3,منطقه 3,MUNICIPAL_AREA,2025-03-21,1404-01,289,فروردین - 1404,37000001.83,37009837.56,30769230.77,43809523.81,4100000000,1149,DIRECT,listing,metraj_all,3
17830323-a333-7bf3-c5f5-1fd648b5f1ca,242398:3,3,منطقه 3,MUNICIPAL_AREA,2025-04-21,1404-02,290,اردیبهشت - 1404,39212596.41,39193619.17,31250000,48425099.61,4400000000,1271,DIRECT,listing,metraj_all,3
17830323-a333-7bf3-c5f5-1fd648b5f1ca,242398:3,3,منطقه 3,MUNICIPAL_AREA,2025-05-22,1404-03,291,خرداد - 1404,40862799.84,40828321.4,32044510.65,51135826.31,4500000000,1630,DIRECT,listing,metraj_all,3
17830323-a333-7bf3-c5f5-1fd648b5f1ca,242398:3,3,منطقه 3,MUNICIPAL_AREA,2025-06-22,1404-04,292,تیر - 1404,40740740.74,40716404.57,31566172.72,52048951.05,4380000000,2403,DIRECT,listing,metraj_all,3
17830323-a333-7bf3-c5f5-1fd648b5f1ca,242398:3,3,منطقه 3,MUNICIPAL_AREA,2025-07-23,1404-05,293,مرداد - 1404,40178571.43,40162185.27,32000000,51000000,4300000000,3181,DIRECT,listing,metraj_all,3
17830323-a333-7bf3-c5f5-1fd648b5f1ca,242398:3,3,منطقه 3,MUNICIPAL_AREA,2025-08-23,1404-06,294,شهریور - 1404,40140845.07,40128272.5,32105263.16,51724137.93,4350000000,3845,DIRECT,listing,metraj_all,3
17830323-a333-7bf3-c5f5-1fd648b5f1ca,242398:3,3,منطقه 3,MUNICIPAL_AREA,2025-09-23,1404-07,295,مهر - 1404,40300179.22,40283336.5,32258064.52,51724137.93,4400000000,2840,DIRECT,listing,metraj_all,3
17830323-a333-7bf3-c5f5-1fd648b5f1ca,242398:3,3,منطقه 3,MUNICIPAL_AREA,2025-10-23,1404-08,296,آبان - 1404,41000000,40963228.63,32567505.72,52871287.13,4500000000,1407,DIRECT,listing,metraj_all,3
5cbecc74-f488-1d40-057b-02c7eaa4f13b,242398:4,4,منطقه 4,MUNICIPAL_AREA,2021-08-23,1400-06,246,شهریور - 1400,9693877.55,11956442.47,9693877.55,9693877.55,950000000,1,MODELED,listing,metraj_all,3
5cbecc74-f488-1d40-057b-02c7eaa4f13b,242398:4,4,منطقه 4,MUNICIPAL_AREA,2022-01-21,1400-11,251,بهمن - 1400,13401360.54,14783172.65,13401360.54,13401360.54,1970000000,1,MODELED,listing,metraj_all,3
5cbecc74-f488-1d40-057b-02c7eaa4f13b,242398:4,4,منطقه 4,MUNICIPAL_AREA,2022-02-20,1400-12,252,اسفند - 1400,13401360.54,14560152.91,13401360.54,13401360.54,1970000000,1,MODELED,listing,metraj_all,3
5cbecc74-f488-1d40-057b-02c7eaa4f13b,242398:4,4,منطقه 4,MUNICIPAL_AREA,2022-03-21,1401-01,253,فروردین - 1401,11508372.58,14039643.74,10561878.6,12454866.56,2485000000,2,MODELED,listing,metraj_all,3
5cbecc74-f488-1d40-057b-02c7eaa4f13b,242398:4,4,منطقه 4,MUNICIPAL_AREA,2022-04-21,1401-02,254,اردیبهشت - 1401,9615384.62,20505588.84,9615384.62,9615384.62,3000000000,1,MODELED,listing,metraj_all,3
5cbecc74-f488-1d40-057b-02c7eaa4f13b,242398:4,4,منطقه 4,MUNICIPAL_AREA,2022-05-22,1401-03,255,خرداد - 1401,9615384.62,27773460.62,9615384.62,9615384.62,3000000000,1,MODELED,listing,metraj_all,3
5cbecc74-f488-1d40-057b-02c7eaa4f13b,242398:4,4,منطقه 4,MUNICIPAL_AREA,2023-01-21,1401-11,263,بهمن - 1401,25000000,32273421.93,25000000,25000000,3000000000,1,MODELED,listing,metraj_all,3
5cbecc74-f488-1d40-057b-02c7eaa4f13b,242398:4,4,منطقه 4,MUNICIPAL_AREA,2023-02-20,1401-12,264,اسفند - 1401,25000000,34090909.09,25000000,25000000,3000000000,1,MODELED,listing,metraj_all,3
5cbecc74-f488-1d40-057b-02c7eaa4f13b,242398:4,4,منطقه 4,MUNICIPAL_AREA,2023-03-21,1402-01,265,فروردین - 1402,25000000,34595846.75,25000000,25000000,3000000000,1,MODELED,listing,metraj_all,3
5cbecc74-f488-1d40-057b-02c7eaa4f13b,242398:4,4,منطقه 4,MUNICIPAL_AREA,2023-04-21,1402-02,266,اردیبهشت - 1402,17551020.41,17679371.25,11971830.99,21976907.26,1550000000,763,DIRECT,listing,metraj_all,3
5cbecc74-f488-1d40-057b-02c7eaa4f13b,242398:4,4,منطقه 4,MUNICIPAL_AREA,2023-05-22,1402-03,267,خرداد - 1402,17551020.41,17674336.47,11971830.99,21976907.26,1550000000,763,DIRECT,listing,metraj_all,3
5cbecc74-f488-1d40-057b-02c7eaa4f13b,242398:4,4,منطقه 4,MUNICIPAL_AREA,2023-06-22,1402-04,268,تیر - 1402,17551020.41,17674336.48,11971830.99,21976907.26,1550000000,763,DIRECT,listing,metraj_all,3
5cbecc74-f488-1d40-057b-02c7eaa4f13b,242398:4,4,منطقه 4,MUNICIPAL_AREA,2024-12-21,1403-10,286,دی - 1403,27777777.78,28102688.28,25230082.42,30000000.77,2920000000,258,DIRECT,listing,metraj_all,3
5cbecc74-f488-1d40-057b-02c7eaa4f13b,242398:4,4,منطقه 4,MUNICIPAL_AREA,2025-01-20,1403-11,287,بهمن - 1403,27724106.35,27890638.38,24991477.57,30324566.52,2969999872,542,DIRECT,listing,metraj_all,3
5cbecc74-f488-1d40-057b-02c7eaa4f13b,242398:4,4,منطقه 4,MUNICIPAL_AREA,2025-02-19,1403-12,288,اسفند - 1403,28000000,28122422.73,25333333.33,31000001.24,3000000000,766,DIRECT,listing,metraj_all,3
5cbecc74-f488-1d40-057b-02c7eaa4f13b,242398:4,4,منطقه 4,MUNICIPAL_AREA,2025-03-21,1404-01,289,فروردین - 1404,28571428.57,28719777.94,25539682.54,32166954.35,3049999872,635,DIRECT,listing,metraj_all,3
5cbecc74-f488-1d40-057b-02c7eaa4f13b,242398:4,4,منطقه 4,MUNICIPAL_AREA,2025-04-21,1404-02,290,اردیبهشت - 1404,30000000,30046931.57,24285714.29,35791289.01,3200000000,1435,DIRECT,listing,metraj_all,3
5cbecc74-f488-1d40-057b-02c7eaa4f13b,242398:4,4,منطقه 4,MUNICIPAL_AREA,2025-05-22,1404-03,291,خرداد - 1404,30450724.64,30470515.03,23529411.76,37862343.97,3194000064,2394,DIRECT,listing,metraj_all,3
5cbecc74-f488-1d40-057b-02c7eaa4f13b,242398:4,4,منطقه 4,MUNICIPAL_AREA,2025-06-22,1404-04,292,تیر - 1404,30666666.67,30677931.43,23364485.98,38253741.98,3132500000,3720,DIRECT,listing,metraj_all,3
5cbecc74-f488-1d40-057b-02c7eaa4f13b,242398:4,4,منطقه 4,MUNICIPAL_AREA,2025-07-23,1404-05,293,مرداد - 1404,30810810.81,30819500.58,23791666.67,38181818.18,3100000000,4753,DIRECT,listing,metraj_all,3
5cbecc74-f488-1d40-057b-02c7eaa4f13b,242398:4,4,منطقه 4,MUNICIPAL_AREA,2025-08-23,1404-06,294,شهریور - 1404,31176470.59,31184147.04,24190259.52,38330291.97,3200000000,5354,DIRECT,listing,metraj_all,3
5cbecc74-f488-1d40-057b-02c7eaa4f13b,242398:4,4,منطقه 4,MUNICIPAL_AREA,2025-09-23,1404-07,295,مهر - 1404,31250000,31260866.8,24456521.74,38500000,3200000000,3901,DIRECT,listing,metraj_all,3
5cbecc74-f488-1d40-057b-02c7eaa4f13b,242398:4,4,منطقه 4,MUNICIPAL_AREA,2025-10-23,1404-08,296,آبان - 1404,31683168.32,31706044.8,24615384.62,39090909.09,3276000000,1785,DIRECT,listing,metraj_all,3
5cbecc74-f488-1d40-057b-02c7eaa4f13b,242398:4,4,منطقه 4,MUNICIPAL_AREA,2025-11-22,1404-09,297,آذر - 1404,29375000,38659973.95,29375000,29375000,2350000000,1,MODELED,listing,metraj_all,3
5cbecc74-f488-1d40-057b-02c7eaa4f13b,242398:4,4,منطقه 4,MUNICIPAL_AREA,2025-12-22,1404-10,298,دی - 1404,29375000,40682735.55,29375000,29375000,2350000000,1,MODELED,listing,metraj_all,3
5cbecc74-f488-1d40-057b-02c7eaa4f13b,242398:4,4,منطقه 4,MUNICIPAL_AREA,2026-06-22,1405-04,304,تیر - 1405,80714285.71,78103762.4,80714285.71,80714285.71,5650000000,1,MODELED,listing,metraj_all,3
5cbecc74-f488-1d40-057b-02c7eaa4f13b,242398:4,4,منطقه 4,MUNICIPAL_AREA,2026-07-23,1405-05,305,مرداد - 1405,74120029.46,79054404.89,70822901.33,77417157.58,6100000000,2,MODELED,listing,metraj_all,3
25d9ee8b-3ad5-677a-26da-cf50eb2210e0,242398:5,5,منطقه 5,MUNICIPAL_AREA,2023-04-21,1402-02,266,اردیبهشت - 1402,16408253.21,16739519.3,14163461.54,18853629.98,1200000000,324,DIRECT,listing,metraj_all,3
25d9ee8b-3ad5-677a-26da-cf50eb2210e0,242398:5,5,منطقه 5,MUNICIPAL_AREA,2023-05-22,1402-03,267,خرداد - 1402,16408253.21,16727866.95,14163461.54,18853629.98,1200000000,324,DIRECT,listing,metraj_all,3
25d9ee8b-3ad5-677a-26da-cf50eb2210e0,242398:5,5,منطقه 5,MUNICIPAL_AREA,2023-06-22,1402-04,268,تیر - 1402,16408253.21,16727866.96,14163461.54,18853629.98,1200000000,324,DIRECT,listing,metraj_all,3
25d9ee8b-3ad5-677a-26da-cf50eb2210e0,242398:5,5,منطقه 5,MUNICIPAL_AREA,2024-12-21,1403-10,286,دی - 1403,10714285.71,34142552.47,10714285.71,10714285.71,1500000000,1,MODELED,listing,metraj_all,3
25d9ee8b-3ad5-677a-26da-cf50eb2210e0,242398:5,5,منطقه 5,MUNICIPAL_AREA,2025-01-20,1403-11,287,بهمن - 1403,10714285.71,30869969.53,8857142.86,17142857.14,1500000000,3,MODELED,listing,metraj_all,3
25d9ee8b-3ad5-677a-26da-cf50eb2210e0,242398:5,5,منطقه 5,MUNICIPAL_AREA,2025-02-19,1403-12,288,اسفند - 1403,11063025.21,29946581.42,9785714.28,14451680.68,1450000000,4,MODELED,listing,metraj_all,3
25d9ee8b-3ad5-677a-26da-cf50eb2210e0,242398:5,5,منطقه 5,MUNICIPAL_AREA,2025-03-21,1404-01,289,فروردین - 1404,19210526.32,31041424.4,13164086.69,22678571.43,1625000000,6,MODELED,listing,metraj_all,3
25d9ee8b-3ad5-677a-26da-cf50eb2210e0,242398:5,5,منطقه 5,MUNICIPAL_AREA,2025-04-21,1404-02,290,اردیبهشت - 1404,23157894.74,23495952.23,20000000,27058823.53,1760000000,393,DIRECT,listing,metraj_all,3
25d9ee8b-3ad5-677a-26da-cf50eb2210e0,242398:5,5,منطقه 5,MUNICIPAL_AREA,2025-05-22,1404-03,291,خرداد - 1404,22698412.7,22875356.44,19285714.29,26704545.45,1730000000,697,DIRECT,listing,metraj_all,3
25d9ee8b-3ad5-677a-26da-cf50eb2210e0,242398:5,5,منطقه 5,MUNICIPAL_AREA,2025-06-22,1404-04,292,تیر - 1404,22824433.66,22927550,19615384.62,26694139.19,1700000000,1158,DIRECT,listing,metraj_all,3
25d9ee8b-3ad5-677a-26da-cf50eb2210e0,242398:5,5,منطقه 5,MUNICIPAL_AREA,2025-07-23,1404-05,293,مرداد - 1404,22352941.18,22446737.21,18750000,26250000,1620000000,1333,DIRECT,listing,metraj_all,3
25d9ee8b-3ad5-677a-26da-cf50eb2210e0,242398:5,5,منطقه 5,MUNICIPAL_AREA,2025-08-23,1404-06,294,شهریور - 1404,22388059.7,22466755.18,18714768.34,26250000,1620000000,1630,DIRECT,listing,metraj_all,3
25d9ee8b-3ad5-677a-26da-cf50eb2210e0,242398:5,5,منطقه 5,MUNICIPAL_AREA,2025-09-23,1404-07,295,مهر - 1404,22000000,22114893.65,18333333.33,26129032.26,1650000000,1165,DIRECT,listing,metraj_all,3
25d9ee8b-3ad5-677a-26da-cf50eb2210e0,242398:5,5,منطقه 5,MUNICIPAL_AREA,2025-10-23,1404-08,296,آبان - 1404,22131147.54,22354688.44,18333333.33,26461538.46,1650000000,601,DIRECT,listing,metraj_all,3
c27d3b6b-c5d6-a507-8ee5-fafaf6c983ad,242398:6,6,منطقه 6,MUNICIPAL_AREA,2023-04-21,1402-02,266,اردیبهشت - 1402,22428571.43,22891320.91,15727100.05,54920634.93,2500000000,99,DIRECT,listing,metraj_all,3
c27d3b6b-c5d6-a507-8ee5-fafaf6c983ad,242398:6,6,منطقه 6,MUNICIPAL_AREA,2023-05-22,1402-03,267,خرداد - 1402,22428571.43,22855615.52,15727100.05,54920634.93,2500000000,99,DIRECT,listing,metraj_all,3
c27d3b6b-c5d6-a507-8ee5-fafaf6c983ad,242398:6,6,منطقه 6,MUNICIPAL_AREA,2023-06-22,1402-04,268,تیر - 1402,22428571.43,22855615.56,15727100.05,54920634.93,2500000000,99,DIRECT,listing,metraj_all,3
c27d3b6b-c5d6-a507-8ee5-fafaf6c983ad,242398:6,6,منطقه 6,MUNICIPAL_AREA,2024-12-21,1403-10,286,دی - 1403,26666666.67,33680032.73,23181818.18,49285715.2,3100000000,4,MODELED,listing,metraj_all,3
c27d3b6b-c5d6-a507-8ee5-fafaf6c983ad,242398:6,6,منطقه 6,MUNICIPAL_AREA,2025-01-20,1403-11,287,بهمن - 1403,28571428.57,32199796.44,23333333.33,36470588.24,3500000000,13,MODELED,listing,metraj_all,3
c27d3b6b-c5d6-a507-8ee5-fafaf6c983ad,242398:6,6,منطقه 6,MUNICIPAL_AREA,2025-02-19,1403-12,288,اسفند - 1403,29285713.43,32219388.6,22878787.88,36867647.06,3600000000,18,MODELED,listing,metraj_all,3
c27d3b6b-c5d6-a507-8ee5-fafaf6c983ad,242398:6,6,منطقه 6,MUNICIPAL_AREA,2025-03-21,1404-01,289,فروردین - 1404,28991596.64,32258870.43,21049514.21,35186274.94,3450000000,18,MODELED,listing,metraj_all,3
c27d3b6b-c5d6-a507-8ee5-fafaf6c983ad,242398:6,6,منطقه 6,MUNICIPAL_AREA,2025-04-21,1404-02,290,اردیبهشت - 1404,26267857.15,26763788.97,12288329.52,38404977.38,2600000000,202,DIRECT,listing,metraj_all,3
c27d3b6b-c5d6-a507-8ee5-fafaf6c983ad,242398:6,6,منطقه 6,MUNICIPAL_AREA,2025-05-22,1404-03,291,خرداد - 1404,25000000,25237956.53,12000000,38397435.9,2550000000,419,DIRECT,listing,metraj_all,3
c27d3b6b-c5d6-a507-8ee5-fafaf6c983ad,242398:6,6,منطقه 6,MUNICIPAL_AREA,2025-06-22,1404-04,292,تیر - 1404,24444444.44,24581421.81,12000000,38271493.22,2500000000,751,DIRECT,listing,metraj_all,3
c27d3b6b-c5d6-a507-8ee5-fafaf6c983ad,242398:6,6,منطقه 6,MUNICIPAL_AREA,2025-07-23,1404-05,293,مرداد - 1404,24000000,24109278.93,12598684.21,38657272.73,2600000000,992,DIRECT,listing,metraj_all,3
c27d3b6b-c5d6-a507-8ee5-fafaf6c983ad,242398:6,6,منطقه 6,MUNICIPAL_AREA,2025-08-23,1404-06,294,شهریور - 1404,23842592.6,23937547.21,12303685.9,37972222.22,2600000000,1196,DIRECT,listing,metraj_all,3
c27d3b6b-c5d6-a507-8ee5-fafaf6c983ad,242398:6,6,منطقه 6,MUNICIPAL_AREA,2025-09-23,1404-07,295,مهر - 1404,24000000,24132183.95,12337622.55,37972222.22,2700000000,860,DIRECT,listing,metraj_all,3
c27d3b6b-c5d6-a507-8ee5-fafaf6c983ad,242398:6,6,منطقه 6,MUNICIPAL_AREA,2025-10-23,1404-08,296,آبان - 1404,23282828.28,23569678.47,11386363.63,36666666.67,2550000000,426,DIRECT,listing,metraj_all,3
a0c60635-9bf9-a8a0-13dd-2dee183bb708,242398:7,7,منطقه 7,MUNICIPAL_AREA,2021-10-23,1400-08,248,آبان - 1400,8958333.33,13760986.1,8958333.33,8958333.33,430000000,1,MODELED,listing,metraj_all,3
a0c60635-9bf9-a8a0-13dd-2dee183bb708,242398:7,7,منطقه 7,MUNICIPAL_AREA,2021-11-22,1400-09,249,آذر - 1400,8958333.33,13777332.99,8958333.33,8958333.33,430000000,1,MODELED,listing,metraj_all,3
a0c60635-9bf9-a8a0-13dd-2dee183bb708,242398:7,7,منطقه 7,MUNICIPAL_AREA,2021-12-22,1400-10,250,دی - 1400,8958333.33,13303999.46,8958333.33,8958333.33,430000000,1,MODELED,listing,metraj_all,3
a0c60635-9bf9-a8a0-13dd-2dee183bb708,242398:7,7,منطقه 7,MUNICIPAL_AREA,2023-04-21,1402-02,266,اردیبهشت - 1402,19911504.42,20078414.71,17560224.09,22531005.42,1790000000,443,DIRECT,listing,metraj_all,3
a0c60635-9bf9-a8a0-13dd-2dee183bb708,242398:7,7,منطقه 7,MUNICIPAL_AREA,2023-05-22,1402-03,267,خرداد - 1402,19911504.42,20069823.35,17560224.09,22531005.42,1790000000,443,DIRECT,listing,metraj_all,3
a0c60635-9bf9-a8a0-13dd-2dee183bb708,242398:7,7,منطقه 7,MUNICIPAL_AREA,2023-06-22,1402-04,268,تیر - 1402,19911504.42,20069823.36,17560224.09,22531005.42,1790000000,443,DIRECT,listing,metraj_all,3
a0c60635-9bf9-a8a0-13dd-2dee183bb708,242398:7,7,منطقه 7,MUNICIPAL_AREA,2024-02-20,1402-12,276,اسفند - 1402,26500000,47872626.35,26500000,26500000,2703000000,1,MODELED,listing,metraj_all,3
a0c60635-9bf9-a8a0-13dd-2dee183bb708,242398:7,7,منطقه 7,MUNICIPAL_AREA,2024-03-20,1403-01,277,فروردین - 1403,26500000,46794774.67,26500000,26500000,2703000000,1,MODELED,listing,metraj_all,3
a0c60635-9bf9-a8a0-13dd-2dee183bb708,242398:7,7,منطقه 7,MUNICIPAL_AREA,2024-04-20,1403-02,278,اردیبهشت - 1403,26500000,44648310.02,26500000,26500000,2703000000,1,MODELED,listing,metraj_all,3
a0c60635-9bf9-a8a0-13dd-2dee183bb708,242398:7,7,منطقه 7,MUNICIPAL_AREA,2024-12-21,1403-10,286,دی - 1403,26315789.47,26883922.97,23666666.67,29285714.29,2350000128,169,DIRECT,listing,metraj_all,3
a0c60635-9bf9-a8a0-13dd-2dee183bb708,242398:7,7,منطقه 7,MUNICIPAL_AREA,2025-01-20,1403-11,287,بهمن - 1403,26555556.98,26795954.14,23333333.33,29350649.35,2369999872,421,DIRECT,listing,metraj_all,3
a0c60635-9bf9-a8a0-13dd-2dee183bb708,242398:7,7,منطقه 7,MUNICIPAL_AREA,2025-02-19,1403-12,288,اسفند - 1403,26363636.36,26545900.97,23000000,29310344.83,2390000128,601,DIRECT,listing,metraj_all,3
a0c60635-9bf9-a8a0-13dd-2dee183bb708,242398:7,7,منطقه 7,MUNICIPAL_AREA,2025-03-21,1404-01,289,فروردین - 1404,26651514.57,26867462.85,23000000,29569875.78,2400000000,522,DIRECT,listing,metraj_all,3
a0c60635-9bf9-a8a0-13dd-2dee183bb708,242398:7,7,منطقه 7,MUNICIPAL_AREA,2025-04-21,1404-02,290,اردیبهشت - 1404,26623376.62,26814680.48,22368421.05,30526315.79,2400000000,521,DIRECT,listing,metraj_all,3
a0c60635-9bf9-a8a0-13dd-2dee183bb708,242398:7,7,منطقه 7,MUNICIPAL_AREA,2025-05-22,1404-03,291,خرداد - 1404,27272727.27,27387903,21212121.21,32182539.68,2450000000,679,DIRECT,listing,metraj_all,3
a0c60635-9bf9-a8a0-13dd-2dee183bb708,242398:7,7,منطقه 7,MUNICIPAL_AREA,2025-06-22,1404-04,292,تیر - 1404,27542372.88,27614908.02,20000000,33008928.57,2475000000,1000,DIRECT,listing,metraj_all,3
a0c60635-9bf9-a8a0-13dd-2dee183bb708,242398:7,7,منطقه 7,MUNICIPAL_AREA,2025-07-23,1404-05,293,مرداد - 1404,28000000,28057388.51,20000000,33333333.33,2500000000,1201,DIRECT,listing,metraj_all,3
a0c60635-9bf9-a8a0-13dd-2dee183bb708,242398:7,7,منطقه 7,MUNICIPAL_AREA,2025-08-23,1404-06,294,شهریور - 1404,28382978.72,28436761.91,20495169.09,33783783.78,2500000000,1275,DIRECT,listing,metraj_all,3
a0c60635-9bf9-a8a0-13dd-2dee183bb708,242398:7,7,منطقه 7,MUNICIPAL_AREA,2025-09-23,1404-07,295,مهر - 1404,28486111.11,28566361.6,20673423.43,34005154.64,2500000000,864,DIRECT,listing,metraj_all,3
a0c60635-9bf9-a8a0-13dd-2dee183bb708,242398:7,7,منطقه 7,MUNICIPAL_AREA,2025-10-23,1404-08,296,آبان - 1404,28425684.49,28600182.4,20872890.3,34535183.41,2550000000,412,DIRECT,listing,metraj_all,3
284ed248-cb36-29e7-8ed9-4bbde71734f8,242398:8,8,منطقه 8,MUNICIPAL_AREA,2021-08-23,1400-06,246,شهریور - 1400,9410439.56,11390624.85,8956043.96,10238917.53,900000000,4,MODELED,listing,metraj_all,3
284ed248-cb36-29e7-8ed9-4bbde71734f8,242398:8,8,منطقه 8,MUNICIPAL_AREA,2021-09-23,1400-07,247,مهر - 1400,9410439.56,12779717.56,8956043.96,10238917.53,900000000,4,MODELED,listing,metraj_all,3
284ed248-cb36-29e7-8ed9-4bbde71734f8,242398:8,8,منطقه 8,MUNICIPAL_AREA,2021-10-23,1400-08,248,آبان - 1400,10488274.61,13615755.25,9804576.87,11171972.36,990000000,2,MODELED,listing,metraj_all,3
284ed248-cb36-29e7-8ed9-4bbde71734f8,242398:8,8,منطقه 8,MUNICIPAL_AREA,2021-11-22,1400-09,249,آذر - 1400,11363636.36,13995996.91,11363636.36,11363636.36,2500000000,1,MODELED,listing,metraj_all,3
284ed248-cb36-29e7-8ed9-4bbde71734f8,242398:8,8,منطقه 8,MUNICIPAL_AREA,2021-12-22,1400-10,250,دی - 1400,11363636.36,13522663.37,11363636.36,11363636.36,2500000000,1,MODELED,listing,metraj_all,3
284ed248-cb36-29e7-8ed9-4bbde71734f8,242398:8,8,منطقه 8,MUNICIPAL_AREA,2022-01-21,1400-11,251,بهمن - 1400,11363636.36,14597925,11363636.36,11363636.36,2500000000,1,MODELED,listing,metraj_all,3
284ed248-cb36-29e7-8ed9-4bbde71734f8,242398:8,8,منطقه 8,MUNICIPAL_AREA,2023-04-21,1402-02,266,اردیبهشت - 1402,22547154.47,22659606.21,18821948.13,25000000,2000000000,428,DIRECT,listing,metraj_all,3
284ed248-cb36-29e7-8ed9-4bbde71734f8,242398:8,8,منطقه 8,MUNICIPAL_AREA,2023-05-22,1402-03,267,خرداد - 1402,22547154.47,22650720.62,18821948.13,25000000,2000000000,428,DIRECT,listing,metraj_all,3
284ed248-cb36-29e7-8ed9-4bbde71734f8,242398:8,8,منطقه 8,MUNICIPAL_AREA,2023-06-22,1402-04,268,تیر - 1402,22547154.47,22650720.63,18821948.13,25000000,2000000000,428,DIRECT,listing,metraj_all,3
284ed248-cb36-29e7-8ed9-4bbde71734f8,242398:8,8,منطقه 8,MUNICIPAL_AREA,2024-12-21,1403-10,286,دی - 1403,31000000,31772588.61,27333333.33,36896552.61,3200000000,61,DIRECT,listing,metraj_all,3
284ed248-cb36-29e7-8ed9-4bbde71734f8,242398:8,8,منطقه 8,MUNICIPAL_AREA,2025-01-20,1403-11,287,بهمن - 1403,30649350.65,30932939.97,26913919.11,35444104.49,3100000000,211,DIRECT,listing,metraj_all,3
284ed248-cb36-29e7-8ed9-4bbde71734f8,242398:8,8,منطقه 8,MUNICIPAL_AREA,2025-02-19,1403-12,288,اسفند - 1403,30720533.73,30931076.28,26980768.59,36529182.82,3175000064,312,DIRECT,listing,metraj_all,3
284ed248-cb36-29e7-8ed9-4bbde71734f8,242398:8,8,منطقه 8,MUNICIPAL_AREA,2025-03-21,1404-01,289,فروردین - 1404,31176469.08,31392057.13,27096774.19,37500001.28,3380000000,313,DIRECT,listing,metraj_all,3
284ed248-cb36-29e7-8ed9-4bbde71734f8,242398:8,8,منطقه 8,MUNICIPAL_AREA,2025-04-21,1404-02,290,اردیبهشت - 1404,33057172.2,33105167.55,28089887.64,39961538.46,3400000000,766,DIRECT,listing,metraj_all,3
284ed248-cb36-29e7-8ed9-4bbde71734f8,242398:8,8,منطقه 8,MUNICIPAL_AREA,2025-05-22,1404-03,291,خرداد - 1404,32786299.77,32802555.04,27837301.59,39810937.5,3160000000,1480,DIRECT,listing,metraj_all,3
284ed248-cb36-29e7-8ed9-4bbde71734f8,242398:8,8,منطقه 8,MUNICIPAL_AREA,2025-06-22,1404-04,292,تیر - 1404,33000000,33007704.83,27797058.83,39983870.97,3295000000,2415,DIRECT,listing,metraj_all,3
284ed248-cb36-29e7-8ed9-4bbde71734f8,242398:8,8,منطقه 8,MUNICIPAL_AREA,2025-07-23,1404-05,293,مرداد - 1404,33000000,33006267.27,27710843.37,39705882.35,3280000000,3101,DIRECT,listing,metraj_all,3
284ed248-cb36-29e7-8ed9-4bbde71734f8,242398:8,8,منطقه 8,MUNICIPAL_AREA,2025-08-23,1404-06,294,شهریور - 1404,33333333.33,33339013.47,28000000,39920665.36,3350000000,3442,DIRECT,listing,metraj_all,3
284ed248-cb36-29e7-8ed9-4bbde71734f8,242398:8,8,منطقه 8,MUNICIPAL_AREA,2025-09-23,1404-07,295,مهر - 1404,33185840.71,33195267.04,28000000,39655172.41,3320000000,2445,DIRECT,listing,metraj_all,3
284ed248-cb36-29e7-8ed9-4bbde71734f8,242398:8,8,منطقه 8,MUNICIPAL_AREA,2025-10-23,1404-08,296,آبان - 1404,33333333.33,33354398.19,28138528.14,40000000,3400000000,1156,DIRECT,listing,metraj_all,3
284ed248-cb36-29e7-8ed9-4bbde71734f8,242398:8,8,منطقه 8,MUNICIPAL_AREA,2026-05-22,1405-03,303,خرداد - 1405,47619047.62,75077952.61,47619047.62,47619047.62,5000000000,1,MODELED,listing,metraj_all,3
284ed248-cb36-29e7-8ed9-4bbde71734f8,242398:8,8,منطقه 8,MUNICIPAL_AREA,2026-06-22,1405-04,304,تیر - 1405,47619047.62,75095104.39,47619047.62,47619047.62,5000000000,1,MODELED,listing,metraj_all,3
284ed248-cb36-29e7-8ed9-4bbde71734f8,242398:8,8,منطقه 8,MUNICIPAL_AREA,2026-07-23,1405-05,305,مرداد - 1405,47619047.62,77093804.31,47619047.62,47619047.62,5000000000,1,MODELED,listing,metraj_all,3
