district_number,area_name_fa,price_1401_toman,price_1402_toman,price_1403_toman,price_1404_toman,price_1405_toman,change_1402_vs_1401_pct,change_1403_vs_1402_pct,change_1404_vs_1403_pct,change_1405_vs_1404_pct,cumulative_1401_to_1405_pct,endpoint_1400_06_to_1405_05_pct,endpoint_minus_cumulative_pp,median_sample_size,modeled_months_total,confidence,notes
1,منطقه 1,69803921.57,96337209.3,180189873.42000002,206499999.745,291379310.345,38.011170623690795,87.04078593233655,14.601334595354531,41.10378242363906,317.4254164972698,648.6363636583375,331.2109471610677,17278.5,0,CALCULATED from OBSERVED Kilid listing prices (nominal toman),
2,منطقه 2,47683535.285,75000000.0,123544375.35,135683350.35000002,187767379.68,57.286995504280604,64.72583379999999,9.825599073701596,38.38645581469458,293.7782267143828,593.8633484789115,300.08512176452865,19980.0,0,CALCULATED from OBSERVED Kilid listing prices (nominal toman),
3,منطقه 3,64714260.44,91346749.225,138278388.28,159806150.82999998,235734668.82,41.15397225267279,51.37745946426702,15.568421658494014,47.512888331045474,264.2700499352257,556.5656565666667,292.295606631441,12057.5,0,CALCULATED from OBSERVED Kilid listing prices (nominal toman),
4,منطقه 4,33166666.665,75445205.47999999,100000000.0,105370543.31,148687782.805,127.47298135816445,32.54652746158841,5.370543309999998,41.109439255296174,348.3048728014224,707.6923077544379,359.38743495301554,18733.0,0,CALCULATED from OBSERVED Kilid listing prices (nominal toman),
5,منطقه 5,39087121.21,69932795.695,94852941.17500001,104889704.28,149766791.04500002,78.91518620488344,35.63441906238813,10.581393661249304,42.78502553997288,283.16147725579714,613.531914893617,330.37043763781986,35361.0,0,CALCULATED from OBSERVED Kilid listing prices (nominal toman),
6,منطقه 6,46091611.480000004,70321100.91499999,115500000.0,119279967.285,190567765.565,52.568110892615685,64.24657534814422,3.2726989480519553,59.76510549308707,313.4543346302632,625.8064515379813,312.3521169077181,6706.0,0,CALCULATED from OBSERVED Kilid listing prices (nominal toman),
7,منطقه 7,26428571.43,54607046.075,84574402.94,89951701.475,117726805.60499999,106.62125540775023,54.87818700876321,6.358068574028053,30.877797389657434,345.45277794078635,698.2795697416316,352.8267918008452,8183.0,0,CALCULATED from OBSERVED Kilid listing prices (nominal toman),
8,منطقه 8,29793233.08,58906250.0,79915966.38499999,88432432.85,112591836.735,97.71687698957177,35.66636203289124,10.65677717512845,27.31961917860999,277.9107706527566,595.6632652468624,317.75249459410577,7168.5,0,CALCULATED from OBSERVED Kilid listing prices (nominal toman),
9,منطقه 9,23100961.54,45793699.19,64202586.205,72475962.34,94321344.87,98.23287056994079,40.19960680315593,12.886359606422971,30.14155566161194,308.30051470662727,641.0714285399235,332.7709138332963,5504.0,0,CALCULATED from OBSERVED Kilid listing prices (nominal toman),
10,منطقه 10,23113953.490000002,41863636.364999995,57650375.94,64322845.415,83636363.63499999,81.11845895645604,37.70990994991175,11.574025955952848,30.02590773992113,261.84360962387655,590.8339132154513,328.99030359157473,17224.5,0,CALCULATED from OBSERVED Kilid listing prices (nominal toman),
11,منطقه 11,24331643.915,39065906.425,59166666.665,64585650.72,78859308.67,60.555968028599175,51.45345924224258,9.158846290398849,22.100354786051458,224.10185249088218,485.9848484888889,261.88299599800666,7127.5,0,CALCULATED from OBSERVED Kilid listing prices (nominal toman),
12,منطقه 12,22111111.11,35500000.0,52589285.715,55555555.56,73934162.99000001,60.55276382716346,48.13883300000001,5.640445206035438,33.08149337135349,234.37561152936567,523.52941175,289.15380022063437,2572.5,0,CALCULATED from OBSERVED Kilid listing prices (nominal toman),
13,منطقه 13,27284482.759999998,39574987.555,70211267.60499999,78416897.965,106212121.21000001,45.04576796675914,77.41323988396131,11.687056280145637,35.4454511289211,289.27665275630835,605.921052512687,316.6443997563786,4286.5,0,CALCULATED from OBSERVED Kilid listing prices (nominal toman),
14,منطقه 14,23185963.2,40991071.43,60208333.335,69848484.85,90372480.62,76.79261834591371,46.88157990165518,16.011324315127705,29.383594811076286,289.77238012695545,658.3333332827777,368.5609531558223,5519.5,0,CALCULATED from OBSERVED Kilid listing prices (nominal toman),
15,منطقه 15,18161787.965,35178049.425,48051459.535,55430556.08,67895299.145,93.69265566139428,36.595008308934965,15.356654337679743,22.487133354769682,273.8359861696579,597.4664681131756,323.6304819435177,6616.5,0,CALCULATED from OBSERVED Kilid listing prices (nominal toman),
16,منطقه 16,19840291.75,35921052.629999995,52833333.335,60155122.655,70238095.235,81.05103031057996,47.08180709291205,13.858276315020234,16.761619185497434,254.01745155788848,570.7779350623471,316.7604835044586,2451.0,0,CALCULATED from OBSERVED Kilid listing prices (nominal toman),
17,منطقه 17,18011363.64,32571428.57,48230769.230000004,52215836.769999996,66147540.985,80.83821536790647,48.07692308105602,8.262500481790447,26.68099388384082,267.2544861517215,575.8142338293882,308.5597476776667,4053.0,0,CALCULATED from OBSERVED Kilid listing prices (nominal toman),
18,منطقه 18,17250000.0,41643442.625,50000000.0,52000000.0,64549961.865,141.41126159420293,20.066922541085177,4.0000000000000036,24.134542048076923,274.20267747826085,595.527727912772,321.3250504345111,4754.5,0,CALCULATED from OBSERVED Kilid listing prices (nominal toman),
19,منطقه 19,19045988.259999998,30192307.689999998,50881701.635000005,60726030.555,72917068.465,58.52318754920833,68.52538122434592,19.347483680122004,20.075473069095963,282.84738743716946,630.7692305647338,347.92184312756433,1840.0,0,CALCULATED from OBSERVED Kilid listing prices (nominal toman),
20,منطقه 20,17500000.0,31981302.69,51192959.585,58959863.695,72827868.85,82.75030108571428,60.0715270457296,15.171820838183713,23.521094327387402,316.1592505714285,687.5000001496251,371.34074957819655,2185.5,8,CALCULATED from OBSERVED Kilid listing prices (nominal toman),8_modeled_months_in_series
21,منطقه 21,25358312.86,32750000.0,52301587.3,64253600.105000004,74556197.47999999,29.14897052027301,59.69950320610686,22.852103391133618,16.034272567084184,194.01087482284493,357.80013941331595,163.78926459047102,2554.5,0,CALCULATED from OBSERVED Kilid listing prices (nominal toman),
22,منطقه 22,33184523.81,46323496.765,67739007.57499999,75565475.05,100004420.87,39.5936763481314,46.23034163124879,11.553856123939553,32.34141756381377,201.3586135590837,435.48308880737875,234.12447524829506,11313.0,0,CALCULATED from OBSERVED Kilid listing prices (nominal toman),
