district_number,area_name_fa,year_window,window_start,window_end,months_present,price_psm_median_toman,price_psm_p25_toman,price_psm_p75_toman,price_total_median_toman,sample_size_median,sample_size_min,trust_direct_months,trust_modeled_months,confidence,notes
1,منطقه 1,1401 (1400-06..1401-05),1400-06,1401-05,12,69803921.57,49780215.58,98336905.875,7735000000.0,1058.0,769,12,0,"OBSERVED (Kilid listing series), CALCULATED (window median)",
1,منطقه 1,1402 (1401-06..1402-05),1401-06,1402-05,12,96337209.3,53500000.0,128710693.88499999,13000000000.0,23269.0,3603,12,0,"OBSERVED (Kilid listing series), CALCULATED (window median)",
1,منطقه 1,1403 (1402-06..1403-05),1402-06,1403-05,12,180189873.42000002,146457776.095,233737417.73000002,29000000000.0,23388.0,14616,12,0,"OBSERVED (Kilid listing series), CALCULATED (window median)",
1,منطقه 1,1404 (1403-06..1404-05),1403-06,1404-05,12,206499999.745,166176472.845,260303034.925,32999999488.0,17293.0,11697,12,0,"OBSERVED (Kilid listing series), CALCULATED (window median)",
1,منطقه 1,1405 (1404-06..1405-05),1404-06,1405-05,12,291379310.345,233731060.60500002,359649122.81,49900000000.0,21680.5,14173,12,0,"OBSERVED (Kilid listing series), CALCULATED (window median)",
2,منطقه 2,1401 (1400-06..1401-05),1400-06,1401-05,12,47683535.285,35682386.285,65609721.16,4500000000.0,1762.0,1065,12,0,"OBSERVED (Kilid listing series), CALCULATED (window median)",
2,منطقه 2,1402 (1401-06..1402-05),1401-06,1402-05,12,75000000.0,56538461.54,95634004.89,7650000000.0,12589.0,2525,12,0,"OBSERVED (Kilid listing series), CALCULATED (window median)",
2,منطقه 2,1403 (1402-06..1403-05),1402-06,1403-05,12,123544375.35,98605769.22999999,156360317.45999998,12250000000.0,22461.0,14333,12,0,"OBSERVED (Kilid listing series), CALCULATED (window median)",
2,منطقه 2,1404 (1403-06..1404-05),1403-06,1404-05,12,135683350.35000002,107123624.28999999,172383007.885,13099999744.0,22137.0,15757,12,0,"OBSERVED (Kilid listing series), CALCULATED (window median)",
2,منطقه 2,1405 (1404-06..1405-05),1404-06,1405-05,12,187767379.68,142533333.33499998,245714285.715,19300000000.0,33222.0,19055,12,0,"OBSERVED (Kilid listing series), CALCULATED (window median)",
3,منطقه 3,1401 (1400-06..1401-05),1400-06,1401-05,12,64714260.44,51605552.754999995,80441176.47,6765000000.0,648.0,514,12,0,"OBSERVED (Kilid listing series), CALCULATED (window median)",
3,منطقه 3,1402 (1401-06..1402-05),1401-06,1402-05,12,91346749.225,75337837.84,115178571.43,11950000000.0,7809.5,1443,12,0,"OBSERVED (Kilid listing series), CALCULATED (window median)",
3,منطقه 3,1403 (1402-06..1403-05),1402-06,1403-05,12,138278388.28,119390109.89,166856280.975,17062500000.0,14508.0,9677,12,0,"OBSERVED (Kilid listing series), CALCULATED (window median)",
3,منطقه 3,1404 (1403-06..1404-05),1403-06,1404-05,12,159806150.82999998,133287075.7,194606675.695,19699999744.0,12357.5,11042,12,0,"OBSERVED (Kilid listing series), CALCULATED (window median)",
3,منطقه 3,1405 (1404-06..1405-05),1404-06,1405-05,12,235734668.82,191785714.285,291304347.825,31250000000.0,18361.0,12101,12,0,"OBSERVED (Kilid listing series), CALCULATED (window median)",
4,منطقه 4,1401 (1400-06..1401-05),1400-06,1401-05,12,33166666.665,26486641.325000003,44575850.019999996,2500000000.0,3373.5,2314,12,0,"OBSERVED (Kilid listing series), CALCULATED (window median)",
4,منطقه 4,1402 (1401-06..1402-05),1401-06,1402-05,12,75445205.47999999,52327708.04,93672219.5,8250000000.0,8880.0,1382,12,0,"OBSERVED (Kilid listing series), CALCULATED (window median)",
4,منطقه 4,1403 (1402-06..1403-05),1402-06,1403-05,12,100000000.0,74486301.37,127333333.33500001,9110000000.0,18173.5,14883,12,0,"OBSERVED (Kilid listing series), CALCULATED (window median)",
4,منطقه 4,1404 (1403-06..1404-05),1403-06,1404-05,12,105370543.31,78861716.0,131964288.0,9249999872.0,22036.5,16983,12,0,"OBSERVED (Kilid listing series), CALCULATED (window median)",
4,منطقه 4,1405 (1404-06..1405-05),1404-06,1405-05,12,148687782.805,108555555.555,200822368.42000002,14500000000.0,31231.0,19066,12,0,"OBSERVED (Kilid listing series), CALCULATED (window median)",
5,منطقه 5,1401 (1400-06..1401-05),1400-06,1401-05,12,39087121.21,28285714.285,48438178.78,2975000000.0,2566.0,1952,12,0,"OBSERVED (Kilid listing series), CALCULATED (window median)",
5,منطقه 5,1402 (1401-06..1402-05),1401-06,1402-05,12,69932795.695,61165768.614999995,79520676.69,6100000000.0,16336.0,2381,12,0,"OBSERVED (Kilid listing series), CALCULATED (window median)",
5,منطقه 5,1403 (1402-06..1403-05),1402-06,1403-05,12,94852941.17500001,83202027.74000001,107864010.99000001,7700000000.0,37088.0,26818,12,0,"OBSERVED (Kilid listing series), CALCULATED (window median)",
5,منطقه 5,1404 (1403-06..1404-05),1403-06,1404-05,12,104889704.28,87091091.46000001,121130956.19,8275000064.0,37656.5,29935,12,0,"OBSERVED (Kilid listing series), CALCULATED (window median)",
5,منطقه 5,1405 (1404-06..1405-05),1404-06,1405-05,12,149766791.04500002,117456117.875,180110569.95999998,12475000000.0,73437.5,44210,12,0,"OBSERVED (Kilid listing series), CALCULATED (window median)",
6,منطقه 6,1401 (1400-06..1401-05),1400-06,1401-05,12,46091611.480000004,35594383.81,63068181.82,4637500000.0,811.5,585,12,0,"OBSERVED (Kilid listing series), CALCULATED (window median)",
6,منطقه 6,1402 (1401-06..1402-05),1401-06,1402-05,12,70321100.91499999,51985009.81,92449799.195,7900000000.0,2832.0,527,12,0,"OBSERVED (Kilid listing series), CALCULATED (window median)",
6,منطقه 6,1403 (1402-06..1403-05),1402-06,1403-05,12,115500000.0,93299931.57499999,138628274.615,12500000000.0,6969.0,5268,12,0,"OBSERVED (Kilid listing series), CALCULATED (window median)",
6,منطقه 6,1404 (1403-06..1404-05),1403-06,1404-05,12,119279967.285,89961451.025,150208673.39,12499999744.0,7156.0,5618,12,0,"OBSERVED (Kilid listing series), CALCULATED (window median)",
6,منطقه 6,1405 (1404-06..1405-05),1404-06,1405-05,12,190567765.565,147690071.005,240842261.90499997,21775000000.0,10826.0,6672,12,0,"OBSERVED (Kilid listing series), CALCULATED (window median)",
7,منطقه 7,1401 (1400-06..1401-05),1400-06,1401-05,12,26428571.43,21822344.325000003,37222797.885000005,1812000000.0,1482.0,1040,12,0,"OBSERVED (Kilid listing series), CALCULATED (window median)",
7,منطقه 7,1402 (1401-06..1402-05),1401-06,1402-05,12,54607046.075,44260838.66500001,71127844.715,4500000000.0,3268.0,454,12,0,"OBSERVED (Kilid listing series), CALCULATED (window median)",
7,منطقه 7,1403 (1402-06..1403-05),1402-06,1403-05,12,84574402.94,65834097.724999994,110263157.89500001,6800000000.0,8436.5,6690,12,0,"OBSERVED (Kilid listing series), CALCULATED (window median)",
7,منطقه 7,1404 (1403-06..1404-05),1403-06,1404-05,12,89951701.475,71150096.28,122075388.02000001,7402499968.0,9118.5,6665,12,0,"OBSERVED (Kilid listing series), CALCULATED (window median)",
7,منطقه 7,1405 (1404-06..1405-05),1404-06,1405-05,12,117726805.60499999,91597326.65,166087601.235,9675000000.0,14332.5,8189,12,0,"OBSERVED (Kilid listing series), CALCULATED (window median)",
8,منطقه 8,1401 (1400-06..1401-05),1400-06,1401-05,12,29793233.08,25000000.0,37088039.870000005,1900000000.0,1373.0,868,12,0,"OBSERVED (Kilid listing series), CALCULATED (window median)",
8,منطقه 8,1402 (1401-06..1402-05),1401-06,1402-05,12,58906250.0,48345940.394999996,70700303.41,4375000000.0,2579.5,500,12,0,"OBSERVED (Kilid listing series), CALCULATED (window median)",
8,منطقه 8,1403 (1402-06..1403-05),1402-06,1403-05,12,79915966.38499999,67708333.33500001,97490823.295,5250000000.0,7120.5,5591,12,0,"OBSERVED (Kilid listing series), CALCULATED (window median)",
8,منطقه 8,1404 (1403-06..1404-05),1403-06,1404-05,12,88432432.85,72138301.37,109009708.84,5925000000.0,9600.0,7533,12,0,"OBSERVED (Kilid listing series), CALCULATED (window median)",
8,منطقه 8,1405 (1404-06..1405-05),1404-06,1405-05,12,112591836.735,91634382.57,139809738.135,7495000000.0,17885.5,9670,12,0,"OBSERVED (Kilid listing series), CALCULATED (window median)",
9,منطقه 9,1401 (1400-06..1401-05),1400-06,1401-05,12,23100961.54,20000000.0,28011880.740000002,1535000000.0,521.5,433,12,0,"OBSERVED (Kilid listing series), CALCULATED (window median)",
9,منطقه 9,1402 (1401-06..1402-05),1401-06,1402-05,12,45793699.19,39847370.114999995,51545782.65,3250000000.0,2354.0,300,12,0,"OBSERVED (Kilid listing series), CALCULATED (window median)",
9,منطقه 9,1403 (1402-06..1403-05),1402-06,1403-05,12,64202586.205,55480480.485,74107142.85499999,4165000000.0,5504.0,4617,12,0,"OBSERVED (Kilid listing series), CALCULATED (window median)",
9,منطقه 9,1404 (1403-06..1404-05),1403-06,1404-05,12,72475962.34,62371086.69,84359460.63,4949999872.0,6415.0,4507,12,0,"OBSERVED (Kilid listing series), CALCULATED (window median)",
9,منطقه 9,1405 (1404-06..1405-05),1404-06,1405-05,12,94321344.87,76580166.82,112647058.825,6650000000.0,10849.0,5831,12,0,"OBSERVED (Kilid listing series), CALCULATED (window median)",
10,منطقه 10,1401 (1400-06..1401-05),1400-06,1401-05,12,23113953.490000002,19282682.515,28085038.145,1335000000.0,1504.5,1219,12,0,"OBSERVED (Kilid listing series), CALCULATED (window median)",
10,منطقه 10,1402 (1401-06..1402-05),1401-06,1402-05,12,41863636.364999995,35518131.870000005,50225756.785,3050000000.0,9814.0,1409,12,0,"OBSERVED (Kilid listing series), CALCULATED (window median)",
10,منطقه 10,1403 (1402-06..1403-05),1402-06,1403-05,12,57650375.94,50454545.455,65814176.245000005,3190000000.0,16348.0,13983,12,0,"OBSERVED (Kilid listing series), CALCULATED (window median)",
10,منطقه 10,1404 (1403-06..1404-05),1403-06,1404-05,12,64322845.415,55760869.565,73928571.12,3550000000.0,21901.0,18963,12,0,"OBSERVED (Kilid listing series), CALCULATED (window median)",
10,منطقه 10,1405 (1404-06..1405-05),1404-06,1405-05,12,83636363.63499999,70764406.36000001,100266798.42,4850000000.0,42383.5,25592,12,0,"OBSERVED (Kilid listing series), CALCULATED (window median)",
11,منطقه 11,1401 (1400-06..1401-05),1400-06,1401-05,12,24331643.915,19447352.98,31876699.985,1522000000.0,1421.0,1220,12,0,"OBSERVED (Kilid listing series), CALCULATED (window median)",
11,منطقه 11,1402 (1401-06..1402-05),1401-06,1402-05,12,39065906.425,30081316.68,49514517.345,2575000000.0,3833.0,463,12,0,"OBSERVED (Kilid listing series), CALCULATED (window median)",
11,منطقه 11,1403 (1402-06..1403-05),1402-06,1403-05,12,59166666.665,48670960.19,73285714.28999999,3650000000.0,7139.0,5527,12,0,"OBSERVED (Kilid listing series), CALCULATED (window median)",
11,منطقه 11,1404 (1403-06..1404-05),1403-06,1404-05,12,64585650.72,52615896.9,83712119.66499999,4150000000.0,8084.0,6308,12,0,"OBSERVED (Kilid listing series), CALCULATED (window median)",
11,منطقه 11,1405 (1404-06..1405-05),1404-06,1405-05,12,78859308.67,64087301.585,102000000.0,5232500000.0,11695.5,7031,12,0,"OBSERVED (Kilid listing series), CALCULATED (window median)",
12,منطقه 12,1401 (1400-06..1401-05),1400-06,1401-05,12,22111111.11,16000000.0,34936023.365,1605000000.0,1202.5,966,12,0,"OBSERVED (Kilid listing series), CALCULATED (window median)",
12,منطقه 12,1402 (1401-06..1402-05),1401-06,1402-05,12,35500000.0,26467331.12,50862068.965,2522500000.0,1417.5,133,12,0,"OBSERVED (Kilid listing series), CALCULATED (window median)",
12,منطقه 12,1403 (1402-06..1403-05),1402-06,1403-05,12,52589285.715,40476754.385000005,75000000.0,3575000000.0,2837.0,2302,12,0,"OBSERVED (Kilid listing series), CALCULATED (window median)",
12,منطقه 12,1404 (1403-06..1404-05),1403-06,1404-05,12,55555555.56,44444445.295,77945869.61,3874999936.0,2666.0,1599,12,0,"OBSERVED (Kilid listing series), CALCULATED (window median)",
12,منطقه 12,1405 (1404-06..1405-05),1404-06,1405-05,12,73934162.99000001,54877819.55,113722529.28,5750000000.0,4297.0,2853,12,0,"OBSERVED (Kilid listing series), CALCULATED (window median)",
13,منطقه 13,1401 (1400-06..1401-05),1400-06,1401-05,12,27284482.759999998,22820754.715,33673684.21,1797500000.0,1151.0,920,12,0,"OBSERVED (Kilid listing series), CALCULATED (window median)",
13,منطقه 13,1402 (1401-06..1402-05),1401-06,1402-05,12,39574987.555,32047235.02,51305725.525,3362000000.0,2934.0,387,12,0,"OBSERVED (Kilid listing series), CALCULATED (window median)",
13,منطقه 13,1403 (1402-06..1403-05),1402-06,1403-05,12,70211267.60499999,59687500.0,85000000.0,4893500000.0,4211.5,3057,12,0,"OBSERVED (Kilid listing series), CALCULATED (window median)",
13,منطقه 13,1404 (1403-06..1404-05),1403-06,1404-05,12,78416897.965,64199175.595,95147057.32,5400000000.0,5203.0,4124,12,0,"OBSERVED (Kilid listing series), CALCULATED (window median)",
13,منطقه 13,1405 (1404-06..1405-05),1404-06,1405-05,12,106212121.21000001,85166666.66499999,132722739.9,7500000000.0,7819.0,4800,12,0,"OBSERVED (Kilid listing series), CALCULATED (window median)",
14,منطقه 14,1401 (1400-06..1401-05),1400-06,1401-05,12,23185963.2,19582776.1,27930402.93,1440000000.0,1502.0,1137,12,0,"OBSERVED (Kilid listing series), CALCULATED (window median)",
14,منطقه 14,1402 (1401-06..1402-05),1401-06,1402-05,12,40991071.43,33537735.55,51240796.599999994,2550000000.0,2118.5,234,12,0,"OBSERVED (Kilid listing series), CALCULATED (window median)",
14,منطقه 14,1403 (1402-06..1403-05),1402-06,1403-05,12,60208333.335,50000000.0,72990681.59,3649500000.0,5519.5,4334,12,0,"OBSERVED (Kilid listing series), CALCULATED (window median)",
14,منطقه 14,1404 (1403-06..1404-05),1403-06,1404-05,12,69848484.85,58023065.105000004,84381364.53999999,4300000256.0,7093.0,4364,12,0,"OBSERVED (Kilid listing series), CALCULATED (window median)",
14,منطقه 14,1405 (1404-06..1405-05),1404-06,1405-05,12,90372480.62,73492909.68,113771393.82499999,5702000000.0,10823.0,6234,12,0,"OBSERVED (Kilid listing series), CALCULATED (window median)",
15,منطقه 15,1401 (1400-06..1401-05),1400-06,1401-05,12,18161787.965,15504807.690000001,23953599.27,1210000000.0,1679.0,1414,12,0,"OBSERVED (Kilid listing series), CALCULATED (window median)",
15,منطقه 15,1402 (1401-06..1402-05),1401-06,1402-05,12,35178049.425,29199507.39,43153846.155,2450000000.0,2885.0,317,12,0,"OBSERVED (Kilid listing series), CALCULATED (window median)",
15,منطقه 15,1403 (1402-06..1403-05),1402-06,1403-05,12,48051459.535,41411067.195,58744131.455,3205000000.0,6310.0,5153,12,0,"OBSERVED (Kilid listing series), CALCULATED (window median)",
15,منطقه 15,1404 (1403-06..1404-05),1403-06,1404-05,12,55430556.08,45652020.614999995,70094045.21000001,3800000000.0,9076.0,6258,12,0,"OBSERVED (Kilid listing series), CALCULATED (window median)",
15,منطقه 15,1405 (1404-06..1405-05),1404-06,1405-05,12,67895299.145,54381720.43,87647058.825,4670000000.0,11587.5,6783,12,0,"OBSERVED (Kilid listing series), CALCULATED (window median)",
16,منطقه 16,1401 (1400-06..1401-05),1400-06,1401-05,12,19840291.75,16109142.309999999,25000000.0,1250000000.0,825.5,602,12,0,"OBSERVED (Kilid listing series), CALCULATED (window median)",
16,منطقه 16,1402 (1401-06..1402-05),1401-06,1402-05,12,35921052.629999995,29772236.270000003,44448308.275,2437500000.0,885.0,80,12,0,"OBSERVED (Kilid listing series), CALCULATED (window median)",
16,منطقه 16,1403 (1402-06..1403-05),1402-06,1403-05,12,52833333.335,45026014.79,63092294.47,3550000000.0,2378.0,2070,12,0,"OBSERVED (Kilid listing series), CALCULATED (window median)",
16,منطقه 16,1404 (1403-06..1404-05),1403-06,1404-05,12,60155122.655,49576271.185,84169657.435,4285000128.0,3771.5,2550,12,0,"OBSERVED (Kilid listing series), CALCULATED (window median)",
16,منطقه 16,1405 (1404-06..1405-05),1404-06,1405-05,12,70238095.235,58529282.67,85021801.275,4848750000.0,4129.0,2204,12,0,"OBSERVED (Kilid listing series), CALCULATED (window median)",
17,منطقه 17,1401 (1400-06..1401-05),1400-06,1401-05,12,18011363.64,16035006.83,22727272.73,1200000000.0,745.5,566,12,0,"OBSERVED (Kilid listing series), CALCULATED (window median)",
17,منطقه 17,1402 (1401-06..1402-05),1401-06,1402-05,12,32571428.57,28505434.785,37330263.16,2067500000.0,1445.5,96,12,0,"OBSERVED (Kilid listing series), CALCULATED (window median)",
17,منطقه 17,1403 (1402-06..1403-05),1402-06,1403-05,12,48230769.230000004,42209257.575,55000000.0,2840000000.0,3962.5,3399,12,0,"OBSERVED (Kilid listing series), CALCULATED (window median)",
17,منطقه 17,1404 (1403-06..1404-05),1403-06,1404-05,12,52215836.769999996,46469969.41500001,59031955.72,3197500032.0,5459.0,3923,12,0,"OBSERVED (Kilid listing series), CALCULATED (window median)",
17,منطقه 17,1405 (1404-06..1405-05),1404-06,1405-05,12,66147540.985,57706552.705,76614082.88,4000000000.0,7941.0,4113,12,0,"OBSERVED (Kilid listing series), CALCULATED (window median)",
18,منطقه 18,1401 (1400-06..1401-05),1400-06,1401-05,12,17250000.0,14482936.51,21675071.555,1145000000.0,1194.0,904,12,0,"OBSERVED (Kilid listing series), CALCULATED (window median)",
18,منطقه 18,1402 (1401-06..1402-05),1401-06,1402-05,12,41643442.625,29794121.875,55319736.84,4000000000.0,4031.0,689,12,0,"OBSERVED (Kilid listing series), CALCULATED (window median)",
18,منطقه 18,1403 (1402-06..1403-05),1402-06,1403-05,12,50000000.0,41223910.019999996,68164255.995,3790000000.0,5950.5,4122,12,0,"OBSERVED (Kilid listing series), CALCULATED (window median)",
18,منطقه 18,1404 (1403-06..1404-05),1403-06,1404-05,12,52000000.0,44803122.32,60000001.065,3400000000.0,5059.5,3273,12,0,"OBSERVED (Kilid listing series), CALCULATED (window median)",
18,منطقه 18,1405 (1404-06..1405-05),1404-06,1405-05,12,64549961.865,53776106.935,78059701.495,4275000000.0,6925.0,4003,12,0,"OBSERVED (Kilid listing series), CALCULATED (window median)",
19,منطقه 19,1401 (1400-06..1401-05),1400-06,1401-05,12,19045988.259999998,14444421.925,26222165.995,1250000000.0,581.0,439,12,0,"OBSERVED (Kilid listing series), CALCULATED (window median)",
19,منطقه 19,1402 (1401-06..1402-05),1401-06,1402-05,12,30192307.689999998,19857142.855,39597906.730000004,2020000000.0,868.5,40,12,0,"OBSERVED (Kilid listing series), CALCULATED (window median)",
19,منطقه 19,1403 (1402-06..1403-05),1402-06,1403-05,12,50881701.635000005,40000000.0,61269230.769999996,3297250000.0,1924.5,1596,12,0,"OBSERVED (Kilid listing series), CALCULATED (window median)",
19,منطقه 19,1404 (1403-06..1404-05),1403-06,1404-05,12,60726030.555,46407489.765,73478741.75,4225000000.0,2440.0,1546,12,0,"OBSERVED (Kilid listing series), CALCULATED (window median)",
19,منطقه 19,1405 (1404-06..1405-05),1404-06,1405-05,12,72917068.465,52141173.39,95708128.08,4950000000.0,3257.5,1677,12,0,"OBSERVED (Kilid listing series), CALCULATED (window median)",
20,منطقه 20,1401 (1400-06..1401-05),1400-06,1401-05,12,17500000.0,12849206.35,23000000.0,1200000000.0,1108.5,823,12,0,"OBSERVED (Kilid listing series), CALCULATED (window median)",
20,منطقه 20,1402 (1401-06..1402-05),1401-06,1402-05,12,31981302.69,24720818.42,39917242.705,2437500000.0,1901.5,219,12,0,"OBSERVED (Kilid listing series), CALCULATED (window median)",
20,منطقه 20,1403 (1402-06..1403-05),1402-06,1403-05,12,51192959.585,41927083.335,60727969.35,3800000000.0,4014.5,3370,12,0,"OBSERVED (Kilid listing series), CALCULATED (window median)",
20,منطقه 20,1404 (1403-06..1404-05),1403-06,1404-05,12,58959863.695,46415387.47,70123068.96000001,4124999936.0,5378.5,3952,12,0,"OBSERVED (Kilid listing series), CALCULATED (window median)",
20,منطقه 20,1405 (1404-06..1405-05),1404-06,1405-05,12,72827868.85,56593420.945,120528769.84,7300000000.0,17.5,1,4,8,"OBSERVED (Kilid listing series), CALCULATED (window median) | contains MODELED months",8_modeled_months_in_window; thin_month_sample:1
21,منطقه 21,1401 (1400-06..1401-05),1400-06,1401-05,12,25358312.86,17991573.035,31436637.619999997,2113750000.0,733.5,530,12,0,"OBSERVED (Kilid listing series), CALCULATED (window median)",
21,منطقه 21,1402 (1401-06..1402-05),1401-06,1402-05,12,32750000.0,23984691.09,41743622.45,3077500000.0,1060.0,87,12,0,"OBSERVED (Kilid listing series), CALCULATED (window median)",
21,منطقه 21,1403 (1402-06..1403-05),1402-06,1403-05,12,52301587.3,30557377.05,67199108.82,4375000000.0,2531.0,2241,12,0,"OBSERVED (Kilid listing series), CALCULATED (window median)",
21,منطقه 21,1404 (1403-06..1404-05),1403-06,1404-05,12,64253600.105000004,40531804.46,79397333.095,4847499936.0,4858.5,2547,12,0,"OBSERVED (Kilid listing series), CALCULATED (window median)",
21,منطقه 21,1405 (1404-06..1405-05),1404-06,1405-05,12,74556197.47999999,44521962.235,103632911.39,5150000000.0,8493.5,4765,12,0,"OBSERVED (Kilid listing series), CALCULATED (window median)",
22,منطقه 22,1401 (1400-06..1401-05),1400-06,1401-05,12,33184523.81,27012578.62,41494490.36,3575500000.0,760.5,630,12,0,"OBSERVED (Kilid listing series), CALCULATED (window median)",
22,منطقه 22,1402 (1401-06..1402-05),1401-06,1402-05,12,46323496.765,27975151.255000003,59000000.0,5100000000.0,4840.5,947,12,0,"OBSERVED (Kilid listing series), CALCULATED (window median)",
22,منطقه 22,1403 (1402-06..1403-05),1402-06,1403-05,12,67739007.57499999,39395161.29,84996167.605,6650000000.0,10949.5,7392,12,0,"OBSERVED (Kilid listing series), CALCULATED (window median)",
22,منطقه 22,1404 (1403-06..1404-05),1403-06,1404-05,12,75565475.05,52000000.0,92610850.86500001,7850000000.0,14324.5,10931,12,0,"OBSERVED (Kilid listing series), CALCULATED (window median)",
22,منطقه 22,1405 (1404-06..1405-05),1404-06,1405-05,12,100004420.87,75000000.0,127406015.03999999,11550000000.0,22183.0,12903,12,0,"OBSERVED (Kilid listing series), CALCULATED (window median)",
